# Blender 4.0.2
# www.blender.org
mtllib tunnel.mtl
o Plane
v -7.500000 7.500000 0.000000
v -7.500000 -7.500000 0.000000
v 7.500000 7.500000 0.000000
v 7.500000 -7.500000 0.000000
v -7.500000 7.500000 -0.750000
v -7.500000 -7.500000 -0.750000
v 7.500000 7.500000 -0.750000
v 7.500000 -7.500000 -0.750000
v 0.000000 7.500000 0.000000
v -7.500000 0.000000 0.000000
v 0.000000 -7.500000 0.000000
v 7.500000 0.000000 0.000000
v 0.000000 0.000000 0.000000
v -3.750000 7.500000 0.000000
v -7.500000 -3.750000 0.000000
v 3.750000 -7.500000 0.000000
v 7.500000 3.750000 0.000000
v 3.750000 7.500000 0.000000
v -7.500000 3.750000 0.000000
v -3.750000 -7.500000 0.000000
v 7.500000 -3.750000 0.000000
v 0.000000 -3.750000 0.000000
v 0.000000 3.750000 0.000000
v -3.750000 0.000000 0.000000
v 3.750000 0.000000 0.000000
v 3.750000 3.750000 0.000000
v -3.750000 3.750000 0.000000
v -3.750000 -3.750000 0.000000
v 3.750000 -3.750000 0.000000
v -5.625000 7.500000 0.000000
v -7.500000 -5.625000 0.000000
v 5.625000 -7.500000 0.000000
v 7.500000 5.625000 0.000000
v 1.875000 7.500000 0.000000
v -7.500000 1.875000 0.000000
v -1.875000 -7.500000 0.000000
v 7.500000 -1.875000 0.000000
v 0.000000 -5.625000 0.000000
v 0.000000 1.875000 0.000000
v -5.625000 0.000000 0.000000
v 1.875000 0.000000 0.000000
v -1.875000 7.500000 0.000000
v -7.500000 -1.875000 0.000000
v 1.875000 -7.500000 0.000000
v 7.500000 1.875000 0.000000
v 5.625000 7.500000 0.000000
v -7.500000 5.625000 0.000000
v -5.625000 -7.500000 0.000000
v 7.500000 -5.625000 0.000000
v 0.000000 -1.875000 0.000000
v 0.000000 5.625000 0.000000
v -1.875000 0.000000 0.000000
v 5.625000 0.000000 0.000000
v 3.750000 1.875000 0.000000
v 3.750000 5.625000 0.000000
v 1.875000 3.750000 0.000000
v 5.625000 3.750000 0.000000
v -3.750000 1.875000 0.000000
v -3.750000 5.625000 0.000000
v -5.625000 3.750000 0.000000
v -1.875000 3.750000 0.000000
v -3.750000 -5.625000 0.000000
v -3.750000 -1.875000 0.000000
v -5.625000 -3.750000 0.000000
v -1.875000 -3.750000 0.000000
v 3.750000 -5.625000 0.000000
v 3.750000 -1.875000 0.000000
v 1.875000 -3.750000 0.000000
v 5.625000 -3.750000 0.000000
v 5.625000 -1.875000 0.000000
v 1.875000 -1.875000 0.000000
v 1.875000 -5.625000 0.000000
v -1.875000 -1.875000 0.000000
v -5.625000 -1.875000 0.000000
v -5.625000 -5.625000 0.000000
v -1.875000 5.625000 0.000000
v -5.625000 5.625000 0.000000
v -5.625000 1.875000 0.000000
v 5.625000 5.625000 0.000000
v 1.875000 5.625000 0.000000
v 1.875000 1.875000 0.000000
v 5.625000 1.875000 0.000000
v -1.875000 1.875000 0.000000
v -1.875000 -5.625000 0.000000
v 5.625000 -5.625000 0.000000
v -6.562500 7.500000 0.000000
v -7.500000 -6.562500 0.000000
v 6.562500 -7.500000 0.000000
v 7.500000 6.562500 0.000000
v 0.937500 7.500000 0.000000
v -7.500000 0.937500 0.000000
v -0.937500 -7.500000 0.000000
v 7.500000 -0.937500 0.000000
v 0.000000 -6.562500 0.000000
v 0.000000 0.937500 0.000000
v -6.562500 0.000000 0.000000
v 0.937500 0.000000 0.000000
v -2.812500 7.500000 0.000000
v -7.500000 -2.812500 0.000000
v 2.812500 -7.500000 0.000000
v 7.500000 2.812500 0.000000
v 4.687500 7.500000 0.000000
v -7.500000 4.687500 0.000000
v -4.687500 -7.500000 0.000000
v 7.500000 -4.687500 0.000000
v 0.000000 -2.812500 0.000000
v 0.000000 4.687500 0.000000
v -2.812500 0.000000 0.000000
v 4.687500 0.000000 0.000000
v 3.750000 0.937500 0.000000
v 3.750000 4.687500 0.000000
v 0.937500 3.750000 0.000000
v 4.687500 3.750000 0.000000
v -3.750000 0.937500 0.000000
v -3.750000 4.687500 0.000000
v -6.562500 3.750000 0.000000
v -2.812500 3.750000 0.000000
v -3.750000 -6.562500 0.000000
v -3.750000 -2.812500 0.000000
v -6.562500 -3.750000 0.000000
v -2.812500 -3.750000 0.000000
v 3.750000 -6.562500 0.000000
v 3.750000 -2.812500 0.000000
v 0.937500 -3.750000 0.000000
v 4.687500 -3.750000 0.000000
v -4.687500 7.500000 0.000000
v -7.500000 -4.687500 0.000000
v 4.687500 -7.500000 0.000000
v 7.500000 4.687500 0.000000
v 2.812500 7.500000 0.000000
v -7.500000 2.812500 0.000000
v -2.812500 -7.500000 0.000000
v 7.500000 -2.812500 0.000000
v 0.000000 -4.687500 0.000000
v 0.000000 2.812500 0.000000
v -4.687500 0.000000 0.000000
v 2.812500 0.000000 0.000000
v -0.937500 7.500000 0.000000
v -7.500000 -0.937500 0.000000
v 0.937500 -7.500000 0.000000
v 7.500000 0.937500 0.000000
v 6.562500 7.500000 0.000000
v -7.500000 6.562500 0.000000
v -6.562500 -7.500000 0.000000
v 7.500000 -6.562500 0.000000
v 0.000000 -0.937500 0.000000
v 0.000000 6.562500 0.000000
v -0.937500 0.000000 0.000000
v 6.562500 0.000000 0.000000
v 3.750000 2.812500 0.000000
v 3.750000 6.562500 0.000000
v 2.812500 3.750000 0.000000
v 6.562500 3.750000 0.000000
v -3.750000 2.812500 0.000000
v -3.750000 6.562500 0.000000
v -4.687500 3.750000 0.000000
v -0.937500 3.750000 0.000000
v -3.750000 -4.687500 0.000000
v -3.750000 -0.937500 0.000000
v -4.687500 -3.750000 0.000000
v -0.937500 -3.750000 0.000000
v 3.750000 -4.687500 0.000000
v 3.750000 -0.937500 0.000000
v 2.812500 -3.750000 0.000000
v 6.562500 -3.750000 0.000000
v 5.625000 -2.812500 0.000000
v 5.625000 -0.937500 0.000000
v 4.687500 -1.875000 0.000000
v 6.562500 -1.875000 0.000000
v 1.875000 -2.812500 0.000000
v 1.875000 -0.937500 0.000000
v 0.937500 -1.875000 0.000000
v 2.812500 -1.875000 0.000000
v 1.875000 -6.562500 0.000000
v 1.875000 -4.687500 0.000000
v 0.937500 -5.625000 0.000000
v 2.812500 -5.625000 0.000000
v -1.875000 -2.812500 0.000000
v -1.875000 -0.937500 0.000000
v -2.812500 -1.875000 0.000000
v -0.937500 -1.875000 0.000000
v -5.625000 -2.812500 0.000000
v -5.625000 -0.937500 0.000000
v -6.562500 -1.875000 0.000000
v -4.687500 -1.875000 0.000000
v -5.625000 -6.562500 0.000000
v -5.625000 -4.687500 0.000000
v -6.562500 -5.625000 0.000000
v -4.687500 -5.625000 0.000000
v -1.875000 4.687500 0.000000
v -1.875000 6.562500 0.000000
v -2.812500 5.625000 0.000000
v -0.937500 5.625000 0.000000
v -5.625000 4.687500 0.000000
v -5.625000 6.562500 0.000000
v -6.562500 5.625000 0.000000
v -4.687500 5.625000 0.000000
v -5.625000 0.937500 0.000000
v -5.625000 2.812500 0.000000
v -6.562500 1.875000 0.000000
v -4.687500 1.875000 0.000000
v 5.625000 4.687500 0.000000
v 5.625000 6.562500 0.000000
v 4.687500 5.625000 0.000000
v 6.562500 5.625000 0.000000
v 1.875000 4.687500 0.000000
v 1.875000 6.562500 0.000000
v 0.937500 5.625000 0.000000
v 2.812500 5.625000 0.000000
v 1.875000 0.937500 0.000000
v 1.875000 2.812500 0.000000
v 0.937500 1.875000 0.000000
v 2.812500 1.875000 0.000000
v 5.625000 0.937500 0.000000
v 5.625000 2.812500 0.000000
v 4.687500 1.875000 0.000000
v 6.562500 1.875000 0.000000
v -1.875000 0.937500 0.000000
v -1.875000 2.812500 0.000000
v -2.812500 1.875000 0.000000
v -0.937500 1.875000 0.000000
v -1.875000 -6.562500 0.000000
v -1.875000 -4.687500 0.000000
v -2.812500 -5.625000 0.000000
v -0.937500 -5.625000 0.000000
v 5.625000 -6.562500 0.000000
v 5.625000 -4.687500 0.000000
v 4.687500 -5.625000 0.000000
v 6.562500 -5.625000 0.000000
v 6.562500 -4.687500 0.000000
v 4.687500 -4.687500 0.000000
v 4.687500 -6.562500 0.000000
v -0.937500 -4.687500 0.000000
v -2.812500 -4.687500 0.000000
v -2.812500 -6.562500 0.000000
v -0.937500 2.812500 0.000000
v -2.812500 2.812500 0.000000
v -2.812500 0.937500 0.000000
v 6.562500 2.812500 0.000000
v 4.687500 2.812500 0.000000
v 4.687500 0.937500 0.000000
v 2.812500 2.812500 0.000000
v 0.937500 2.812500 0.000000
v 0.937500 0.937500 0.000000
v 2.812500 6.562500 0.000000
v 0.937500 6.562500 0.000000
v 0.937500 4.687500 0.000000
v 6.562500 6.562500 0.000000
v 4.687500 6.562500 0.000000
v 4.687500 4.687500 0.000000
v -4.687500 2.812500 0.000000
v -6.562500 2.812500 0.000000
v -6.562500 0.937500 0.000000
v -4.687500 6.562500 0.000000
v -6.562500 6.562500 0.000000
v -6.562500 4.687500 0.000000
v -0.937500 6.562500 0.000000
v -2.812500 6.562500 0.000000
v -2.812500 4.687500 0.000000
v -4.687500 -4.687500 0.000000
v -6.562500 -4.687500 0.000000
v -6.562500 -6.562500 0.000000
v -4.687500 -0.937500 0.000000
v -6.562500 -0.937500 0.000000
v -6.562500 -2.812500 0.000000
v -0.937500 -0.937500 0.000000
v -2.812500 -0.937500 0.000000
v -2.812500 -2.812500 0.000000
v 2.812500 -4.687500 0.000000
v 0.937500 -4.687500 0.000000
v 0.937500 -6.562500 0.000000
v 2.812500 -0.937500 0.000000
v 0.937500 -0.937500 0.000000
v 0.937500 -2.812500 0.000000
v 6.562500 -0.937500 0.000000
v 4.687500 -0.937500 0.000000
v 4.687500 -2.812500 0.000000
v 6.562500 -2.812500 0.000000
v 2.812500 -2.812500 0.000000
v 2.812500 -6.562500 0.000000
v -0.937500 -2.812500 0.000000
v -4.687500 -2.812500 0.000000
v -4.687500 -6.562500 0.000000
v -0.937500 4.687500 0.000000
v -4.687500 4.687500 0.000000
v -4.687500 0.937500 0.000000
v 6.562500 4.687500 0.000000
v 2.812500 4.687500 0.000000
v 2.812500 0.937500 0.000000
v 6.562500 0.937500 0.000000
v -0.937500 0.937500 0.000000
v -0.937500 -6.562500 0.000000
v 6.562500 -6.562500 0.000000
v -7.031250 7.500000 0.000000
v -7.500000 -7.031250 0.000000
v 7.031250 -7.500000 0.000000
v 7.500000 7.031250 0.000000
v 0.468750 7.500000 0.000000
v -7.500000 0.468750 0.000000
v -0.468750 -7.500000 0.000000
v 7.500000 -0.468750 0.000000
v 0.000000 -7.031250 0.000000
v 0.000000 0.468750 0.000000
v -7.031250 0.000000 0.000000
v 0.468750 0.000000 0.000000
v -3.281250 7.500000 0.000000
v -7.500000 -3.281250 0.000000
v 3.281250 -7.500000 0.000000
v 7.500000 3.281250 0.000000
v 4.218750 7.500000 0.000000
v -7.500000 4.218750 0.000000
v -4.218750 -7.500000 0.000000
v 7.500000 -4.218750 0.000000
v 0.000000 -3.281250 0.000000
v 0.000000 4.218750 0.000000
v -3.281250 0.000000 0.000000
v 4.218750 0.000000 0.000000
v 3.750000 0.468750 0.000000
v 3.750000 4.218750 0.000000
v 0.468750 3.750000 0.000000
v 4.218750 3.750000 0.000000
v -3.750000 0.468750 0.000000
v -3.750000 4.218750 0.000000
v -7.031250 3.750000 0.000000
v -3.281250 3.750000 0.000000
v -3.750000 -7.031250 0.000000
v -3.750000 -3.281250 0.000000
v -7.031250 -3.750000 0.000000
v -3.281250 -3.750000 0.000000
v 3.750000 -7.031250 0.000000
v 3.750000 -3.281250 0.000000
v 0.468750 -3.750000 0.000000
v 4.218750 -3.750000 0.000000
v -5.156250 7.500000 0.000000
v -7.500000 -5.156250 0.000000
v 5.156250 -7.500000 0.000000
v 7.500000 5.156250 0.000000
v 2.343750 7.500000 0.000000
v -7.500000 2.343750 0.000000
v -2.343750 -7.500000 0.000000
v 7.500000 -2.343750 0.000000
v 0.000000 -5.156250 0.000000
v 0.000000 2.343750 0.000000
v -5.156250 0.000000 0.000000
v 2.343750 0.000000 0.000000
v -1.406250 7.500000 0.000000
v -7.500000 -1.406250 0.000000
v 1.406250 -7.500000 0.000000
v 7.500000 1.406250 0.000000
v 6.093750 7.500000 0.000000
v -7.500000 6.093750 0.000000
v -6.093750 -7.500000 0.000000
v 7.500000 -6.093750 0.000000
v 0.000000 -1.406250 0.000000
v 0.000000 6.093750 0.000000
v -1.406250 0.000000 0.000000
v 6.093750 0.000000 0.000000
v 3.750000 2.343750 0.000000
v 3.750000 6.093750 0.000000
v 2.343750 3.750000 0.000000
v 6.093750 3.750000 0.000000
v -3.750000 2.343750 0.000000
v -3.750000 6.093750 0.000000
v -5.156250 3.750000 0.000000
v -1.406250 3.750000 0.000000
v -3.750000 -5.156250 0.000000
v -3.750000 -1.406250 0.000000
v -5.156250 -3.750000 0.000000
v -1.406250 -3.750000 0.000000
v 3.750000 -5.156250 0.000000
v 3.750000 -1.406250 0.000000
v 2.343750 -3.750000 0.000000
v 6.093750 -3.750000 0.000000
v 5.625000 -3.281250 0.000000
v 5.625000 -1.406250 0.000000
v 4.218750 -1.875000 0.000000
v 6.093750 -1.875000 0.000000
v 1.875000 -3.281250 0.000000
v 1.875000 -1.406250 0.000000
v 0.468750 -1.875000 0.000000
v 2.343750 -1.875000 0.000000
v 1.875000 -7.031250 0.000000
v 1.875000 -5.156250 0.000000
v 0.468750 -5.625000 0.000000
v 2.343750 -5.625000 0.000000
v -1.875000 -3.281250 0.000000
v -1.875000 -1.406250 0.000000
v -3.281250 -1.875000 0.000000
v -1.406250 -1.875000 0.000000
v -5.625000 -3.281250 0.000000
v -5.625000 -1.406250 0.000000
v -7.031250 -1.875000 0.000000
v -5.156250 -1.875000 0.000000
v -5.625000 -7.031250 0.000000
v -5.625000 -5.156250 0.000000
v -7.031250 -5.625000 0.000000
v -5.156250 -5.625000 0.000000
v -1.875000 4.218750 0.000000
v -1.875000 6.093750 0.000000
v -3.281250 5.625000 0.000000
v -1.406250 5.625000 0.000000
v -5.625000 4.218750 0.000000
v -5.625000 6.093750 0.000000
v -7.031250 5.625000 0.000000
v -5.156250 5.625000 0.000000
v -5.625000 0.468750 0.000000
v -5.625000 2.343750 0.000000
v -7.031250 1.875000 0.000000
v -5.156250 1.875000 0.000000
v 5.625000 4.218750 0.000000
v 5.625000 6.093750 0.000000
v 4.218750 5.625000 0.000000
v 6.093750 5.625000 0.000000
v 1.875000 4.218750 0.000000
v 1.875000 6.093750 0.000000
v 0.468750 5.625000 0.000000
v 2.343750 5.625000 0.000000
v 1.875000 0.468750 0.000000
v 1.875000 2.343750 0.000000
v 0.468750 1.875000 0.000000
v 2.343750 1.875000 0.000000
v 5.625000 0.468750 0.000000
v 5.625000 2.343750 0.000000
v 4.218750 1.875000 0.000000
v 6.093750 1.875000 0.000000
v -1.875000 0.468750 0.000000
v -1.875000 2.343750 0.000000
v -3.281250 1.875000 0.000000
v -1.406250 1.875000 0.000000
v -1.875000 -7.031250 0.000000
v -1.875000 -5.156250 0.000000
v -3.281250 -5.625000 0.000000
v -1.406250 -5.625000 0.000000
v 5.625000 -7.031250 0.000000
v 5.625000 -5.156250 0.000000
v 4.218750 -5.625000 0.000000
v 6.093750 -5.625000 0.000000
v -6.093750 7.500000 0.000000
v -7.500000 -6.093750 0.000000
v 6.093750 -7.500000 0.000000
v 7.500000 6.093750 0.000000
v 1.406250 7.500000 0.000000
v -7.500000 1.406250 0.000000
v -1.406250 -7.500000 0.000000
v 7.500000 -1.406250 0.000000
v 0.000000 -6.093750 0.000000
v 0.000000 1.406250 0.000000
v -6.093750 0.000000 0.000000
v 1.406250 0.000000 0.000000
v -2.343750 7.500000 0.000000
v -7.500000 -2.343750 0.000000
v 2.343750 -7.500000 0.000000
v 7.500000 2.343750 0.000000
v 5.156250 7.500000 0.000000
v -7.500000 5.156250 0.000000
v -5.156250 -7.500000 0.000000
v 7.500000 -5.156250 0.000000
v 0.000000 -2.343750 0.000000
v 0.000000 5.156250 0.000000
v -2.343750 0.000000 0.000000
v 5.156250 0.000000 0.000000
v 3.750000 1.406250 0.000000
v 3.750000 5.156250 0.000000
v 1.406250 3.750000 0.000000
v 5.156250 3.750000 0.000000
v -3.750000 1.406250 0.000000
v -3.750000 5.156250 0.000000
v -6.093750 3.750000 0.000000
v -2.343750 3.750000 0.000000
v -3.750000 -6.093750 0.000000
v -3.750000 -2.343750 0.000000
v -6.093750 -3.750000 0.000000
v -2.343750 -3.750000 0.000000
v 3.750000 -6.093750 0.000000
v 3.750000 -2.343750 0.000000
v 1.406250 -3.750000 0.000000
v 5.156250 -3.750000 0.000000
v -4.218750 7.500000 0.000000
v -7.500000 -4.218750 0.000000
v 4.218750 -7.500000 0.000000
v 7.500000 4.218750 0.000000
v 3.281250 7.500000 0.000000
v -7.500000 3.281250 0.000000
v -3.281250 -7.500000 0.000000
v 7.500000 -3.281250 0.000000
v 0.000000 -4.218750 0.000000
v 0.000000 3.281250 0.000000
v -4.218750 0.000000 0.000000
v 3.281250 0.000000 0.000000
v -0.468750 7.500000 0.000000
v -7.500000 -0.468750 0.000000
v 0.468750 -7.500000 0.000000
v 7.500000 0.468750 0.000000
v 7.031250 7.500000 0.000000
v -7.500000 7.031250 0.000000
v -7.031250 -7.500000 0.000000
v 7.500000 -7.031250 0.000000
v 0.000000 -0.468750 0.000000
v 0.000000 7.031250 0.000000
v -0.468750 0.000000 0.000000
v 7.031250 0.000000 0.000000
v 3.750000 3.281250 0.000000
v 3.750000 7.031250 0.000000
v 3.281250 3.750000 0.000000
v 7.031250 3.750000 0.000000
v -3.750000 3.281250 0.000000
v -3.750000 7.031250 0.000000
v -4.218750 3.750000 0.000000
v -0.468750 3.750000 0.000000
v -3.750000 -4.218750 0.000000
v -3.750000 -0.468750 0.000000
v -4.218750 -3.750000 0.000000
v -0.468750 -3.750000 0.000000
v 3.750000 -4.218750 0.000000
v 3.750000 -0.468750 0.000000
v 3.281250 -3.750000 0.000000
v 7.031250 -3.750000 0.000000
v 5.625000 -2.343750 0.000000
v 5.625000 -0.468750 0.000000
v 5.156250 -1.875000 0.000000
v 7.031250 -1.875000 0.000000
v 1.875000 -2.343750 0.000000
v 1.875000 -0.468750 0.000000
v 1.406250 -1.875000 0.000000
v 3.281250 -1.875000 0.000000
v 1.875000 -6.093750 0.000000
v 1.875000 -4.218750 0.000000
v 1.406250 -5.625000 0.000000
v 3.281250 -5.625000 0.000000
v -1.875000 -2.343750 0.000000
v -1.875000 -0.468750 0.000000
v -2.343750 -1.875000 0.000000
v -0.468750 -1.875000 0.000000
v -5.625000 -2.343750 0.000000
v -5.625000 -0.468750 0.000000
v -6.093750 -1.875000 0.000000
v -4.218750 -1.875000 0.000000
v -5.625000 -6.093750 0.000000
v -5.625000 -4.218750 0.000000
v -6.093750 -5.625000 0.000000
v -4.218750 -5.625000 0.000000
v -1.875000 5.156250 0.000000
v -1.875000 7.031250 0.000000
v -2.343750 5.625000 0.000000
v -0.468750 5.625000 0.000000
v -5.625000 5.156250 0.000000
v -5.625000 7.031250 0.000000
v -6.093750 5.625000 0.000000
v -4.218750 5.625000 0.000000
v -5.625000 1.406250 0.000000
v -5.625000 3.281250 0.000000
v -6.093750 1.875000 0.000000
v -4.218750 1.875000 0.000000
v 5.625000 5.156250 0.000000
v 5.625000 7.031250 0.000000
v 5.156250 5.625000 0.000000
v 7.031250 5.625000 0.000000
v 1.875000 5.156250 0.000000
v 1.875000 7.031250 0.000000
v 1.406250 5.625000 0.000000
v 3.281250 5.625000 0.000000
v 1.875000 1.406250 0.000000
v 1.875000 3.281250 0.000000
v 1.406250 1.875000 0.000000
v 3.281250 1.875000 0.000000
v 5.625000 1.406250 0.000000
v 5.625000 3.281250 0.000000
v 5.156250 1.875000 0.000000
v 7.031250 1.875000 0.000000
v -1.875000 1.406250 0.000000
v -1.875000 3.281250 0.000000
v -2.343750 1.875000 0.000000
v -0.468750 1.875000 0.000000
v -1.875000 -6.093750 0.000000
v -1.875000 -4.218750 0.000000
v -2.343750 -5.625000 0.000000
v -0.468750 -5.625000 0.000000
v 5.625000 -6.093750 0.000000
v 5.625000 -4.218750 0.000000
v 5.156250 -5.625000 0.000000
v 7.031250 -5.625000 0.000000
v 6.562500 -5.156250 0.000000
v 6.562500 -4.218750 0.000000
v 6.093750 -4.687500 0.000000
v 7.031250 -4.687500 0.000000
v 4.687500 -5.156250 0.000000
v 4.687500 -4.218750 0.000000
v 4.218750 -4.687500 0.000000
v 5.156250 -4.687500 0.000000
v 4.687500 -7.031250 0.000000
v 4.687500 -6.093750 0.000000
v 4.218750 -6.562500 0.000000
v 5.156250 -6.562500 0.000000
v -0.937500 -5.156250 0.000000
v -0.937500 -4.218750 0.000000
v -1.406250 -4.687500 0.000000
v -0.468750 -4.687500 0.000000
v -2.812500 -5.156250 0.000000
v -2.812500 -4.218750 0.000000
v -3.281250 -4.687500 0.000000
v -2.343750 -4.687500 0.000000
v -2.812500 -7.031250 0.000000
v -2.812500 -6.093750 0.000000
v -3.281250 -6.562500 0.000000
v -2.343750 -6.562500 0.000000
v -0.937500 2.343750 0.000000
v -0.937500 3.281250 0.000000
v -1.406250 2.812500 0.000000
v -0.468750 2.812500 0.000000
v -2.812500 2.343750 0.000000
v -2.812500 3.281250 0.000000
v -3.281250 2.812500 0.000000
v -2.343750 2.812500 0.000000
v -2.812500 0.468750 0.000000
v -2.812500 1.406250 0.000000
v -3.281250 0.937500 0.000000
v -2.343750 0.937500 0.000000
v 6.562500 2.343750 0.000000
v 6.562500 3.281250 0.000000
v 6.093750 2.812500 0.000000
v 7.031250 2.812500 0.000000
v 4.687500 2.343750 0.000000
v 4.687500 3.281250 0.000000
v 4.218750 2.812500 0.000000
v 5.156250 2.812500 0.000000
v 4.687500 0.468750 0.000000
v 4.687500 1.406250 0.000000
v 4.218750 0.937500 0.000000
v 5.156250 0.937500 0.000000
v 2.812500 2.343750 0.000000
v 2.812500 3.281250 0.000000
v 2.343750 2.812500 0.000000
v 3.281250 2.812500 0.000000
v 0.937500 2.343750 0.000000
v 0.937500 3.281250 0.000000
v 0.468750 2.812500 0.000000
v 1.406250 2.812500 0.000000
v 0.937500 0.468750 0.000000
v 0.937500 1.406250 0.000000
v 0.468750 0.937500 0.000000
v 1.406250 0.937500 0.000000
v 2.812500 6.093750 0.000000
v 2.812500 7.031250 0.000000
v 2.343750 6.562500 0.000000
v 3.281250 6.562500 0.000000
v 0.937500 6.093750 0.000000
v 0.937500 7.031250 0.000000
v 0.468750 6.562500 0.000000
v 1.406250 6.562500 0.000000
v 0.937500 4.218750 0.000000
v 0.937500 5.156250 0.000000
v 0.468750 4.687500 0.000000
v 1.406250 4.687500 0.000000
v 6.562500 6.093750 0.000000
v 6.562500 7.031250 0.000000
v 6.093750 6.562500 0.000000
v 7.031250 6.562500 0.000000
v 4.687500 6.093750 0.000000
v 4.687500 7.031250 0.000000
v 4.218750 6.562500 0.000000
v 5.156250 6.562500 0.000000
v 4.687500 4.218750 0.000000
v 4.687500 5.156250 0.000000
v 4.218750 4.687500 0.000000
v 5.156250 4.687500 0.000000
v -4.687500 2.343750 0.000000
v -4.687500 3.281250 0.000000
v -5.156250 2.812500 0.000000
v -4.218750 2.812500 0.000000
v -6.562500 2.343750 0.000000
v -6.562500 3.281250 0.000000
v -7.031250 2.812500 0.000000
v -6.093750 2.812500 0.000000
v -6.562500 0.468750 0.000000
v -6.562500 1.406250 0.000000
v -7.031250 0.937500 0.000000
v -6.093750 0.937500 0.000000
v -4.687500 6.093750 0.000000
v -4.687500 7.031250 0.000000
v -5.156250 6.562500 0.000000
v -4.218750 6.562500 0.000000
v -6.562500 6.093750 0.000000
v -6.562500 7.031250 0.000000
v -7.031250 6.562500 0.000000
v -6.093750 6.562500 0.000000
v -6.562500 4.218750 0.000000
v -6.562500 5.156250 0.000000
v -7.031250 4.687500 0.000000
v -6.093750 4.687500 0.000000
v -0.937500 6.093750 0.000000
v -0.937500 7.031250 0.000000
v -1.406250 6.562500 0.000000
v -0.468750 6.562500 0.000000
v -2.812500 6.093750 0.000000
v -2.812500 7.031250 0.000000
v -3.281250 6.562500 0.000000
v -2.343750 6.562500 0.000000
v -2.812500 4.218750 0.000000
v -2.812500 5.156250 0.000000
v -3.281250 4.687500 0.000000
v -2.343750 4.687500 0.000000
v -4.687500 -5.156250 0.000000
v -4.687500 -4.218750 0.000000
v -5.156250 -4.687500 0.000000
v -4.218750 -4.687500 0.000000
v -6.562500 -5.156250 0.000000
v -6.562500 -4.218750 0.000000
v -7.031250 -4.687500 0.000000
v -6.093750 -4.687500 0.000000
v -6.562500 -7.031250 0.000000
v -6.562500 -6.093750 0.000000
v -7.031250 -6.562500 0.000000
v -6.093750 -6.562500 0.000000
v -4.687500 -1.406250 0.000000
v -4.687500 -0.468750 0.000000
v -5.156250 -0.937500 0.000000
v -4.218750 -0.937500 0.000000
v -6.562500 -1.406250 0.000000
v -6.562500 -0.468750 0.000000
v -7.031250 -0.937500 0.000000
v -6.093750 -0.937500 0.000000
v -6.562500 -3.281250 0.000000
v -6.562500 -2.343750 0.000000
v -7.031250 -2.812500 0.000000
v -6.093750 -2.812500 0.000000
v -0.937500 -1.406250 0.000000
v -0.937500 -0.468750 0.000000
v -1.406250 -0.937500 0.000000
v -0.468750 -0.937500 0.000000
v -2.812500 -1.406250 0.000000
v -2.812500 -0.468750 0.000000
v -3.281250 -0.937500 0.000000
v -2.343750 -0.937500 0.000000
v -2.812500 -3.281250 0.000000
v -2.812500 -2.343750 0.000000
v -3.281250 -2.812500 0.000000
v -2.343750 -2.812500 0.000000
v 2.812500 -5.156250 0.000000
v 2.812500 -4.218750 0.000000
v 2.343750 -4.687500 0.000000
v 3.281250 -4.687500 0.000000
v 0.937500 -5.156250 0.000000
v 0.937500 -4.218750 0.000000
v 0.468750 -4.687500 0.000000
v 1.406250 -4.687500 0.000000
v 0.937500 -7.031250 0.000000
v 0.937500 -6.093750 0.000000
v 0.468750 -6.562500 0.000000
v 1.406250 -6.562500 0.000000
v 2.812500 -1.406250 0.000000
v 2.812500 -0.468750 0.000000
v 2.343750 -0.937500 0.000000
v 3.281250 -0.937500 0.000000
v 0.937500 -1.406250 0.000000
v 0.937500 -0.468750 0.000000
v 0.468750 -0.937500 0.000000
v 1.406250 -0.937500 0.000000
v 0.937500 -3.281250 0.000000
v 0.937500 -2.343750 0.000000
v 0.468750 -2.812500 0.000000
v 1.406250 -2.812500 0.000000
v 6.562500 -1.406250 0.000000
v 6.562500 -0.468750 0.000000
v 6.093750 -0.937500 0.000000
v 7.031250 -0.937500 0.000000
v 4.687500 -1.406250 0.000000
v 4.687500 -0.468750 0.000000
v 4.218750 -0.937500 0.000000
v 5.156250 -0.937500 0.000000
v 4.687500 -3.281250 0.000000
v 4.687500 -2.343750 0.000000
v 4.218750 -2.812500 0.000000
v 5.156250 -2.812500 0.000000
v 6.562500 -3.281250 0.000000
v 6.562500 -2.343750 0.000000
v 6.093750 -2.812500 0.000000
v 7.031250 -2.812500 0.000000
v 2.812500 -3.281250 0.000000
v 2.812500 -2.343750 0.000000
v 2.343750 -2.812500 0.000000
v 3.281250 -2.812500 0.000000
v 2.812500 -7.031250 0.000000
v 2.812500 -6.093750 0.000000
v 2.343750 -6.562500 0.000000
v 3.281250 -6.562500 0.000000
v -0.937500 -3.281250 0.000000
v -0.937500 -2.343750 0.000000
v -1.406250 -2.812500 0.000000
v -0.468750 -2.812500 0.000000
v -4.687500 -3.281250 0.000000
v -4.687500 -2.343750 0.000000
v -5.156250 -2.812500 0.000000
v -4.218750 -2.812500 0.000000
v -4.687500 -7.031250 0.000000
v -4.687500 -6.093750 0.000000
v -5.156250 -6.562500 0.000000
v -4.218750 -6.562500 0.000000
v -0.937500 4.218750 0.000000
v -0.937500 5.156250 0.000000
v -1.406250 4.687500 0.000000
v -0.468750 4.687500 0.000000
v -4.687500 4.218750 0.000000
v -4.687500 5.156250 0.000000
v -5.156250 4.687500 0.000000
v -4.218750 4.687500 0.000000
v -4.687500 0.468750 0.000000
v -4.687500 1.406250 0.000000
v -5.156250 0.937500 0.000000
v -4.218750 0.937500 0.000000
v 6.562500 4.218750 0.000000
v 6.562500 5.156250 0.000000
v 6.093750 4.687500 0.000000
v 7.031250 4.687500 0.000000
v 2.812500 4.218750 0.000000
v 2.812500 5.156250 0.000000
v 2.343750 4.687500 0.000000
v 3.281250 4.687500 0.000000
v 2.812500 0.468750 0.000000
v 2.812500 1.406250 0.000000
v 2.343750 0.937500 0.000000
v 3.281250 0.937500 0.000000
v 6.562500 0.468750 0.000000
v 6.562500 1.406250 0.000000
v 6.093750 0.937500 0.000000
v 7.031250 0.937500 0.000000
v -0.937500 0.468750 0.000000
v -0.937500 1.406250 0.000000
v -1.406250 0.937500 0.000000
v -0.468750 0.937500 0.000000
v -0.937500 -7.031250 0.000000
v -0.937500 -6.093750 0.000000
v -1.406250 -6.562500 0.000000
v -0.468750 -6.562500 0.000000
v 6.562500 -7.031250 0.000000
v 6.562500 -6.093750 0.000000
v 6.093750 -6.562500 0.000000
v 7.031250 -6.562500 0.000000
v 7.031250 -6.093750 0.000000
v 6.093750 -6.093750 0.000000
v 6.093750 -7.031250 0.000000
v -0.468750 -6.093750 0.000000
v -1.406250 -6.093750 0.000000
v -1.406250 -7.031250 0.000000
v -0.468750 1.406250 0.000000
v -1.406250 1.406250 0.000000
v -1.406250 0.468750 0.000000
v 7.031250 1.406250 0.000000
v 6.093750 1.406250 0.000000
v 6.093750 0.468750 0.000000
v 3.281250 1.406250 0.000000
v 2.343750 1.406250 0.000000
v 2.343750 0.468750 0.000000
v 3.281250 5.156250 0.000000
v 2.343750 5.156250 0.000000
v 2.343750 4.218750 0.000000
v 7.031250 5.156250 0.000000
v 6.093750 5.156250 0.000000
v 6.093750 4.218750 0.000000
v -4.218750 1.406250 0.000000
v -5.156250 1.406250 0.000000
v -5.156250 0.468750 0.000000
v -4.218750 5.156250 0.000000
v -5.156250 5.156250 0.000000
v -5.156250 4.218750 0.000000
v -0.468750 5.156250 0.000000
v -1.406250 5.156250 0.000000
v -1.406250 4.218750 0.000000
v -4.218750 -6.093750 0.000000
v -5.156250 -6.093750 0.000000
v -5.156250 -7.031250 0.000000
v -4.218750 -2.343750 0.000000
v -5.156250 -2.343750 0.000000
v -5.156250 -3.281250 0.000000
v -0.468750 -2.343750 0.000000
v -1.406250 -2.343750 0.000000
v -1.406250 -3.281250 0.000000
v 3.281250 -6.093750 0.000000
v 2.343750 -6.093750 0.000000
v 2.343750 -7.031250 0.000000
v 3.281250 -2.343750 0.000000
v 2.343750 -2.343750 0.000000
v 2.343750 -3.281250 0.000000
v 7.031250 -2.343750 0.000000
v 6.093750 -2.343750 0.000000
v 6.093750 -3.281250 0.000000
v 5.156250 -2.343750 0.000000
v 4.218750 -2.343750 0.000000
v 4.218750 -3.281250 0.000000
v 5.156250 -0.468750 0.000000
v 4.218750 -0.468750 0.000000
v 4.218750 -1.406250 0.000000
v 7.031250 -0.468750 0.000000
v 6.093750 -0.468750 0.000000
v 6.093750 -1.406250 0.000000
v 1.406250 -2.343750 0.000000
v 0.468750 -2.343750 0.000000
v 0.468750 -3.281250 0.000000
v 1.406250 -0.468750 0.000000
v 0.468750 -0.468750 0.000000
v 0.468750 -1.406250 0.000000
v 3.281250 -0.468750 0.000000
v 2.343750 -0.468750 0.000000
v 2.343750 -1.406250 0.000000
v 1.406250 -6.093750 0.000000
v 0.468750 -6.093750 0.000000
v 0.468750 -7.031250 0.000000
v 1.406250 -4.218750 0.000000
v 0.468750 -4.218750 0.000000
v 0.468750 -5.156250 0.000000
v 3.281250 -4.218750 0.000000
v 2.343750 -4.218750 0.000000
v 2.343750 -5.156250 0.000000
v -2.343750 -2.343750 0.000000
v -3.281250 -2.343750 0.000000
v -3.281250 -3.281250 0.000000
v -2.343750 -0.468750 0.000000
v -3.281250 -0.468750 0.000000
v -3.281250 -1.406250 0.000000
v -0.468750 -0.468750 0.000000
v -1.406250 -0.468750 0.000000
v -1.406250 -1.406250 0.000000
v -6.093750 -2.343750 0.000000
v -7.031250 -2.343750 0.000000
v -7.031250 -3.281250 0.000000
v -6.093750 -0.468750 0.000000
v -7.031250 -0.468750 0.000000
v -7.031250 -1.406250 0.000000
v -4.218750 -0.468750 0.000000
v -5.156250 -0.468750 0.000000
v -5.156250 -1.406250 0.000000
v -6.093750 -6.093750 0.000000
v -7.031250 -6.093750 0.000000
v -7.031250 -7.031250 0.000000
v -6.093750 -4.218750 0.000000
v -7.031250 -4.218750 0.000000
v -7.031250 -5.156250 0.000000
v -4.218750 -4.218750 0.000000
v -5.156250 -4.218750 0.000000
v -5.156250 -5.156250 0.000000
v -2.343750 5.156250 0.000000
v -3.281250 5.156250 0.000000
v -3.281250 4.218750 0.000000
v -2.343750 7.031250 0.000000
v -3.281250 7.031250 0.000000
v -3.281250 6.093750 0.000000
v -0.468750 7.031250 0.000000
v -1.406250 7.031250 0.000000
v -1.406250 6.093750 0.000000
v -6.093750 5.156250 0.000000
v -7.031250 5.156250 0.000000
v -7.031250 4.218750 0.000000
v -6.093750 7.031250 0.000000
v -7.031250 7.031250 0.000000
v -7.031250 6.093750 0.000000
v -4.218750 7.031250 0.000000
v -5.156250 7.031250 0.000000
v -5.156250 6.093750 0.000000
v -6.093750 1.406250 0.000000
v -7.031250 1.406250 0.000000
v -7.031250 0.468750 0.000000
v -6.093750 3.281250 0.000000
v -7.031250 3.281250 0.000000
v -7.031250 2.343750 0.000000
v -4.218750 3.281250 0.000000
v -5.156250 3.281250 0.000000
v -5.156250 2.343750 0.000000
v 5.156250 5.156250 0.000000
v 4.218750 5.156250 0.000000
v 4.218750 4.218750 0.000000
v 5.156250 7.031250 0.000000
v 4.218750 7.031250 0.000000
v 4.218750 6.093750 0.000000
v 7.031250 7.031250 0.000000
v 6.093750 7.031250 0.000000
v 6.093750 6.093750 0.000000
v 1.406250 5.156250 0.000000
v 0.468750 5.156250 0.000000
v 0.468750 4.218750 0.000000
v 1.406250 7.031250 0.000000
v 0.468750 7.031250 0.000000
v 0.468750 6.093750 0.000000
v 3.281250 7.031250 0.000000
v 2.343750 7.031250 0.000000
v 2.343750 6.093750 0.000000
v 1.406250 1.406250 0.000000
v 0.468750 1.406250 0.000000
v 0.468750 0.468750 0.000000
v 1.406250 3.281250 0.000000
v 0.468750 3.281250 0.000000
v 0.468750 2.343750 0.000000
v 3.281250 3.281250 0.000000
v 2.343750 3.281250 0.000000
v 2.343750 2.343750 0.000000
v 5.156250 1.406250 0.000000
v 4.218750 1.406250 0.000000
v 4.218750 0.468750 0.000000
v 5.156250 3.281250 0.000000
v 4.218750 3.281250 0.000000
v 4.218750 2.343750 0.000000
v 7.031250 3.281250 0.000000
v 6.093750 3.281250 0.000000
v 6.093750 2.343750 0.000000
v -2.343750 1.406250 0.000000
v -3.281250 1.406250 0.000000
v -3.281250 0.468750 0.000000
v -2.343750 3.281250 0.000000
v -3.281250 3.281250 0.000000
v -3.281250 2.343750 0.000000
v -0.468750 3.281250 0.000000
v -1.406250 3.281250 0.000000
v -1.406250 2.343750 0.000000
v -2.343750 -6.093750 0.000000
v -3.281250 -6.093750 0.000000
v -3.281250 -7.031250 0.000000
v -2.343750 -4.218750 0.000000
v -3.281250 -4.218750 0.000000
v -3.281250 -5.156250 0.000000
v -0.468750 -4.218750 0.000000
v -1.406250 -4.218750 0.000000
v -1.406250 -5.156250 0.000000
v 5.156250 -6.093750 0.000000
v 4.218750 -6.093750 0.000000
v 4.218750 -7.031250 0.000000
v 5.156250 -4.218750 0.000000
v 4.218750 -4.218750 0.000000
v 4.218750 -5.156250 0.000000
v 7.031250 -4.218750 0.000000
v 6.093750 -4.218750 0.000000
v 6.093750 -5.156250 0.000000
v 7.031250 -5.156250 0.000000
v 5.156250 -5.156250 0.000000
v 5.156250 -7.031250 0.000000
v -0.468750 -5.156250 0.000000
v -2.343750 -5.156250 0.000000
v -2.343750 -7.031250 0.000000
v -0.468750 2.343750 0.000000
v -2.343750 2.343750 0.000000
v -2.343750 0.468750 0.000000
v 7.031250 2.343750 0.000000
v 5.156250 2.343750 0.000000
v 5.156250 0.468750 0.000000
v 3.281250 2.343750 0.000000
v 1.406250 2.343750 0.000000
v 1.406250 0.468750 0.000000
v 3.281250 6.093750 0.000000
v 1.406250 6.093750 0.000000
v 1.406250 4.218750 0.000000
v 7.031250 6.093750 0.000000
v 5.156250 6.093750 0.000000
v 5.156250 4.218750 0.000000
v -4.218750 2.343750 0.000000
v -6.093750 2.343750 0.000000
v -6.093750 0.468750 0.000000
v -4.218750 6.093750 0.000000
v -6.093750 6.093750 0.000000
v -6.093750 4.218750 0.000000
v -0.468750 6.093750 0.000000
v -2.343750 6.093750 0.000000
v -2.343750 4.218750 0.000000
v -4.218750 -5.156250 0.000000
v -6.093750 -5.156250 0.000000
v -6.093750 -7.031250 0.000000
v -4.218750 -1.406250 0.000000
v -6.093750 -1.406250 0.000000
v -6.093750 -3.281250 0.000000
v -0.468750 -1.406250 0.000000
v -2.343750 -1.406250 0.000000
v -2.343750 -3.281250 0.000000
v 3.281250 -5.156250 0.000000
v 1.406250 -5.156250 0.000000
v 1.406250 -7.031250 0.000000
v 3.281250 -1.406250 0.000000
v 1.406250 -1.406250 0.000000
v 1.406250 -3.281250 0.000000
v 7.031250 -1.406250 0.000000
v 5.156250 -1.406250 0.000000
v 5.156250 -3.281250 0.000000
v 7.031250 -3.281250 0.000000
v 3.281250 -3.281250 0.000000
v 3.281250 -7.031250 0.000000
v -0.468750 -3.281250 0.000000
v -4.218750 -3.281250 0.000000
v -4.218750 -7.031250 0.000000
v -0.468750 4.218750 0.000000
v -4.218750 4.218750 0.000000
v -4.218750 0.468750 0.000000
v 7.031250 4.218750 0.000000
v 3.281250 4.218750 0.000000
v 3.281250 0.468750 0.000000
v 7.031250 0.468750 0.000000
v -0.468750 0.468750 0.000000
v -0.468750 -7.031250 0.000000
v 7.031250 -7.031250 0.000000
v -3.750000 0.468750 2.250000
v -3.750000 0.000000 2.250000
v -3.750000 2.343750 2.250000
v -3.750000 1.875000 2.250000
v -3.750000 -1.406250 2.250000
v -3.750000 -1.875000 2.250000
v -6.093750 0.000000 2.250000
v -6.562500 0.000000 2.250000
v -3.750000 1.406250 2.250000
v -3.750000 0.937500 2.250000
v -3.750000 -2.343750 2.250000
v -3.750000 -2.812500 2.250000
v -3.750000 3.281250 2.250000
v -3.750000 2.812500 2.250000
v -3.750000 -0.468750 2.250000
v -3.750000 -0.937500 2.250000
v -6.093750 -1.875000 2.250000
v -6.562500 -1.875000 2.250000
v -6.093750 1.875000 2.250000
v -6.562500 1.875000 2.250000
v -6.562500 2.343750 2.250000
v -6.562500 3.281250 2.250000
v -6.562500 2.812500 2.250000
v -6.093750 2.812500 2.250000
v -6.562500 0.468750 2.250000
v -6.562500 1.406250 2.250000
v -6.562500 0.937500 2.250000
v -6.093750 0.937500 2.250000
v -6.562500 -1.406250 2.250000
v -6.562500 -0.468750 2.250000
v -6.562500 -0.937500 2.250000
v -6.093750 -0.937500 2.250000
v -6.562500 -2.343750 2.250000
v -6.562500 -2.812500 2.250000
v -6.093750 -2.812500 2.250000
v -3.750000 -3.281250 2.250000
v -4.218750 0.000000 2.250000
v -4.218750 -1.875000 2.250000
v -4.218750 1.875000 2.250000
v -4.218750 2.812500 2.250000
v -4.218750 -0.937500 2.250000
v -6.562500 -3.281250 2.250000
v -4.218750 -2.812500 2.250000
v -4.218750 0.937500 2.250000
v -4.218750 1.406250 2.250000
v -4.218750 -2.343750 2.250000
v -6.093750 -2.343750 2.250000
v -6.093750 -0.468750 2.250000
v -4.218750 -0.468750 2.250000
v -6.093750 1.406250 2.250000
v -6.093750 3.281250 2.250000
v -4.218750 3.281250 2.250000
v -4.218750 2.343750 2.250000
v -6.093750 2.343750 2.250000
v -6.093750 0.468750 2.250000
v -4.218750 -1.406250 2.250000
v -6.093750 -1.406250 2.250000
v -6.093750 -3.281250 2.250000
v -4.218750 -3.281250 2.250000
v -4.218750 0.468750 2.250000
v -3.750000 0.468750 3.000000
v -3.750000 0.000000 3.000000
v -3.750000 2.343750 3.000000
v -3.750000 1.875000 3.000000
v -3.750000 -1.406250 3.000000
v -3.750000 -1.875000 3.000000
v -6.093750 0.000000 3.000000
v -6.562500 0.000000 3.000000
v -3.750000 1.406250 3.000000
v -3.750000 0.937500 3.000000
v -3.750000 -2.343750 3.000000
v -3.750000 -2.812500 3.000000
v -3.750000 3.281250 3.000000
v -3.750000 2.812500 3.000000
v -3.750000 -0.468750 3.000000
v -3.750000 -0.937500 3.000000
v -6.093750 -1.875000 3.000000
v -6.562500 -1.875000 3.000000
v -6.093750 1.875000 3.000000
v -6.562500 1.875000 3.000000
v -6.562500 2.343750 3.000000
v -6.562500 3.281250 3.000000
v -6.562500 2.812500 3.000000
v -6.093750 2.812500 3.000000
v -6.562500 0.468750 3.000000
v -6.562500 1.406250 3.000000
v -6.562500 0.937500 3.000000
v -6.093750 0.937500 3.000000
v -6.562500 -1.406250 3.000000
v -6.562500 -0.468750 3.000000
v -6.562500 -0.937500 3.000000
v -6.093750 -0.937500 3.000000
v -6.562500 -2.343750 3.000000
v -6.562500 -2.812500 3.000000
v -6.093750 -2.812500 3.000000
v -3.750000 -3.281250 3.000000
v -4.218750 0.000000 3.000000
v -4.218750 -1.875000 3.000000
v -4.218750 1.875000 3.000000
v -4.218750 2.812500 3.000000
v -4.218750 -0.937500 3.000000
v -6.562500 -3.281250 3.000000
v -4.218750 -2.812500 3.000000
v -4.218750 0.937500 3.000000
v -4.218750 1.406250 3.000000
v -4.218750 -2.343750 3.000000
v -6.093750 -2.343750 3.000000
v -6.093750 -0.468750 3.000000
v -4.218750 -0.468750 3.000000
v -6.093750 1.406250 3.000000
v -6.093750 3.281250 3.000000
v -4.218750 3.281250 3.000000
v -4.218750 2.343750 3.000000
v -6.093750 2.343750 3.000000
v -6.093750 0.468750 3.000000
v -4.218750 -1.406250 3.000000
v -6.093750 -1.406250 3.000000
v -6.093750 -3.281250 3.000000
v -4.218750 -3.281250 3.000000
v -4.218750 0.468750 3.000000
v -6.093750 1.875000 3.000000
v -6.093750 1.875000 2.250000
v -6.093750 2.343750 2.250000
v -6.093750 2.343750 3.000000
v -6.093750 1.406250 2.250000
v -6.093750 0.937500 2.250000
v -6.093750 -2.343750 2.250000
v -6.093750 -2.812500 2.250000
v -6.093750 -1.875000 2.250000
v -6.093750 2.812500 3.000000
v -6.093750 2.812500 2.250000
v -6.093750 3.281250 2.250000
v -6.093750 3.281250 3.000000
v -6.093750 -0.468750 2.250000
v -6.093750 -0.937500 2.250000
v -6.093750 0.000000 2.250000
v -6.093750 -1.406250 2.250000
v -6.093750 -3.281250 2.250000
v -6.093750 0.468750 2.250000
v -6.093750 1.406250 3.000000
v -6.093750 0.937500 3.000000
v -6.093750 -2.343750 3.000000
v -6.093750 -2.812500 3.000000
v -6.093750 -1.875000 3.000000
v -6.093750 -0.468750 3.000000
v -6.093750 -0.937500 3.000000
v -6.093750 0.000000 3.000000
v -6.093750 -1.406250 3.000000
v -6.093750 -3.281250 3.000000
v -6.093750 0.468750 3.000000
vn -0.0000 -0.0000 -1.0000
vn -0.0000 -0.0000 1.0000
vn -0.0000 1.0000 -0.0000
vn -0.0000 -1.0000 -0.0000
vn -1.0000 -0.0000 -0.0000
vn 1.0000 -0.0000 -0.0000
vt 0.968750 0.968750
vt 0.968750 1.000000
vt 1.000000 1.000000
vt 1.000000 0.968750
vt 0.000000 0.000000
vt 1.000000 0.000000
vt 0.000000 1.000000
vt 1.000000 0.031250
vt 1.000000 0.062500
vt 1.000000 0.093750
vt 1.000000 0.125000
vt 1.000000 0.156250
vt 1.000000 0.187500
vt 1.000000 0.218750
vt 1.000000 0.250000
vt 1.000000 0.281250
vt 1.000000 0.312500
vt 1.000000 0.343750
vt 1.000000 0.375000
vt 1.000000 0.406250
vt 1.000000 0.437500
vt 1.000000 0.468750
vt 1.000000 0.500000
vt 1.000000 0.531250
vt 1.000000 0.562500
vt 1.000000 0.593750
vt 1.000000 0.625000
vt 1.000000 0.656250
vt 1.000000 0.687500
vt 1.000000 0.718750
vt 1.000000 0.750000
vt 1.000000 0.781250
vt 1.000000 0.812500
vt 1.000000 0.843750
vt 1.000000 0.875000
vt 1.000000 0.906250
vt 1.000000 0.937500
vt 0.000000 0.968750
vt 0.000000 0.937500
vt 0.000000 0.906250
vt 0.000000 0.875000
vt 0.000000 0.843750
vt 0.000000 0.812500
vt 0.000000 0.781250
vt 0.000000 0.750000
vt 0.000000 0.718750
vt 0.000000 0.687500
vt 0.000000 0.656250
vt 0.000000 0.625000
vt 0.000000 0.593750
vt 0.000000 0.562500
vt 0.000000 0.531250
vt 0.000000 0.500000
vt 0.000000 0.468750
vt 0.000000 0.437500
vt 0.000000 0.406250
vt 0.000000 0.375000
vt 0.000000 0.343750
vt 0.000000 0.312500
vt 0.000000 0.281250
vt 0.000000 0.250000
vt 0.000000 0.218750
vt 0.000000 0.187500
vt 0.000000 0.156250
vt 0.000000 0.125000
vt 0.000000 0.093750
vt 0.000000 0.062500
vt 0.000000 0.031250
vt 0.937500 1.000000
vt 0.906250 1.000000
vt 0.875000 1.000000
vt 0.843750 1.000000
vt 0.812500 1.000000
vt 0.781250 1.000000
vt 0.750000 1.000000
vt 0.718750 1.000000
vt 0.687500 1.000000
vt 0.656250 1.000000
vt 0.625000 1.000000
vt 0.593750 1.000000
vt 0.562500 1.000000
vt 0.531250 1.000000
vt 0.500000 1.000000
vt 0.468750 1.000000
vt 0.437500 1.000000
vt 0.406250 1.000000
vt 0.375000 1.000000
vt 0.343750 1.000000
vt 0.312500 1.000000
vt 0.281250 1.000000
vt 0.250000 1.000000
vt 0.218750 1.000000
vt 0.187500 1.000000
vt 0.156250 1.000000
vt 0.125000 1.000000
vt 0.093750 1.000000
vt 0.062500 1.000000
vt 0.031250 1.000000
vt 0.031250 0.000000
vt 0.062500 0.000000
vt 0.093750 0.000000
vt 0.125000 0.000000
vt 0.156250 0.000000
vt 0.187500 0.000000
vt 0.218750 0.000000
vt 0.250000 0.000000
vt 0.281250 0.000000
vt 0.312500 0.000000
vt 0.343750 0.000000
vt 0.375000 0.000000
vt 0.406250 0.000000
vt 0.437500 0.000000
vt 0.468750 0.000000
vt 0.500000 0.000000
vt 0.531250 0.000000
vt 0.562500 0.000000
vt 0.593750 0.000000
vt 0.625000 0.000000
vt 0.656250 0.000000
vt 0.687500 0.000000
vt 0.718750 0.000000
vt 0.750000 0.000000
vt 0.781250 0.000000
vt 0.812500 0.000000
vt 0.843750 0.000000
vt 0.875000 0.000000
vt 0.906250 0.000000
vt 0.937500 0.000000
vt 0.968750 0.000000
vt 0.968750 0.468750
vt 0.968750 0.500000
vt 0.468750 0.468750
vt 0.468750 0.500000
vt 0.500000 0.500000
vt 0.500000 0.468750
vt 0.468750 0.968750
vt 0.500000 0.968750
vt 0.468750 0.718750
vt 0.468750 0.750000
vt 0.500000 0.750000
vt 0.500000 0.718750
vt 0.218750 0.718750
vt 0.218750 0.750000
vt 0.250000 0.750000
vt 0.250000 0.718750
vt 0.218750 0.968750
vt 0.250000 0.968750
vt 0.406250 0.218750
vt 0.375000 0.218750
vt 0.218750 0.218750
vt 0.218750 0.250000
vt 0.250000 0.250000
vt 0.250000 0.218750
vt 0.218750 0.468750
vt 0.218750 0.500000
vt 0.250000 0.500000
vt 0.250000 0.468750
vt 0.968750 0.218750
vt 0.968750 0.250000
vt 0.718750 0.218750
vt 0.718750 0.250000
vt 0.750000 0.250000
vt 0.750000 0.218750
vt 0.718750 0.468750
vt 0.718750 0.500000
vt 0.750000 0.500000
vt 0.750000 0.468750
vt 0.968750 0.718750
vt 0.968750 0.750000
vt 0.718750 0.718750
vt 0.718750 0.750000
vt 0.750000 0.750000
vt 0.750000 0.718750
vt 0.718750 0.968750
vt 0.750000 0.968750
vt 0.718750 0.843750
vt 0.718750 0.875000
vt 0.750000 0.875000
vt 0.750000 0.843750
vt 0.593750 0.843750
vt 0.593750 0.875000
vt 0.625000 0.875000
vt 0.625000 0.843750
vt 0.593750 0.968750
vt 0.625000 0.968750
vt 0.718750 0.593750
vt 0.718750 0.625000
vt 0.750000 0.625000
vt 0.750000 0.593750
vt 0.593750 0.593750
vt 0.593750 0.625000
vt 0.625000 0.625000
vt 0.625000 0.593750
vt 0.593750 0.718750
vt 0.593750 0.750000
vt 0.625000 0.750000
vt 0.625000 0.718750
vt 0.968750 0.593750
vt 0.968750 0.625000
vt 0.843750 0.593750
vt 0.843750 0.625000
vt 0.875000 0.625000
vt 0.875000 0.593750
vt 0.843750 0.718750
vt 0.843750 0.750000
vt 0.875000 0.750000
vt 0.875000 0.718750
vt 0.718750 0.343750
vt 0.718750 0.375000
vt 0.750000 0.375000
vt 0.750000 0.343750
vt 0.593750 0.343750
vt 0.593750 0.375000
vt 0.625000 0.375000
vt 0.625000 0.343750
vt 0.593750 0.468750
vt 0.593750 0.500000
vt 0.625000 0.500000
vt 0.625000 0.468750
vt 0.718750 0.093750
vt 0.718750 0.125000
vt 0.750000 0.125000
vt 0.750000 0.093750
vt 0.593750 0.093750
vt 0.593750 0.125000
vt 0.625000 0.125000
vt 0.625000 0.093750
vt 0.718750 0.062500
vt 0.968750 0.093750
vt 0.968750 0.125000
vt 0.843750 0.093750
vt 0.843750 0.125000
vt 0.875000 0.125000
vt 0.875000 0.093750
vt 0.843750 0.218750
vt 0.843750 0.250000
vt 0.875000 0.250000
vt 0.875000 0.218750
vt 0.218750 0.343750
vt 0.218750 0.375000
vt 0.250000 0.375000
vt 0.250000 0.343750
vt 0.093750 0.343750
vt 0.093750 0.375000
vt 0.125000 0.375000
vt 0.125000 0.343750
vt 0.093750 0.468750
vt 0.093750 0.500000
vt 0.125000 0.500000
vt 0.125000 0.468750
vt 0.218750 0.093750
vt 0.218750 0.125000
vt 0.250000 0.125000
vt 0.250000 0.093750
vt 0.093750 0.093750
vt 0.093750 0.125000
vt 0.125000 0.125000
vt 0.125000 0.093750
vt 0.093750 0.218750
vt 0.093750 0.250000
vt 0.125000 0.250000
vt 0.125000 0.218750
vt 0.468750 0.093750
vt 0.468750 0.125000
vt 0.500000 0.125000
vt 0.500000 0.093750
vt 0.343750 0.093750
vt 0.343750 0.125000
vt 0.375000 0.125000
vt 0.375000 0.093750
vt 0.312500 0.218750
vt 0.281250 0.218750
vt 0.218750 0.843750
vt 0.218750 0.875000
vt 0.250000 0.875000
vt 0.250000 0.843750
vt 0.093750 0.843750
vt 0.093750 0.875000
vt 0.125000 0.875000
vt 0.125000 0.843750
vt 0.093750 0.968750
vt 0.125000 0.968750
vt 0.218750 0.593750
vt 0.218750 0.625000
vt 0.250000 0.625000
vt 0.250000 0.593750
vt 0.093750 0.593750
vt 0.093750 0.625000
vt 0.125000 0.625000
vt 0.125000 0.593750
vt 0.093750 0.718750
vt 0.093750 0.750000
vt 0.125000 0.750000
vt 0.125000 0.718750
vt 0.468750 0.593750
vt 0.468750 0.625000
vt 0.500000 0.625000
vt 0.500000 0.593750
vt 0.343750 0.593750
vt 0.343750 0.625000
vt 0.375000 0.625000
vt 0.375000 0.593750
vt 0.343750 0.718750
vt 0.343750 0.750000
vt 0.375000 0.750000
vt 0.375000 0.718750
vt 0.468750 0.843750
vt 0.468750 0.875000
vt 0.500000 0.875000
vt 0.500000 0.843750
vt 0.343750 0.843750
vt 0.343750 0.875000
vt 0.375000 0.875000
vt 0.375000 0.843750
vt 0.343750 0.968750
vt 0.375000 0.968750
vt 0.468750 0.343750
vt 0.468750 0.375000
vt 0.500000 0.375000
vt 0.500000 0.343750
vt 0.343750 0.343750
vt 0.343750 0.375000
vt 0.375000 0.375000
vt 0.375000 0.343750
vt 0.343750 0.468750
vt 0.343750 0.500000
vt 0.375000 0.500000
vt 0.375000 0.468750
vt 0.968750 0.343750
vt 0.968750 0.375000
vt 0.843750 0.343750
vt 0.843750 0.375000
vt 0.875000 0.375000
vt 0.875000 0.343750
vt 0.843750 0.468750
vt 0.843750 0.500000
vt 0.875000 0.500000
vt 0.875000 0.468750
vt 0.968750 0.843750
vt 0.968750 0.875000
vt 0.843750 0.843750
vt 0.843750 0.875000
vt 0.875000 0.875000
vt 0.875000 0.843750
vt 0.843750 0.968750
vt 0.875000 0.968750
vt 0.843750 0.906250
vt 0.843750 0.937500
vt 0.875000 0.937500
vt 0.875000 0.906250
vt 0.781250 0.906250
vt 0.781250 0.937500
vt 0.812500 0.937500
vt 0.812500 0.906250
vt 0.781250 0.968750
vt 0.812500 0.968750
vt 0.843750 0.781250
vt 0.843750 0.812500
vt 0.875000 0.812500
vt 0.875000 0.781250
vt 0.781250 0.781250
vt 0.781250 0.812500
vt 0.812500 0.812500
vt 0.812500 0.781250
vt 0.781250 0.843750
vt 0.781250 0.875000
vt 0.812500 0.875000
vt 0.812500 0.843750
vt 0.968750 0.781250
vt 0.968750 0.812500
vt 0.906250 0.781250
vt 0.906250 0.812500
vt 0.937500 0.812500
vt 0.937500 0.781250
vt 0.906250 0.843750
vt 0.906250 0.875000
vt 0.937500 0.875000
vt 0.937500 0.843750
vt 0.843750 0.406250
vt 0.843750 0.437500
vt 0.875000 0.437500
vt 0.875000 0.406250
vt 0.781250 0.406250
vt 0.781250 0.437500
vt 0.812500 0.437500
vt 0.812500 0.406250
vt 0.781250 0.468750
vt 0.781250 0.500000
vt 0.812500 0.500000
vt 0.812500 0.468750
vt 0.843750 0.281250
vt 0.843750 0.312500
vt 0.875000 0.312500
vt 0.875000 0.281250
vt 0.781250 0.281250
vt 0.781250 0.312500
vt 0.812500 0.312500
vt 0.812500 0.281250
vt 0.781250 0.343750
vt 0.781250 0.375000
vt 0.812500 0.375000
vt 0.812500 0.343750
vt 0.968750 0.281250
vt 0.968750 0.312500
vt 0.906250 0.281250
vt 0.906250 0.312500
vt 0.937500 0.312500
vt 0.937500 0.281250
vt 0.906250 0.343750
vt 0.906250 0.375000
vt 0.937500 0.375000
vt 0.937500 0.343750
vt 0.343750 0.406250
vt 0.343750 0.437500
vt 0.375000 0.437500
vt 0.375000 0.406250
vt 0.281250 0.406250
vt 0.281250 0.437500
vt 0.312500 0.437500
vt 0.312500 0.406250
vt 0.281250 0.468750
vt 0.281250 0.500000
vt 0.312500 0.500000
vt 0.312500 0.468750
vt 0.343750 0.281250
vt 0.343750 0.312500
vt 0.375000 0.312500
vt 0.375000 0.281250
vt 0.281250 0.281250
vt 0.281250 0.312500
vt 0.312500 0.312500
vt 0.312500 0.281250
vt 0.281250 0.343750
vt 0.281250 0.375000
vt 0.312500 0.375000
vt 0.312500 0.343750
vt 0.468750 0.281250
vt 0.468750 0.312500
vt 0.500000 0.312500
vt 0.500000 0.281250
vt 0.406250 0.281250
vt 0.406250 0.312500
vt 0.437500 0.312500
vt 0.437500 0.281250
vt 0.406250 0.343750
vt 0.406250 0.375000
vt 0.437500 0.375000
vt 0.437500 0.343750
vt 0.343750 0.906250
vt 0.343750 0.937500
vt 0.375000 0.937500
vt 0.375000 0.906250
vt 0.281250 0.906250
vt 0.281250 0.937500
vt 0.312500 0.937500
vt 0.312500 0.906250
vt 0.281250 0.968750
vt 0.312500 0.968750
vt 0.343750 0.781250
vt 0.343750 0.812500
vt 0.375000 0.812500
vt 0.375000 0.781250
vt 0.281250 0.781250
vt 0.281250 0.812500
vt 0.312500 0.812500
vt 0.312500 0.781250
vt 0.281250 0.843750
vt 0.281250 0.875000
vt 0.312500 0.875000
vt 0.312500 0.843750
vt 0.468750 0.781250
vt 0.468750 0.812500
vt 0.500000 0.812500
vt 0.500000 0.781250
vt 0.406250 0.781250
vt 0.406250 0.812500
vt 0.437500 0.812500
vt 0.437500 0.781250
vt 0.406250 0.843750
vt 0.406250 0.875000
vt 0.437500 0.875000
vt 0.437500 0.843750
vt 0.343750 0.656250
vt 0.343750 0.687500
vt 0.375000 0.687500
vt 0.375000 0.656250
vt 0.281250 0.656250
vt 0.281250 0.687500
vt 0.312500 0.687500
vt 0.312500 0.656250
vt 0.281250 0.718750
vt 0.281250 0.750000
vt 0.312500 0.750000
vt 0.312500 0.718750
vt 0.343750 0.531250
vt 0.343750 0.562500
vt 0.375000 0.562500
vt 0.375000 0.531250
vt 0.281250 0.531250
vt 0.281250 0.562500
vt 0.312500 0.562500
vt 0.312500 0.531250
vt 0.281250 0.593750
vt 0.281250 0.625000
vt 0.312500 0.625000
vt 0.312500 0.593750
vt 0.468750 0.531250
vt 0.468750 0.562500
vt 0.500000 0.562500
vt 0.500000 0.531250
vt 0.406250 0.531250
vt 0.406250 0.562500
vt 0.437500 0.562500
vt 0.437500 0.531250
vt 0.406250 0.593750
vt 0.406250 0.625000
vt 0.437500 0.625000
vt 0.437500 0.593750
vt 0.093750 0.656250
vt 0.093750 0.687500
vt 0.125000 0.687500
vt 0.125000 0.656250
vt 0.031250 0.656250
vt 0.031250 0.687500
vt 0.062500 0.687500
vt 0.062500 0.656250
vt 0.031250 0.718750
vt 0.031250 0.750000
vt 0.062500 0.750000
vt 0.062500 0.718750
vt 0.093750 0.531250
vt 0.093750 0.562500
vt 0.125000 0.562500
vt 0.125000 0.531250
vt 0.031250 0.531250
vt 0.031250 0.562500
vt 0.062500 0.562500
vt 0.062500 0.531250
vt 0.031250 0.593750
vt 0.031250 0.625000
vt 0.062500 0.625000
vt 0.062500 0.593750
vt 0.218750 0.531250
vt 0.218750 0.562500
vt 0.250000 0.562500
vt 0.250000 0.531250
vt 0.156250 0.531250
vt 0.156250 0.562500
vt 0.187500 0.562500
vt 0.187500 0.531250
vt 0.156250 0.593750
vt 0.156250 0.625000
vt 0.187500 0.625000
vt 0.187500 0.593750
vt 0.093750 0.906250
vt 0.093750 0.937500
vt 0.125000 0.937500
vt 0.125000 0.906250
vt 0.031250 0.906250
vt 0.031250 0.937500
vt 0.062500 0.937500
vt 0.062500 0.906250
vt 0.031250 0.968750
vt 0.062500 0.968750
vt 0.093750 0.781250
vt 0.093750 0.812500
vt 0.125000 0.812500
vt 0.125000 0.781250
vt 0.031250 0.781250
vt 0.031250 0.812500
vt 0.062500 0.812500
vt 0.062500 0.781250
vt 0.031250 0.843750
vt 0.031250 0.875000
vt 0.062500 0.875000
vt 0.062500 0.843750
vt 0.218750 0.781250
vt 0.218750 0.812500
vt 0.250000 0.812500
vt 0.250000 0.781250
vt 0.156250 0.781250
vt 0.156250 0.812500
vt 0.187500 0.812500
vt 0.187500 0.781250
vt 0.156250 0.843750
vt 0.156250 0.875000
vt 0.187500 0.875000
vt 0.187500 0.843750
vt 0.343750 0.156250
vt 0.343750 0.187500
vt 0.375000 0.187500
vt 0.375000 0.156250
vt 0.281250 0.156250
vt 0.281250 0.187500
vt 0.312500 0.187500
vt 0.312500 0.156250
vt 0.656250 0.250000
vt 0.687500 0.250000
vt 0.343750 0.031250
vt 0.343750 0.062500
vt 0.375000 0.062500
vt 0.375000 0.031250
vt 0.281250 0.031250
vt 0.281250 0.062500
vt 0.312500 0.062500
vt 0.312500 0.031250
vt 0.281250 0.093750
vt 0.281250 0.125000
vt 0.312500 0.125000
vt 0.312500 0.093750
vt 0.468750 0.031250
vt 0.468750 0.062500
vt 0.500000 0.062500
vt 0.500000 0.031250
vt 0.406250 0.031250
vt 0.406250 0.062500
vt 0.437500 0.062500
vt 0.437500 0.031250
vt 0.406250 0.093750
vt 0.406250 0.125000
vt 0.437500 0.125000
vt 0.437500 0.093750
vt 0.093750 0.156250
vt 0.093750 0.187500
vt 0.125000 0.187500
vt 0.125000 0.156250
vt 0.031250 0.156250
vt 0.031250 0.187500
vt 0.062500 0.187500
vt 0.062500 0.156250
vt 0.031250 0.218750
vt 0.031250 0.250000
vt 0.062500 0.250000
vt 0.062500 0.218750
vt 0.093750 0.031250
vt 0.093750 0.062500
vt 0.125000 0.062500
vt 0.125000 0.031250
vt 0.031250 0.031250
vt 0.031250 0.062500
vt 0.062500 0.062500
vt 0.062500 0.031250
vt 0.031250 0.093750
vt 0.031250 0.125000
vt 0.062500 0.125000
vt 0.062500 0.093750
vt 0.218750 0.031250
vt 0.218750 0.062500
vt 0.250000 0.062500
vt 0.250000 0.031250
vt 0.156250 0.031250
vt 0.156250 0.062500
vt 0.187500 0.062500
vt 0.187500 0.031250
vt 0.156250 0.093750
vt 0.156250 0.125000
vt 0.187500 0.125000
vt 0.187500 0.093750
vt 0.093750 0.406250
vt 0.093750 0.437500
vt 0.125000 0.437500
vt 0.125000 0.406250
vt 0.031250 0.406250
vt 0.031250 0.437500
vt 0.062500 0.437500
vt 0.062500 0.406250
vt 0.031250 0.468750
vt 0.031250 0.500000
vt 0.062500 0.500000
vt 0.062500 0.468750
vt 0.093750 0.281250
vt 0.093750 0.312500
vt 0.125000 0.312500
vt 0.125000 0.281250
vt 0.031250 0.281250
vt 0.031250 0.312500
vt 0.062500 0.312500
vt 0.062500 0.281250
vt 0.031250 0.343750
vt 0.031250 0.375000
vt 0.062500 0.375000
vt 0.062500 0.343750
vt 0.218750 0.281250
vt 0.218750 0.312500
vt 0.250000 0.312500
vt 0.250000 0.281250
vt 0.156250 0.281250
vt 0.156250 0.312500
vt 0.187500 0.312500
vt 0.187500 0.281250
vt 0.156250 0.343750
vt 0.156250 0.375000
vt 0.187500 0.375000
vt 0.187500 0.343750
vt 0.843750 0.156250
vt 0.843750 0.187500
vt 0.875000 0.187500
vt 0.875000 0.156250
vt 0.781250 0.156250
vt 0.781250 0.187500
vt 0.812500 0.187500
vt 0.812500 0.156250
vt 0.781250 0.218750
vt 0.781250 0.250000
vt 0.812500 0.250000
vt 0.812500 0.218750
vt 0.843750 0.031250
vt 0.843750 0.062500
vt 0.875000 0.062500
vt 0.875000 0.031250
vt 0.781250 0.031250
vt 0.781250 0.062500
vt 0.812500 0.062500
vt 0.812500 0.031250
vt 0.781250 0.093750
vt 0.781250 0.125000
vt 0.812500 0.125000
vt 0.812500 0.093750
vt 0.968750 0.031250
vt 0.968750 0.062500
vt 0.906250 0.031250
vt 0.906250 0.062500
vt 0.937500 0.062500
vt 0.937500 0.031250
vt 0.906250 0.093750
vt 0.906250 0.125000
vt 0.937500 0.125000
vt 0.937500 0.093750
vt 0.593750 0.156250
vt 0.593750 0.187500
vt 0.625000 0.187500
vt 0.625000 0.156250
vt 0.531250 0.156250
vt 0.531250 0.187500
vt 0.562500 0.187500
vt 0.562500 0.156250
vt 0.593750 0.031250
vt 0.593750 0.062500
vt 0.625000 0.062500
vt 0.625000 0.031250
vt 0.531250 0.031250
vt 0.531250 0.062500
vt 0.562500 0.062500
vt 0.562500 0.031250
vt 0.531250 0.093750
vt 0.531250 0.125000
vt 0.562500 0.125000
vt 0.562500 0.093750
vt 0.718750 0.031250
vt 0.750000 0.062500
vt 0.750000 0.031250
vt 0.656250 0.031250
vt 0.656250 0.062500
vt 0.687500 0.062500
vt 0.687500 0.031250
vt 0.656250 0.093750
vt 0.656250 0.125000
vt 0.687500 0.125000
vt 0.687500 0.093750
vt 0.593750 0.406250
vt 0.593750 0.437500
vt 0.625000 0.437500
vt 0.625000 0.406250
vt 0.531250 0.406250
vt 0.531250 0.437500
vt 0.562500 0.437500
vt 0.562500 0.406250
vt 0.531250 0.468750
vt 0.531250 0.500000
vt 0.562500 0.500000
vt 0.562500 0.468750
vt 0.593750 0.281250
vt 0.593750 0.312500
vt 0.625000 0.312500
vt 0.625000 0.281250
vt 0.531250 0.281250
vt 0.531250 0.312500
vt 0.562500 0.312500
vt 0.562500 0.281250
vt 0.531250 0.343750
vt 0.531250 0.375000
vt 0.562500 0.375000
vt 0.562500 0.343750
vt 0.718750 0.281250
vt 0.718750 0.312500
vt 0.750000 0.312500
vt 0.750000 0.281250
vt 0.656250 0.281250
vt 0.656250 0.312500
vt 0.687500 0.312500
vt 0.687500 0.281250
vt 0.656250 0.343750
vt 0.656250 0.375000
vt 0.687500 0.375000
vt 0.687500 0.343750
vt 0.843750 0.656250
vt 0.843750 0.687500
vt 0.875000 0.687500
vt 0.875000 0.656250
vt 0.781250 0.656250
vt 0.781250 0.687500
vt 0.812500 0.687500
vt 0.812500 0.656250
vt 0.781250 0.718750
vt 0.781250 0.750000
vt 0.812500 0.750000
vt 0.812500 0.718750
vt 0.843750 0.531250
vt 0.843750 0.562500
vt 0.875000 0.562500
vt 0.875000 0.531250
vt 0.781250 0.531250
vt 0.781250 0.562500
vt 0.812500 0.562500
vt 0.812500 0.531250
vt 0.781250 0.593750
vt 0.781250 0.625000
vt 0.812500 0.625000
vt 0.812500 0.593750
vt 0.968750 0.531250
vt 0.968750 0.562500
vt 0.906250 0.531250
vt 0.906250 0.562500
vt 0.937500 0.562500
vt 0.937500 0.531250
vt 0.906250 0.593750
vt 0.906250 0.625000
vt 0.937500 0.625000
vt 0.937500 0.593750
vt 0.593750 0.656250
vt 0.593750 0.687500
vt 0.625000 0.687500
vt 0.625000 0.656250
vt 0.531250 0.656250
vt 0.531250 0.687500
vt 0.562500 0.687500
vt 0.562500 0.656250
vt 0.531250 0.718750
vt 0.531250 0.750000
vt 0.562500 0.750000
vt 0.562500 0.718750
vt 0.593750 0.531250
vt 0.593750 0.562500
vt 0.625000 0.562500
vt 0.625000 0.531250
vt 0.531250 0.531250
vt 0.531250 0.562500
vt 0.562500 0.562500
vt 0.562500 0.531250
vt 0.531250 0.593750
vt 0.531250 0.625000
vt 0.562500 0.625000
vt 0.562500 0.593750
vt 0.718750 0.531250
vt 0.718750 0.562500
vt 0.750000 0.562500
vt 0.750000 0.531250
vt 0.656250 0.531250
vt 0.656250 0.562500
vt 0.687500 0.562500
vt 0.687500 0.531250
vt 0.656250 0.593750
vt 0.656250 0.625000
vt 0.687500 0.625000
vt 0.687500 0.593750
vt 0.593750 0.906250
vt 0.593750 0.937500
vt 0.625000 0.937500
vt 0.625000 0.906250
vt 0.531250 0.906250
vt 0.531250 0.937500
vt 0.562500 0.937500
vt 0.562500 0.906250
vt 0.531250 0.968750
vt 0.562500 0.968750
vt 0.593750 0.781250
vt 0.593750 0.812500
vt 0.625000 0.812500
vt 0.625000 0.781250
vt 0.531250 0.781250
vt 0.531250 0.812500
vt 0.562500 0.812500
vt 0.562500 0.781250
vt 0.531250 0.843750
vt 0.531250 0.875000
vt 0.562500 0.875000
vt 0.562500 0.843750
vt 0.718750 0.781250
vt 0.718750 0.812500
vt 0.750000 0.812500
vt 0.750000 0.781250
vt 0.656250 0.781250
vt 0.656250 0.812500
vt 0.687500 0.812500
vt 0.687500 0.781250
vt 0.656250 0.843750
vt 0.656250 0.875000
vt 0.687500 0.875000
vt 0.687500 0.843750
vt 0.718750 0.906250
vt 0.718750 0.937500
vt 0.750000 0.937500
vt 0.750000 0.906250
vt 0.656250 0.906250
vt 0.656250 0.937500
vt 0.687500 0.937500
vt 0.687500 0.906250
vt 0.656250 0.968750
vt 0.687500 0.968750
vt 0.718750 0.656250
vt 0.718750 0.687500
vt 0.750000 0.687500
vt 0.750000 0.656250
vt 0.656250 0.656250
vt 0.656250 0.687500
vt 0.687500 0.687500
vt 0.687500 0.656250
vt 0.656250 0.718750
vt 0.656250 0.750000
vt 0.687500 0.750000
vt 0.687500 0.718750
vt 0.968750 0.656250
vt 0.968750 0.687500
vt 0.906250 0.656250
vt 0.906250 0.687500
vt 0.937500 0.687500
vt 0.937500 0.656250
vt 0.906250 0.718750
vt 0.906250 0.750000
vt 0.937500 0.750000
vt 0.937500 0.718750
vt 0.718750 0.406250
vt 0.718750 0.437500
vt 0.750000 0.437500
vt 0.750000 0.406250
vt 0.656250 0.406250
vt 0.656250 0.437500
vt 0.687500 0.437500
vt 0.687500 0.406250
vt 0.656250 0.468750
vt 0.656250 0.500000
vt 0.687500 0.500000
vt 0.687500 0.468750
vt 0.718750 0.156250
vt 0.718750 0.187500
vt 0.750000 0.187500
vt 0.750000 0.156250
vt 0.656250 0.156250
vt 0.656250 0.187500
vt 0.687500 0.187500
vt 0.687500 0.156250
vt 0.437500 0.218750
vt 0.968750 0.156250
vt 0.968750 0.187500
vt 0.906250 0.156250
vt 0.906250 0.187500
vt 0.937500 0.187500
vt 0.937500 0.156250
vt 0.906250 0.218750
vt 0.906250 0.250000
vt 0.937500 0.250000
vt 0.937500 0.218750
vt 0.218750 0.406250
vt 0.218750 0.437500
vt 0.250000 0.437500
vt 0.250000 0.406250
vt 0.156250 0.406250
vt 0.156250 0.437500
vt 0.187500 0.437500
vt 0.187500 0.406250
vt 0.156250 0.468750
vt 0.156250 0.500000
vt 0.187500 0.500000
vt 0.187500 0.468750
vt 0.218750 0.156250
vt 0.218750 0.187500
vt 0.250000 0.187500
vt 0.250000 0.156250
vt 0.156250 0.156250
vt 0.156250 0.187500
vt 0.187500 0.187500
vt 0.187500 0.156250
vt 0.156250 0.218750
vt 0.156250 0.250000
vt 0.187500 0.250000
vt 0.187500 0.218750
vt 0.468750 0.156250
vt 0.468750 0.187500
vt 0.500000 0.187500
vt 0.500000 0.156250
vt 0.406250 0.156250
vt 0.406250 0.187500
vt 0.437500 0.187500
vt 0.437500 0.156250
vt 0.218750 0.906250
vt 0.218750 0.937500
vt 0.250000 0.937500
vt 0.250000 0.906250
vt 0.156250 0.906250
vt 0.156250 0.937500
vt 0.187500 0.937500
vt 0.187500 0.906250
vt 0.156250 0.968750
vt 0.187500 0.968750
vt 0.218750 0.656250
vt 0.218750 0.687500
vt 0.250000 0.687500
vt 0.250000 0.656250
vt 0.156250 0.656250
vt 0.156250 0.687500
vt 0.187500 0.687500
vt 0.187500 0.656250
vt 0.156250 0.718750
vt 0.156250 0.750000
vt 0.187500 0.750000
vt 0.187500 0.718750
vt 0.468750 0.656250
vt 0.468750 0.687500
vt 0.500000 0.687500
vt 0.500000 0.656250
vt 0.406250 0.656250
vt 0.406250 0.687500
vt 0.437500 0.687500
vt 0.437500 0.656250
vt 0.406250 0.718750
vt 0.406250 0.750000
vt 0.437500 0.750000
vt 0.437500 0.718750
vt 0.468750 0.906250
vt 0.468750 0.937500
vt 0.500000 0.937500
vt 0.500000 0.906250
vt 0.406250 0.906250
vt 0.406250 0.937500
vt 0.437500 0.937500
vt 0.437500 0.906250
vt 0.406250 0.968750
vt 0.437500 0.968750
vt 0.468750 0.406250
vt 0.468750 0.437500
vt 0.500000 0.437500
vt 0.500000 0.406250
vt 0.406250 0.406250
vt 0.406250 0.437500
vt 0.437500 0.437500
vt 0.437500 0.406250
vt 0.406250 0.468750
vt 0.406250 0.500000
vt 0.437500 0.500000
vt 0.437500 0.468750
vt 0.968750 0.406250
vt 0.968750 0.437500
vt 0.906250 0.406250
vt 0.906250 0.437500
vt 0.937500 0.437500
vt 0.937500 0.406250
vt 0.906250 0.468750
vt 0.906250 0.500000
vt 0.937500 0.500000
vt 0.937500 0.468750
vt 0.968750 0.906250
vt 0.968750 0.937500
vt 0.906250 0.906250
vt 0.906250 0.937500
vt 0.937500 0.937500
vt 0.937500 0.906250
vt 0.906250 0.968750
vt 0.937500 0.968750
vt 0.656250 0.218750
vt 0.687500 0.218750
vt 0.625000 0.218750
vt 0.625000 0.250000
vt 0.531250 0.250000
vt 0.562500 0.250000
vt 0.500000 0.250000
vt 0.593750 0.250000
vt 0.343750 0.250000
vt 0.375000 0.250000
vt 0.343750 0.218750
vt 0.406250 0.250000
vt 0.437500 0.250000
vt 0.531250 0.218750
vt 0.562500 0.218750
vt 0.500000 0.218750
vt 0.281250 0.250000
vt 0.468750 0.250000
vt 0.312500 0.250000
vt 0.593750 0.218750
vt 0.468750 0.218750
s 0
f 1093/1/1 497/2/1 4/3/1 296/4/1
f 5/5/2 6/6/2 8/3/2 7/7/2
f 2/6/3 496/8/3 144/9/3 352/10/3 48/11/3 456/12/3 104/13/3 312/14/3 20/15/3 484/16/3 132/17/3 340/18/3 36/19/3 444/20/3 92/21/3 300/22/3 11/23/3 492/24/3 140/25/3 348/26/3 44/27/3 452/28/3 100/29/3 308/30/3 16/31/3 480/32/3 128/33/3 336/34/3 32/35/3 440/36/3 88/37/3 296/4/3 4/3/3 8/3/3 6/6/3
f 3/7/4 494/38/4 142/39/4 350/40/4 46/41/4 454/42/4 102/43/4 310/44/4 18/45/4 482/46/4 130/47/4 338/48/4 34/49/4 442/50/4 90/51/4 298/52/4 9/53/4 490/54/4 138/55/4 346/56/4 42/57/4 450/58/4 98/59/4 306/60/4 14/61/4 478/62/4 126/63/4 334/64/4 30/65/4 438/66/4 86/67/4 294/68/4 1/5/4 5/5/4 7/7/4
f 4/3/5 497/2/5 145/69/5 353/70/5 49/71/5 457/72/5 105/73/5 313/74/5 21/75/5 485/76/5 133/77/5 341/78/5 37/79/5 445/80/5 93/81/5 301/82/5 12/83/5 493/84/5 141/85/5 349/86/5 45/87/5 453/88/5 101/89/5 309/90/5 17/91/5 481/92/5 129/93/5 337/94/5 33/95/5 441/96/5 89/97/5 297/98/5 3/7/5 7/7/5 8/3/5
f 1/5/6 495/99/6 143/100/6 351/101/6 47/102/6 455/103/6 103/104/6 311/105/6 19/106/6 483/107/6 131/108/6 339/109/6 35/110/6 443/111/6 91/112/6 299/113/6 10/114/6 491/115/6 139/116/6 347/117/6 43/118/6 451/119/6 99/120/6 307/121/6 15/122/6 479/123/6 127/124/6 335/125/6 31/126/6 439/127/6 87/128/6 295/129/6 2/6/6 6/6/6 5/5/6
f 1092/130/1 302/131/1 11/23/1 300/22/1
f 1091/132/1 303/133/1 13/134/1 500/135/1
f 1090/136/1 493/84/1 12/83/1 501/137/1
f 1089/138/1 318/139/1 25/140/1 489/141/1
f 1088/142/1 319/143/1 26/144/1 504/145/1
f 1087/146/1 481/92/1 17/91/1 505/147/1
f 859/148/6 553/149/6 1132/149/6 1138/148/6
f 1085/150/1 323/151/1 27/152/1 508/153/1
f 1084/154/1 315/155/1 23/156/1 509/157/1
f 1083/158/1 326/159/1 20/15/1 312/14/1
f 1082/160/1 327/161/1 28/162/1 512/163/1
f 1081/164/1 314/165/1 22/166/1 513/167/1
f 1080/168/1 330/169/1 16/31/1 308/30/1
f 1079/170/1 331/171/1 29/172/1 516/173/1
f 1078/174/1 485/76/1 21/75/1 517/175/1
f 1077/176/1 374/177/1 69/178/1 477/179/1
f 1076/180/1 375/181/1 70/182/1 520/183/1
f 1075/184/1 445/80/1 37/79/1 521/185/1
f 1074/186/1 378/187/1 68/188/1 476/189/1
f 1073/190/1 379/191/1 71/192/1 524/193/1
f 1072/194/1 371/195/1 67/196/1 525/197/1
f 1071/198/1 382/199/1 44/27/1 348/26/1
f 1070/200/1 383/201/1 72/202/1 528/203/1
f 1069/204/1 370/205/1 66/206/1 529/207/1
f 1068/208/1 386/209/1 65/210/1 473/211/1
f 1067/212/1 387/213/1 73/214/1 532/215/1
f 1066/216/1 354/217/1 50/218/1 533/219/1
f 1065/220/1 390/221/1 64/222/1 472/223/1
f 1064/224/1 391/225/1 74/226/1 536/227/1
f 1065/220/3 722/228/3 1135/228/3 1151/220/3
f 1062/229/1 394/230/1 48/11/1 352/10/1
f 1061/231/1 395/232/1 75/233/1 540/234/1
f 1060/235/1 366/236/1 62/237/1 541/238/1
f 1059/239/1 398/240/1 61/241/1 469/242/1
f 1058/243/1 399/244/1 76/245/1 544/246/1
f 1057/247/1 355/248/1 51/249/1 545/250/1
f 1056/251/1 402/252/1 60/253/1 468/254/1
f 1055/255/1 403/256/1 77/257/1 548/258/1
f 1054/259/1 363/260/1 59/261/1 549/262/1
f 1053/263/1 406/264/1 40/265/1 448/266/1
f 1052/267/1 407/268/1 78/269/1 552/270/1
f 669/271/6 964/272/6 1145/272/6 1133/271/6
f 1050/273/1 410/274/1 57/275/1 465/276/1
f 1049/277/1 411/278/1 79/279/1 556/280/1
f 1048/281/1 441/96/1 33/95/1 557/282/1
f 1047/283/1 414/284/1 56/285/1 464/286/1
f 1046/287/1 415/288/1 80/289/1 560/290/1
f 1045/291/1 359/292/1 55/293/1 561/294/1
f 1044/295/1 418/296/1 41/297/1 449/298/1
f 1043/299/1 419/300/1 81/301/1 564/302/1
f 1042/303/1 358/304/1 54/305/1 565/306/1
f 1041/307/1 422/308/1 53/309/1 461/310/1
f 1040/311/1 423/312/1 82/313/1 568/314/1
f 1039/315/1 453/88/1 45/87/1 569/316/1
f 1038/317/1 426/318/1 52/319/1 460/320/1
f 1037/321/1 427/322/1 83/323/1 572/324/1
f 1036/325/1 343/326/1 39/327/1 573/328/1
f 1035/329/1 430/330/1 36/19/1 340/18/1
f 1034/331/1 431/332/1 84/333/1 576/334/1
f 1033/335/1 342/336/1 38/337/1 577/338/1
f 1032/339/1 434/340/1 32/35/1 336/34/1
f 1031/341/1 435/342/1 85/343/1 580/344/1
f 1030/345/1 457/72/1 49/71/1 581/346/1
f 1029/347/1 582/348/1 229/349/1 437/350/1
f 1028/351/1 583/352/1 230/353/1 584/354/1
f 1027/355/1 313/74/1 105/73/1 585/356/1
f 1026/357/1 586/358/1 228/359/1 436/360/1
f 1025/361/1 587/362/1 231/363/1 588/364/1
f 1024/365/1 579/366/1 227/367/1 589/368/1
f 1023/369/1 590/370/1 128/33/1 480/32/1
f 1022/371/1 591/372/1 232/373/1 592/374/1
f 1021/375/1 578/376/1 226/377/1 593/378/1
f 1020/379/1 594/380/1 225/381/1 433/382/1
f 1019/383/1 595/384/1 233/385/1 596/386/1
f 1018/387/1 486/388/1 134/389/1 597/390/1
f 1017/391/1 598/392/1 224/393/1 432/394/1
f 1016/395/1 599/396/1 234/397/1 600/398/1
f 1015/399/1 575/400/1 223/401/1 601/402/1
f 1014/403/1 602/404/1 132/17/1 484/16/1
f 1013/405/1 603/406/1 235/407/1 604/408/1
f 1012/409/1 574/410/1 222/411/1 605/412/1
f 1011/413/1 606/414/1 221/415/1 429/416/1
f 1010/417/1 607/418/1 236/419/1 608/420/1
f 1009/421/1 487/422/1 135/423/1 609/424/1
f 1008/425/1 610/426/1 220/427/1 428/428/1
f 1007/429/1 611/430/1 237/431/1 612/432/1
f 1006/433/1 571/434/1 219/435/1 613/436/1
f 1005/437/1 614/438/1 108/439/1 316/440/1
f 1004/441/1 615/442/1 238/443/1 616/444/1
f 1003/445/1 570/446/1 218/447/1 617/448/1
f 1002/449/1 618/450/1 217/451/1 425/452/1
f 1001/453/1 619/454/1 239/455/1 620/456/1
f 1000/457/1 309/90/1 101/89/1 621/458/1
f 999/459/1 622/460/1 216/461/1 424/462/1
f 998/463/1 623/464/1 240/465/1 624/466/1
f 997/467/1 567/468/1 215/469/1 625/470/1
f 996/471/1 626/472/1 109/473/1 317/474/1
f 995/475/1 627/476/1 241/477/1 628/478/1
f 994/479/1 566/480/1 214/481/1 629/482/1
f 993/483/1 630/484/1 213/485/1 421/486/1
f 992/487/1 631/488/1 242/489/1 632/490/1
f 991/491/1 502/492/1 150/493/1 633/494/1
f 990/495/1 634/496/1 212/497/1 420/498/1
f 989/499/1 635/500/1 243/501/1 636/502/1
f 988/503/1 563/504/1 211/505/1 637/506/1
f 987/507/1 638/508/1 97/509/1 305/510/1
f 986/511/1 639/512/1 244/513/1 640/514/1
f 985/515/1 562/516/1 210/517/1 641/518/1
f 984/519/1 642/520/1 209/521/1 417/522/1
f 983/523/1 643/524/1 245/525/1 644/526/1
f 982/527/1 503/528/1 151/529/1 645/530/1
f 981/531/1 646/532/1 208/533/1 416/534/1
f 980/535/1 647/536/1 246/537/1 648/538/1
f 979/539/1 559/540/1 207/541/1 649/542/1
f 978/543/1 650/544/1 112/545/1 320/546/1
f 977/547/1 651/548/1 247/549/1 652/550/1
f 976/551/1 558/552/1 206/553/1 653/554/1
f 975/555/1 654/556/1 205/557/1 413/558/1
f 974/559/1 655/560/1 248/561/1 656/562/1
f 973/563/1 297/98/1 89/97/1 657/564/1
f 972/565/1 658/566/1 204/567/1 412/568/1
f 971/569/1 659/570/1 249/571/1 660/572/1
f 970/573/1 555/574/1 203/575/1 661/576/1
f 969/577/1 662/578/1 113/579/1 321/580/1
f 968/581/1 663/582/1 250/583/1 664/584/1
f 967/585/1 554/586/1 202/587/1 665/588/1
f 966/589/1 666/590/1 201/591/1 409/592/1
f 965/593/1 667/594/1 251/595/1 668/596/1
f 471/597/5 119/598/5 1105/598/5 1104/597/5
f 963/599/1 670/600/1 200/601/1 408/602/1
f 962/603/1 671/604/1 252/605/1 672/606/1
f 961/607/1 551/608/1 199/609/1 673/610/1
f 960/611/1 674/612/1 96/613/1 304/614/1
f 959/615/1 675/616/1 253/617/1 676/618/1
f 958/619/1 550/620/1 198/621/1 677/622/1
f 957/623/1 678/624/1 197/625/1 405/626/1
f 956/627/1 679/628/1 254/629/1 680/630/1
f 955/631/1 507/632/1 155/633/1 681/634/1
f 954/635/1 682/636/1 196/637/1 404/638/1
f 953/639/1 683/640/1 255/641/1 684/642/1
f 952/643/1 547/644/1 195/645/1 685/646/1
f 951/647/1 686/648/1 116/649/1 324/650/1
f 950/651/1 687/652/1 256/653/1 688/654/1
f 949/655/1 546/656/1 194/657/1 689/658/1
f 948/659/1 690/660/1 193/661/1 401/662/1
f 947/663/1 691/664/1 257/665/1 692/666/1
f 946/667/1 499/668/1 147/669/1 693/670/1
f 945/671/1 694/672/1 192/673/1 400/674/1
f 944/675/1 695/676/1 258/677/1 696/678/1
f 943/679/1 543/680/1 191/681/1 697/682/1
f 942/683/1 698/684/1 117/685/1 325/686/1
f 941/687/1 699/688/1 259/689/1 700/690/1
f 940/691/1 542/692/1 190/693/1 701/694/1
f 939/695/1 702/696/1 189/697/1 397/698/1
f 938/699/1 703/700/1 260/701/1 704/702/1
f 937/703/1 510/704/1 158/705/1 705/706/1
f 936/707/1 706/708/1 188/709/1 396/710/1
f 935/711/1 707/712/1 261/713/1 708/714/1
f 934/715/1 539/716/1 187/717/1 709/718/1
f 933/719/1 710/720/1 144/9/1 496/8/1
f 932/721/1 711/722/1 262/723/1 712/724/1
f 931/725/1 538/726/1 186/727/1 713/728/1
f 930/729/1 714/730/1 185/731/1 393/732/1
f 929/733/1 715/734/1 263/735/1 716/736/1
f 673/610/5 1052/267/5 1147/267/5 1117/610/5
f 927/737/1 718/738/1 184/739/1 392/740/1
f 926/741/1 719/742/1 264/743/1 720/744/1
f 925/745/1 535/746/1 183/747/1 721/748/1
f 924/749/1 722/228/1 120/750/1 328/751/1
f 923/752/1 723/753/1 265/754/1 724/755/1
f 922/756/1 534/757/1 182/758/1 725/759/1
f 921/760/1 726/761/1 181/762/1 389/763/1
f 920/764/1 727/765/1 266/766/1 728/767/1
f 919/768/1 498/769/1 146/770/1 729/771/1
f 918/772/1 730/773/1 180/774/1 388/775/1
f 917/776/1 731/777/1 267/778/1 732/779/1
f 916/780/1 531/781/1 179/782/1 733/783/1
f 915/784/1 734/785/1 121/786/1 329/787/1
f 914/788/1 735/789/1 268/790/1 736/791/1
f 913/792/1 530/793/1 178/794/1 737/795/1
f 912/796/1 738/797/1 177/798/1 385/799/1
f 911/800/1 739/801/1 269/802/1 740/803/1
f 910/804/1 514/805/1 162/806/1 741/807/1
f 909/808/1 742/809/1 176/810/1 384/811/1
f 908/812/1 743/813/1 270/814/1 744/815/1
f 907/816/1 527/817/1 175/818/1 745/819/1
f 906/820/1 746/821/1 140/25/1 492/24/1
f 905/822/1 747/823/1 271/824/1 748/825/1
f 904/826/1 526/827/1 174/828/1 749/829/1
f 903/830/1 750/831/1 173/832/1 381/833/1
f 902/834/1 751/835/1 272/836/1 752/837/1
f 901/838/1 515/839/1 163/840/1 753/841/1
f 900/842/1 754/843/1 172/844/1 380/845/1
f 899/846/1 755/847/1 273/848/1 756/849/1
f 898/850/1 523/851/1 171/852/1 757/853/1
f 897/854/1 758/855/1 124/856/1 332/857/1
f 896/858/1 759/859/1 274/860/1 760/861/1
f 895/862/1 522/863/1 170/864/1 761/865/1
f 894/866/1 762/867/1 169/868/1 377/869/1
f 893/870/1 763/871/1 275/872/1 764/873/1
f 892/874/1 301/82/1 93/81/1 765/875/1
f 891/876/1 766/877/1 168/878/1 376/879/1
f 890/880/1 767/881/1 276/882/1 768/883/1
f 889/884/1 519/885/1 167/886/1 769/887/1
f 888/888/1 770/889/1 125/890/1 333/891/1
f 887/892/1 771/893/1 277/894/1 772/895/1
f 886/896/1 518/897/1 166/898/1 773/899/1
f 885/900/1 774/901/1 165/902/1 373/903/1
f 884/904/1 775/905/1 278/906/1 776/907/1
f 883/908/1 341/78/1 133/77/1 777/909/1
f 882/910/1 778/911/1 164/912/1 372/913/1
f 881/914/1 779/915/1 279/916/1 780/917/1
f 880/918/1 475/919/1 123/920/1 781/921/1
f 879/922/1 782/923/1 100/29/1 452/28/1
f 878/924/1 783/925/1 280/926/1 784/927/1
f 877/928/1 474/929/1 122/930/1 785/931/1
f 876/932/1 786/933/1 161/934/1 369/935/1
f 875/936/1 787/937/1 281/938/1 788/939/1
f 874/940/1 458/941/1 106/942/1 789/943/1
f 873/944/1 790/945/1 160/946/1 368/947/1
f 872/948/1 791/949/1 282/950/1 792/951/1
f 809/952/6 859/148/6 1138/148/6 1137/952/6
f 870/953/1 794/954/1 104/13/1 456/12/1
f 869/955/1 795/956/1 283/957/1 796/958/1
f 868/959/1 470/960/1 118/961/1 797/962/1
f 867/963/1 798/964/1 157/965/1 365/966/1
f 866/967/1 799/968/1 284/969/1 800/970/1
f 865/971/1 459/972/1 107/973/1 801/974/1
f 864/975/1 802/976/1 156/977/1 364/978/1
f 863/979/1 803/980/1 285/981/1 804/982/1
f 862/983/1 467/984/1 115/985/1 805/986/1
f 861/987/1 806/988/1 136/989/1 344/990/1
f 860/991/1 807/992/1 286/993/1 808/994/1
f 725/759/5 1065/220/5 1151/220/5 1128/759/5
f 858/995/1 810/996/1 153/997/1 361/998/1
f 857/999/1 811/1000/1 287/1001/1 812/1002/1
f 856/1003/1 337/94/1 129/93/1 813/1004/1
f 855/1005/1 814/1006/1 152/1007/1 360/1008/1
f 854/1009/1 815/1010/1 288/1011/1 816/1012/1
f 853/1013/1 463/1014/1 111/1015/1 817/1016/1
f 852/1017/1 818/1018/1 137/1019/1 345/1020/1
f 851/1021/1 819/1022/1 289/1023/1 820/1024/1
f 850/1025/1 462/1026/1 110/1027/1 821/1028/1
f 849/1029/1 822/1030/1 149/1031/1 357/1032/1
f 848/1033/1 823/1034/1 290/1035/1 824/1036/1
f 847/1037/1 349/86/1 141/85/1 825/1038/1
f 846/1039/1 826/1040/1 148/1041/1 356/1042/1
f 845/1043/1 827/1044/1 291/1045/1 828/1046/1
f 844/1047/1 447/1048/1 95/1049/1 829/1050/1
f 843/1051/1 830/1052/1 92/21/1 444/20/1
f 842/1053/1 831/1054/1 292/1055/1 832/1056/1
f 841/1057/1 446/1058/1 94/1059/1 833/1060/1
f 840/1061/1 834/1062/1 88/37/1 440/36/1
f 839/1063/1 835/1064/1 293/1065/1 836/1066/1
f 838/1067/1 353/70/1 145/69/1 837/1068/1
f 835/1064/1 838/1067/1 837/1068/1 293/1065/1
f 229/349/1 581/346/1 838/1067/1 835/1064/1
f 581/346/1 49/71/1 353/70/1 838/1067/1
f 578/376/1 839/1063/1 836/1066/1 226/377/1
f 85/343/1 437/350/1 839/1063/1 578/376/1
f 437/350/1 229/349/1 835/1064/1 839/1063/1
f 434/340/1 840/1061/1 440/36/1 32/35/1
f 226/377/1 836/1066/1 840/1061/1 434/340/1
f 836/1066/1 293/1065/1 834/1062/1 840/1061/1
f 831/1054/1 841/1057/1 833/1060/1 292/1055/1
f 225/381/1 577/338/1 841/1057/1 831/1054/1
f 577/338/1 38/337/1 446/1058/1 841/1057/1
f 574/410/1 842/1053/1 832/1056/1 222/411/1
f 84/333/1 433/382/1 842/1053/1 574/410/1
f 433/382/1 225/381/1 831/1054/1 842/1053/1
f 430/330/1 843/1051/1 444/20/1 36/19/1
f 222/411/1 832/1056/1 843/1051/1 430/330/1
f 832/1056/1 292/1055/1 830/1052/1 843/1051/1
f 827/1044/1 844/1047/1 829/1050/1 291/1045/1
f 221/415/1 573/328/1 844/1047/1 827/1044/1
f 573/328/1 39/327/1 447/1048/1 844/1047/1
f 570/446/1 845/1043/1 828/1046/1 218/447/1
f 83/323/1 429/416/1 845/1043/1 570/446/1
f 429/416/1 221/415/1 827/1044/1 845/1043/1
f 426/318/1 846/1039/1 356/1042/1 52/319/1
f 218/447/1 828/1046/1 846/1039/1 426/318/1
f 828/1046/1 291/1045/1 826/1040/1 846/1039/1
f 823/1034/1 847/1037/1 825/1038/1 290/1035/1
f 217/451/1 569/316/1 847/1037/1 823/1034/1
f 569/316/1 45/87/1 349/86/1 847/1037/1
f 566/480/1 848/1033/1 824/1036/1 214/481/1
f 82/313/1 425/452/1 848/1033/1 566/480/1
f 425/452/1 217/451/1 823/1034/1 848/1033/1
f 422/308/1 849/1029/1 357/1032/1 53/309/1
f 214/481/1 824/1036/1 849/1029/1 422/308/1
f 824/1036/1 290/1035/1 822/1030/1 849/1029/1
f 819/1022/1 850/1025/1 821/1028/1 289/1023/1
f 213/485/1 565/306/1 850/1025/1 819/1022/1
f 565/306/1 54/305/1 462/1026/1 850/1025/1
f 562/516/1 851/1021/1 820/1024/1 210/517/1
f 81/301/1 421/486/1 851/1021/1 562/516/1
f 421/486/1 213/485/1 819/1022/1 851/1021/1
f 418/296/1 852/1017/1 345/1020/1 41/297/1
f 210/517/1 820/1024/1 852/1017/1 418/296/1
f 820/1024/1 289/1023/1 818/1018/1 852/1017/1
f 815/1010/1 853/1013/1 817/1016/1 288/1011/1
f 209/521/1 561/294/1 853/1013/1 815/1010/1
f 561/294/1 55/293/1 463/1014/1 853/1013/1
f 558/552/1 854/1009/1 816/1012/1 206/553/1
f 80/289/1 417/522/1 854/1009/1 558/552/1
f 417/522/1 209/521/1 815/1010/1 854/1009/1
f 414/284/1 855/1005/1 360/1008/1 56/285/1
f 206/553/1 816/1012/1 855/1005/1 414/284/1
f 816/1012/1 288/1011/1 814/1006/1 855/1005/1
f 811/1000/1 856/1003/1 813/1004/1 287/1001/1
f 205/557/1 557/282/1 856/1003/1 811/1000/1
f 557/282/1 33/95/1 337/94/1 856/1003/1
f 554/586/1 857/999/1 812/1002/1 202/587/1
f 79/279/1 413/558/1 857/999/1 554/586/1
f 413/558/1 205/557/1 811/1000/1 857/999/1
f 410/274/1 858/995/1 361/998/1 57/275/1
f 202/587/1 812/1002/1 858/995/1 410/274/1
f 812/1002/1 287/1001/1 810/996/1 858/995/1
f 807/992/1 859/148/1 809/952/1 286/993/1
f 201/591/1 553/149/1 859/148/1 807/992/1
f 1052/267/5 552/270/5 1112/270/5 1147/267/5
f 550/620/1 860/991/1 808/994/1 198/621/1
f 78/269/1 409/592/1 860/991/1 550/620/1
f 409/592/1 201/591/1 807/992/1 860/991/1
f 406/264/1 861/987/1 344/990/1 40/265/1
f 198/621/1 808/994/1 861/987/1 406/264/1
f 808/994/1 286/993/1 806/988/1 861/987/1
f 803/980/1 862/983/1 805/986/1 285/981/1
f 197/625/1 549/262/1 862/983/1 803/980/1
f 549/262/1 59/261/1 467/984/1 862/983/1
f 546/656/1 863/979/1 804/982/1 194/657/1
f 77/257/1 405/626/1 863/979/1 546/656/1
f 405/626/1 197/625/1 803/980/1 863/979/1
f 402/252/1 864/975/1 364/978/1 60/253/1
f 194/657/1 804/982/1 864/975/1 402/252/1
f 804/982/1 285/981/1 802/976/1 864/975/1
f 799/968/1 865/971/1 801/974/1 284/969/1
f 193/661/1 545/250/1 865/971/1 799/968/1
f 545/250/1 51/249/1 459/972/1 865/971/1
f 542/692/1 866/967/1 800/970/1 190/693/1
f 76/245/1 401/662/1 866/967/1 542/692/1
f 401/662/1 193/661/1 799/968/1 866/967/1
f 398/240/1 867/963/1 365/966/1 61/241/1
f 190/693/1 800/970/1 867/963/1 398/240/1
f 800/970/1 284/969/1 798/964/1 867/963/1
f 795/956/1 868/959/1 797/962/1 283/957/1
f 189/697/1 541/238/1 868/959/1 795/956/1
f 541/238/1 62/237/1 470/960/1 868/959/1
f 538/726/1 869/955/1 796/958/1 186/727/1
f 75/233/1 397/698/1 869/955/1 538/726/1
f 397/698/1 189/697/1 795/956/1 869/955/1
f 394/230/1 870/953/1 456/12/1 48/11/1
f 186/727/1 796/958/1 870/953/1 394/230/1
f 796/958/1 283/957/1 794/954/1 870/953/1
f 791/949/1 871/1069/1 793/1070/1 282/950/1
f 185/731/1 537/1071/1 871/1069/1 791/949/1
f 871/1069/6 537/1071/6 1131/1071/6 1139/1069/6
f 534/757/1 872/948/1 792/951/1 182/758/1
f 74/226/1 393/732/1 872/948/1 534/757/1
f 393/732/1 185/731/1 791/949/1 872/948/1
f 390/221/1 873/944/1 368/947/1 64/222/1
f 182/758/1 792/951/1 873/944/1 390/221/1
f 792/951/1 282/950/1 790/945/1 873/944/1
f 787/937/1 874/940/1 789/943/1 281/938/1
f 181/762/1 533/219/1 874/940/1 787/937/1
f 533/219/1 50/218/1 458/941/1 874/940/1
f 530/793/1 875/936/1 788/939/1 178/794/1
f 73/214/1 389/763/1 875/936/1 530/793/1
f 389/763/1 181/762/1 787/937/1 875/936/1
f 386/209/1 876/932/1 369/935/1 65/210/1
f 178/794/1 788/939/1 876/932/1 386/209/1
f 788/939/1 281/938/1 786/933/1 876/932/1
f 783/925/1 877/928/1 785/931/1 280/926/1
f 177/798/1 529/207/1 877/928/1 783/925/1
f 529/207/1 66/206/1 474/929/1 877/928/1
f 526/827/1 878/924/1 784/927/1 174/828/1
f 72/202/1 385/799/1 878/924/1 526/827/1
f 385/799/1 177/798/1 783/925/1 878/924/1
f 382/199/1 879/922/1 452/28/1 44/27/1
f 174/828/1 784/927/1 879/922/1 382/199/1
f 784/927/1 280/926/1 782/923/1 879/922/1
f 779/915/1 880/918/1 781/921/1 279/916/1
f 173/832/1 525/197/1 880/918/1 779/915/1
f 525/197/1 67/196/1 475/919/1 880/918/1
f 522/863/1 881/914/1 780/917/1 170/864/1
f 71/192/1 381/833/1 881/914/1 522/863/1
f 381/833/1 173/832/1 779/915/1 881/914/1
f 378/187/1 882/910/1 372/913/1 68/188/1
f 170/864/1 780/917/1 882/910/1 378/187/1
f 780/917/1 279/916/1 778/911/1 882/910/1
f 775/905/1 883/908/1 777/909/1 278/906/1
f 169/868/1 521/185/1 883/908/1 775/905/1
f 521/185/1 37/79/1 341/78/1 883/908/1
f 518/897/1 884/904/1 776/907/1 166/898/1
f 70/182/1 377/869/1 884/904/1 518/897/1
f 377/869/1 169/868/1 775/905/1 884/904/1
f 374/177/1 885/900/1 373/903/1 69/178/1
f 166/898/1 776/907/1 885/900/1 374/177/1
f 776/907/1 278/906/1 774/901/1 885/900/1
f 771/893/1 886/896/1 773/899/1 277/894/1
f 168/878/1 520/183/1 886/896/1 771/893/1
f 520/183/1 70/182/1 518/897/1 886/896/1
f 475/919/1 887/892/1 772/895/1 123/920/1
f 67/196/1 376/879/1 887/892/1 475/919/1
f 376/879/1 168/878/1 771/893/1 887/892/1
f 331/171/1 888/888/1 333/891/1 29/172/1
f 123/920/1 772/895/1 888/888/1 331/171/1
f 772/895/1 277/894/1 770/889/1 888/888/1
f 767/881/1 889/884/1 769/887/1 276/882/1
f 109/473/1 461/310/1 889/884/1 767/881/1
f 461/310/1 53/309/1 519/885/1 889/884/1
f 515/839/1 890/880/1 768/883/1 163/840/1
f 25/140/1 317/474/1 890/880/1 515/839/1
f 317/474/1 109/473/1 767/881/1 890/880/1
f 371/195/1 891/876/1 376/879/1 67/196/1
f 163/840/1 768/883/1 891/876/1 371/195/1
f 768/883/1 276/882/1 766/877/1 891/876/1
f 763/871/1 892/874/1 765/875/1 275/872/1
f 149/1031/1 501/137/1 892/874/1 763/871/1
f 501/137/1 12/83/1 301/82/1 892/874/1
f 519/885/1 893/870/1 764/873/1 167/886/1
f 53/309/1 357/1032/1 893/870/1 519/885/1
f 357/1032/1 149/1031/1 763/871/1 893/870/1
f 375/181/1 894/866/1 377/869/1 70/182/1
f 167/886/1 764/873/1 894/866/1 375/181/1
f 764/873/1 275/872/1 762/867/1 894/866/1
f 759/859/1 895/862/1 761/865/1 274/860/1
f 172/844/1 524/193/1 895/862/1 759/859/1
f 524/193/1 71/192/1 522/863/1 895/862/1
f 458/941/1 896/858/1 760/861/1 106/942/1
f 50/218/1 380/845/1 896/858/1 458/941/1
f 380/845/1 172/844/1 759/859/1 896/858/1
f 314/165/1 897/854/1 332/857/1 22/166/1
f 106/942/1 760/861/1 897/854/1 314/165/1
f 760/861/1 274/860/1 758/855/1 897/854/1
f 755/847/1 898/850/1 757/853/1 273/848/1
f 97/509/1 449/298/1 898/850/1 755/847/1
f 449/298/1 41/297/1 523/851/1 898/850/1
f 498/769/1 899/846/1 756/849/1 146/770/1
f 13/134/1 305/510/1 899/846/1 498/769/1
f 305/510/1 97/509/1 755/847/1 899/846/1
f 354/217/1 900/842/1 380/845/1 50/218/1
f 146/770/1 756/849/1 900/842/1 354/217/1
f 756/849/1 273/848/1 754/843/1 900/842/1
f 751/835/1 901/838/1 753/841/1 272/836/1
f 137/1019/1 489/141/1 901/838/1 751/835/1
f 489/141/1 25/140/1 515/839/1 901/838/1
f 523/851/1 902/834/1 752/837/1 171/852/1
f 41/297/1 345/1020/1 902/834/1 523/851/1
f 345/1020/1 137/1019/1 751/835/1 902/834/1
f 379/191/1 903/830/1 381/833/1 71/192/1
f 171/852/1 752/837/1 903/830/1 379/191/1
f 752/837/1 272/836/1 750/831/1 903/830/1
f 747/823/1 904/826/1 749/829/1 271/824/1
f 176/810/1 528/203/1 904/826/1 747/823/1
f 528/203/1 72/202/1 526/827/1 904/826/1
f 446/1058/1 905/822/1 748/825/1 94/1059/1
f 38/337/1 384/811/1 905/822/1 446/1058/1
f 384/811/1 176/810/1 747/823/1 905/822/1
f 302/131/1 906/820/1 492/24/1 11/23/1
f 94/1059/1 748/825/1 906/820/1 302/131/1
f 748/825/1 271/824/1 746/821/1 906/820/1
f 743/813/1 907/816/1 745/819/1 270/814/1
f 124/856/1 476/189/1 907/816/1 743/813/1
f 476/189/1 68/188/1 527/817/1 907/816/1
f 486/388/1 908/812/1 744/815/1 134/389/1
f 22/166/1 332/857/1 908/812/1 486/388/1
f 332/857/1 124/856/1 743/813/1 908/812/1
f 342/336/1 909/808/1 384/811/1 38/337/1
f 134/389/1 744/815/1 909/808/1 342/336/1
f 744/815/1 270/814/1 742/809/1 909/808/1
f 739/801/1 910/804/1 741/807/1 269/802/1
f 164/912/1 516/173/1 910/804/1 739/801/1
f 516/173/1 29/172/1 514/805/1 910/804/1
f 527/817/1 911/800/1 740/803/1 175/818/1
f 68/188/1 372/913/1 911/800/1 527/817/1
f 372/913/1 164/912/1 739/801/1 911/800/1
f 383/201/1 912/796/1 385/799/1 72/202/1
f 175/818/1 740/803/1 912/796/1 383/201/1
f 740/803/1 269/802/1 738/797/1 912/796/1
f 735/789/1 913/792/1 737/795/1 268/790/1
f 180/774/1 532/215/1 913/792/1 735/789/1
f 532/215/1 73/214/1 530/793/1 913/792/1
f 471/597/1 914/788/1 736/791/1 119/598/1
f 63/1072/1 388/775/1 914/788/1 471/597/1
f 388/775/1 180/774/1 735/789/1 914/788/1
f 327/161/1 915/784/1 329/787/1 28/162/1
f 119/598/1 736/791/1 915/784/1 327/161/1
f 736/791/1 268/790/1 734/785/1 915/784/1
f 731/777/1 916/780/1 733/783/1 267/778/1
f 108/439/1 460/320/1 916/780/1 731/777/1
f 460/320/1 52/319/1 531/781/1 916/780/1
f 511/1073/1 917/776/1 732/779/1 159/1074/1
f 24/1075/1 316/440/1 917/776/1 511/1073/1
f 316/440/1 108/439/1 731/777/1 917/776/1
f 367/1076/1 918/772/1 388/775/1 63/1072/1
f 159/1074/1 732/779/1 918/772/1 367/1076/1
f 732/779/1 267/778/1 730/773/1 918/772/1
f 727/765/1 919/768/1 729/771/1 266/766/1
f 148/1041/1 500/135/1 919/768/1 727/765/1
f 500/135/1 13/134/1 498/769/1 919/768/1
f 531/781/1 920/764/1 728/767/1 179/782/1
f 52/319/1 356/1042/1 920/764/1 531/781/1
f 356/1042/1 148/1041/1 727/765/1 920/764/1
f 387/213/1 921/760/1 389/763/1 73/214/1
f 179/782/1 728/767/1 921/760/1 387/213/1
f 728/767/1 266/766/1 726/761/1 921/760/1
f 362/1077/5 58/1078/5 1097/1078/5 1096/1077/5
f 1051/1079/6 669/271/6 1133/271/6 1146/1079/6
f 536/227/1 74/226/1 534/757/1 922/756/1
f 451/119/1 923/752/1 724/755/1 99/120/1
f 43/118/1 392/740/1 923/752/1 451/119/1
f 392/740/1 184/739/1 723/753/1 923/752/1
f 307/121/1 924/749/1 328/751/1 15/122/1
f 99/120/1 724/755/1 924/749/1 307/121/1
f 724/755/1 265/754/1 722/228/1 924/749/1
f 721/748/5 1064/224/5 1150/224/5 1125/748/5
f 466/1080/5 114/1081/5 1103/1081/5 1102/1080/5
f 448/266/1 40/265/1 535/746/1 925/745/1
f 491/115/1 926/741/1 720/744/1 139/116/1
f 10/114/1 304/614/1 926/741/1 491/115/1
f 304/614/1 96/613/1 719/742/1 926/741/1
f 347/117/1 927/737/1 392/740/1 43/118/1
f 139/116/1 720/744/1 927/737/1 347/117/1
f 720/744/1 264/743/1 718/738/1 927/737/1
f 715/734/1 928/1082/1 717/1083/1 263/735/1
f 136/989/1 488/1084/1 928/1082/1 715/734/1
f 793/1070/6 871/1069/6 1139/1069/6 1136/1070/6
f 535/746/1 929/733/1 716/736/1 183/747/1
f 40/265/1 344/990/1 929/733/1 535/746/1
f 344/990/1 136/989/1 715/734/1 929/733/1
f 391/225/1 930/729/1 393/732/1 74/226/1
f 183/747/1 716/736/1 930/729/1 391/225/1
f 716/736/1 263/735/1 714/730/1 930/729/1
f 711/722/1 931/725/1 713/728/1 262/723/1
f 188/709/1 540/234/1 931/725/1 711/722/1
f 540/234/1 75/233/1 538/726/1 931/725/1
f 439/127/1 932/721/1 712/724/1 87/128/1
f 31/126/1 396/710/1 932/721/1 439/127/1
f 396/710/1 188/709/1 711/722/1 932/721/1
f 295/129/1 933/719/1 496/8/1 2/6/1
f 87/128/1 712/724/1 933/719/1 295/129/1
f 712/724/1 262/723/1 710/720/1 933/719/1
f 707/712/1 934/715/1 709/718/1 261/713/1
f 120/750/1 472/223/1 934/715/1 707/712/1
f 472/223/1 64/222/1 539/716/1 934/715/1
f 479/123/1 935/711/1 708/714/1 127/124/1
f 15/122/1 328/751/1 935/711/1 479/123/1
f 328/751/1 120/750/1 707/712/1 935/711/1
f 335/125/1 936/707/1 396/710/1 31/126/1
f 127/124/1 708/714/1 936/707/1 335/125/1
f 708/714/1 261/713/1 706/708/1 936/707/1
f 703/700/1 937/703/1 705/706/1 260/701/1
f 160/946/1 512/163/1 937/703/1 703/700/1
f 512/163/1 28/162/1 510/704/1 937/703/1
f 539/716/1 938/699/1 704/702/1 187/717/1
f 64/222/1 368/947/1 938/699/1 539/716/1
f 368/947/1 160/946/1 703/700/1 938/699/1
f 395/232/1 939/695/1 397/698/1 75/233/1
f 187/717/1 704/702/1 939/695/1 395/232/1
f 704/702/1 260/701/1 702/696/1 939/695/1
f 699/688/1 940/691/1 701/694/1 259/689/1
f 192/673/1 544/246/1 940/691/1 699/688/1
f 544/246/1 76/245/1 542/692/1 940/691/1
f 467/984/1 941/687/1 700/690/1 115/985/1
f 59/261/1 400/674/1 941/687/1 467/984/1
f 400/674/1 192/673/1 699/688/1 941/687/1
f 323/151/1 942/683/1 325/686/1 27/152/1
f 115/985/1 700/690/1 942/683/1 323/151/1
f 700/690/1 259/689/1 698/684/1 942/683/1
f 695/676/1 943/679/1 697/682/1 258/677/1
f 98/59/1 450/58/1 943/679/1 695/676/1
f 450/58/1 42/57/1 543/680/1 943/679/1
f 507/632/1 944/675/1 696/678/1 155/633/1
f 14/61/1 306/60/1 944/675/1 507/632/1
f 306/60/1 98/59/1 695/676/1 944/675/1
f 363/260/1 945/671/1 400/674/1 59/261/1
f 155/633/1 696/678/1 945/671/1 363/260/1
f 696/678/1 258/677/1 694/672/1 945/671/1
f 691/664/1 946/667/1 693/670/1 257/665/1
f 138/55/1 490/54/1 946/667/1 691/664/1
f 490/54/1 9/53/1 499/668/1 946/667/1
f 543/680/1 947/663/1 692/666/1 191/681/1
f 42/57/1 346/56/1 947/663/1 543/680/1
f 346/56/1 138/55/1 691/664/1 947/663/1
f 399/244/1 948/659/1 401/662/1 76/245/1
f 191/681/1 692/666/1 948/659/1 399/244/1
f 692/666/1 257/665/1 690/660/1 948/659/1
f 687/652/1 949/655/1 689/658/1 256/653/1
f 196/637/1 548/258/1 949/655/1 687/652/1
f 548/258/1 77/257/1 546/656/1 949/655/1
f 455/103/1 950/651/1 688/654/1 103/104/1
f 47/102/1 404/638/1 950/651/1 455/103/1
f 404/638/1 196/637/1 687/652/1 950/651/1
f 311/105/1 951/647/1 324/650/1 19/106/1
f 103/104/1 688/654/1 951/647/1 311/105/1
f 688/654/1 256/653/1 686/648/1 951/647/1
f 683/640/1 952/643/1 685/646/1 255/641/1
f 86/67/1 438/66/1 952/643/1 683/640/1
f 438/66/1 30/65/1 547/644/1 952/643/1
f 495/99/1 953/639/1 684/642/1 143/100/1
f 1/5/1 294/68/1 953/639/1 495/99/1
f 294/68/1 86/67/1 683/640/1 953/639/1
f 351/101/1 954/635/1 404/638/1 47/102/1
f 143/100/1 684/642/1 954/635/1 351/101/1
f 684/642/1 255/641/1 682/636/1 954/635/1
f 679/628/1 955/631/1 681/634/1 254/629/1
f 126/63/1 478/62/1 955/631/1 679/628/1
f 478/62/1 14/61/1 507/632/1 955/631/1
f 547/644/1 956/627/1 680/630/1 195/645/1
f 30/65/1 334/64/1 956/627/1 547/644/1
f 334/64/1 126/63/1 679/628/1 956/627/1
f 403/256/1 957/623/1 405/626/1 77/257/1
f 195/645/1 680/630/1 957/623/1 403/256/1
f 680/630/1 254/629/1 678/624/1 957/623/1
f 553/149/6 1051/1079/6 1146/1079/6 1132/149/6
f 159/1074/5 367/1076/5 1098/1076/5 1109/1074/5
f 552/270/1 78/269/1 550/620/1 958/619/1
f 443/111/1 959/615/1 676/618/1 91/112/1
f 35/110/1 408/602/1 959/615/1 443/111/1
f 408/602/1 200/601/1 675/616/1 959/615/1
f 299/113/1 960/611/1 304/614/1 10/114/1
f 91/112/1 676/618/1 960/611/1 299/113/1
f 676/618/1 253/617/1 674/612/1 960/611/1
f 253/617/6 675/616/6 1119/616/6 1120/617/6
f 116/649/1 468/254/1 961/607/1 671/604/1
f 468/254/1 60/253/1 551/608/1 961/607/1
f 483/107/1 962/603/1 672/606/1 131/108/1
f 19/106/1 324/650/1 962/603/1 483/107/1
f 324/650/1 116/649/1 671/604/1 962/603/1
f 339/109/1 963/599/1 408/602/1 35/110/1
f 131/108/1 672/606/1 963/599/1 339/109/1
f 672/606/1 252/605/1 670/600/1 963/599/1
f 667/594/1 964/272/1 669/271/1 251/595/1
f 156/977/1 508/153/1 964/272/1 667/594/1
f 508/153/1 27/152/1 506/1085/1 964/272/1
f 551/608/1 965/593/1 668/596/1 199/609/1
f 60/253/1 364/978/1 965/593/1 551/608/1
f 364/978/1 156/977/1 667/594/1 965/593/1
f 407/268/1 966/589/1 409/592/1 78/269/1
f 199/609/1 668/596/1 966/589/1 407/268/1
f 668/596/1 251/595/1 666/590/1 966/589/1
f 663/582/1 967/585/1 665/588/1 250/583/1
f 204/567/1 556/280/1 967/585/1 663/582/1
f 556/280/1 79/279/1 554/586/1 967/585/1
f 463/1014/1 968/581/1 664/584/1 111/1015/1
f 55/293/1 412/568/1 968/581/1 463/1014/1
f 412/568/1 204/567/1 663/582/1 968/581/1
f 319/143/1 969/577/1 321/580/1 26/144/1
f 111/1015/1 664/584/1 969/577/1 319/143/1
f 664/584/1 250/583/1 662/578/1 969/577/1
f 659/570/1 970/573/1 661/576/1 249/571/1
f 102/43/1 454/42/1 970/573/1 659/570/1
f 454/42/1 46/41/1 555/574/1 970/573/1
f 503/528/1 971/569/1 660/572/1 151/529/1
f 18/45/1 310/44/1 971/569/1 503/528/1
f 310/44/1 102/43/1 659/570/1 971/569/1
f 359/292/1 972/565/1 412/568/1 55/293/1
f 151/529/1 660/572/1 972/565/1 359/292/1
f 660/572/1 249/571/1 658/566/1 972/565/1
f 655/560/1 973/563/1 657/564/1 248/561/1
f 142/39/1 494/38/1 973/563/1 655/560/1
f 494/38/1 3/7/1 297/98/1 973/563/1
f 555/574/1 974/559/1 656/562/1 203/575/1
f 46/41/1 350/40/1 974/559/1 555/574/1
f 350/40/1 142/39/1 655/560/1 974/559/1
f 411/278/1 975/555/1 413/558/1 79/279/1
f 203/575/1 656/562/1 975/555/1 411/278/1
f 656/562/1 248/561/1 654/556/1 975/555/1
f 651/548/1 976/551/1 653/554/1 247/549/1
f 208/533/1 560/290/1 976/551/1 651/548/1
f 560/290/1 80/289/1 558/552/1 976/551/1
f 459/972/1 977/547/1 652/550/1 107/973/1
f 51/249/1 416/534/1 977/547/1 459/972/1
f 416/534/1 208/533/1 651/548/1 977/547/1
f 315/155/1 978/543/1 320/546/1 23/156/1
f 107/973/1 652/550/1 978/543/1 315/155/1
f 652/550/1 247/549/1 650/544/1 978/543/1
f 647/536/1 979/539/1 649/542/1 246/537/1
f 90/51/1 442/50/1 979/539/1 647/536/1
f 442/50/1 34/49/1 559/540/1 979/539/1
f 499/668/1 980/535/1 648/538/1 147/669/1
f 9/53/1 298/52/1 980/535/1 499/668/1
f 298/52/1 90/51/1 647/536/1 980/535/1
f 355/248/1 981/531/1 416/534/1 51/249/1
f 147/669/1 648/538/1 981/531/1 355/248/1
f 648/538/1 246/537/1 646/532/1 981/531/1
f 643/524/1 982/527/1 645/530/1 245/525/1
f 130/47/1 482/46/1 982/527/1 643/524/1
f 482/46/1 18/45/1 503/528/1 982/527/1
f 559/540/1 983/523/1 644/526/1 207/541/1
f 34/49/1 338/48/1 983/523/1 559/540/1
f 338/48/1 130/47/1 643/524/1 983/523/1
f 415/288/1 984/519/1 417/522/1 80/289/1
f 207/541/1 644/526/1 984/519/1 415/288/1
f 644/526/1 245/525/1 642/520/1 984/519/1
f 639/512/1 985/515/1 641/518/1 244/513/1
f 212/497/1 564/302/1 985/515/1 639/512/1
f 564/302/1 81/301/1 562/516/1 985/515/1
f 447/1048/1 986/511/1 640/514/1 95/1049/1
f 39/327/1 420/498/1 986/511/1 447/1048/1
f 420/498/1 212/497/1 639/512/1 986/511/1
f 303/133/1 987/507/1 305/510/1 13/134/1
f 95/1049/1 640/514/1 987/507/1 303/133/1
f 640/514/1 244/513/1 638/508/1 987/507/1
f 635/500/1 988/503/1 637/506/1 243/501/1
f 112/545/1 464/286/1 988/503/1 635/500/1
f 464/286/1 56/285/1 563/504/1 988/503/1
f 487/422/1 989/499/1 636/502/1 135/423/1
f 23/156/1 320/546/1 989/499/1 487/422/1
f 320/546/1 112/545/1 635/500/1 989/499/1
f 343/326/1 990/495/1 420/498/1 39/327/1
f 135/423/1 636/502/1 990/495/1 343/326/1
f 636/502/1 243/501/1 634/496/1 990/495/1
f 631/488/1 991/491/1 633/494/1 242/489/1
f 152/1007/1 504/145/1 991/491/1 631/488/1
f 504/145/1 26/144/1 502/492/1 991/491/1
f 563/504/1 992/487/1 632/490/1 211/505/1
f 56/285/1 360/1008/1 992/487/1 563/504/1
f 360/1008/1 152/1007/1 631/488/1 992/487/1
f 419/300/1 993/483/1 421/486/1 81/301/1
f 211/505/1 632/490/1 993/483/1 419/300/1
f 632/490/1 242/489/1 630/484/1 993/483/1
f 627/476/1 994/479/1 629/482/1 241/477/1
f 216/461/1 568/314/1 994/479/1 627/476/1
f 568/314/1 82/313/1 566/480/1 994/479/1
f 462/1026/1 995/475/1 628/478/1 110/1027/1
f 54/305/1 424/462/1 995/475/1 462/1026/1
f 424/462/1 216/461/1 627/476/1 995/475/1
f 318/139/1 996/471/1 317/474/1 25/140/1
f 110/1027/1 628/478/1 996/471/1 318/139/1
f 628/478/1 241/477/1 626/472/1 996/471/1
f 623/464/1 997/467/1 625/470/1 240/465/1
f 113/579/1 465/276/1 997/467/1 623/464/1
f 465/276/1 57/275/1 567/468/1 997/467/1
f 502/492/1 998/463/1 624/466/1 150/493/1
f 26/144/1 321/580/1 998/463/1 502/492/1
f 321/580/1 113/579/1 623/464/1 998/463/1
f 358/304/1 999/459/1 424/462/1 54/305/1
f 150/493/1 624/466/1 999/459/1 358/304/1
f 624/466/1 240/465/1 622/460/1 999/459/1
f 619/454/1 1000/457/1 621/458/1 239/455/1
f 153/997/1 505/147/1 1000/457/1 619/454/1
f 505/147/1 17/91/1 309/90/1 1000/457/1
f 567/468/1 1001/453/1 620/456/1 215/469/1
f 57/275/1 361/998/1 1001/453/1 567/468/1
f 361/998/1 153/997/1 619/454/1 1001/453/1
f 423/312/1 1002/449/1 425/452/1 82/313/1
f 215/469/1 620/456/1 1002/449/1 423/312/1
f 620/456/1 239/455/1 618/450/1 1002/449/1
f 615/442/1 1003/445/1 617/448/1 238/443/1
f 220/427/1 572/324/1 1003/445/1 615/442/1
f 572/324/1 83/323/1 570/446/1 1003/445/1
f 466/1080/1 1004/441/1 616/444/1 114/1081/1
f 58/1078/1 428/428/1 1004/441/1 466/1080/1
f 428/428/1 220/427/1 615/442/1 1004/441/1
f 322/1086/1 1005/437/1 316/440/1 24/1075/1
f 114/1081/1 616/444/1 1005/437/1 322/1086/1
f 616/444/1 238/443/1 614/438/1 1005/437/1
f 611/430/1 1006/433/1 613/436/1 237/431/1
f 117/685/1 469/242/1 1006/433/1 611/430/1
f 469/242/1 61/241/1 571/434/1 1006/433/1
f 506/1085/1 1007/429/1 612/432/1 154/1087/1
f 27/152/1 325/686/1 1007/429/1 506/1085/1
f 325/686/1 117/685/1 611/430/1 1007/429/1
f 362/1077/1 1008/425/1 428/428/1 58/1078/1
f 154/1087/1 612/432/1 1008/425/1 362/1077/1
f 612/432/1 237/431/1 610/426/1 1008/425/1
f 607/418/1 1009/421/1 609/424/1 236/419/1
f 157/965/1 509/157/1 1009/421/1 607/418/1
f 509/157/1 23/156/1 487/422/1 1009/421/1
f 571/434/1 1010/417/1 608/420/1 219/435/1
f 61/241/1 365/966/1 1010/417/1 571/434/1
f 365/966/1 157/965/1 607/418/1 1010/417/1
f 427/322/1 1011/413/1 429/416/1 83/323/1
f 219/435/1 608/420/1 1011/413/1 427/322/1
f 608/420/1 236/419/1 606/414/1 1011/413/1
f 603/406/1 1012/409/1 605/412/1 235/407/1
f 224/393/1 576/334/1 1012/409/1 603/406/1
f 576/334/1 84/333/1 574/410/1 1012/409/1
f 470/960/1 1013/405/1 604/408/1 118/961/1
f 62/237/1 432/394/1 1013/405/1 470/960/1
f 432/394/1 224/393/1 603/406/1 1013/405/1
f 326/159/1 1014/403/1 484/16/1 20/15/1
f 118/961/1 604/408/1 1014/403/1 326/159/1
f 604/408/1 235/407/1 602/404/1 1014/403/1
f 599/396/1 1015/399/1 601/402/1 234/397/1
f 121/786/1 473/211/1 1015/399/1 599/396/1
f 473/211/1 65/210/1 575/400/1 1015/399/1
f 510/704/1 1016/395/1 600/398/1 158/705/1
f 28/162/1 329/787/1 1016/395/1 510/704/1
f 329/787/1 121/786/1 599/396/1 1016/395/1
f 366/236/1 1017/391/1 432/394/1 62/237/1
f 158/705/1 600/398/1 1017/391/1 366/236/1
f 600/398/1 234/397/1 598/392/1 1017/391/1
f 595/384/1 1018/387/1 597/390/1 233/385/1
f 161/934/1 513/167/1 1018/387/1 595/384/1
f 513/167/1 22/166/1 486/388/1 1018/387/1
f 575/400/1 1019/383/1 596/386/1 223/401/1
f 65/210/1 369/935/1 1019/383/1 575/400/1
f 369/935/1 161/934/1 595/384/1 1019/383/1
f 431/332/1 1020/379/1 433/382/1 84/333/1
f 223/401/1 596/386/1 1020/379/1 431/332/1
f 596/386/1 233/385/1 594/380/1 1020/379/1
f 591/372/1 1021/375/1 593/378/1 232/373/1
f 228/359/1 580/344/1 1021/375/1 591/372/1
f 580/344/1 85/343/1 578/376/1 1021/375/1
f 474/929/1 1022/371/1 592/374/1 122/930/1
f 66/206/1 436/360/1 1022/371/1 474/929/1
f 436/360/1 228/359/1 591/372/1 1022/371/1
f 330/169/1 1023/369/1 480/32/1 16/31/1
f 122/930/1 592/374/1 1023/369/1 330/169/1
f 592/374/1 232/373/1 590/370/1 1023/369/1
f 587/362/1 1024/365/1 589/368/1 231/363/1
f 125/890/1 477/179/1 1024/365/1 587/362/1
f 477/179/1 69/178/1 579/366/1 1024/365/1
f 514/805/1 1025/361/1 588/364/1 162/806/1
f 29/172/1 333/891/1 1025/361/1 514/805/1
f 333/891/1 125/890/1 587/362/1 1025/361/1
f 370/205/1 1026/357/1 436/360/1 66/206/1
f 162/806/1 588/364/1 1026/357/1 370/205/1
f 588/364/1 231/363/1 586/358/1 1026/357/1
f 583/352/1 1027/355/1 585/356/1 230/353/1
f 165/902/1 517/175/1 1027/355/1 583/352/1
f 517/175/1 21/75/1 313/74/1 1027/355/1
f 579/366/1 1028/351/1 584/354/1 227/367/1
f 69/178/1 373/903/1 1028/351/1 579/366/1
f 373/903/1 165/902/1 583/352/1 1028/351/1
f 435/342/1 1029/347/1 437/350/1 85/343/1
f 227/367/1 584/354/1 1029/347/1 435/342/1
f 584/354/1 230/353/1 582/348/1 1029/347/1
f 582/348/1 1030/345/1 581/346/1 229/349/1
f 230/353/1 585/356/1 1030/345/1 582/348/1
f 585/356/1 105/73/1 457/72/1 1030/345/1
f 586/358/1 1031/341/1 580/344/1 228/359/1
f 231/363/1 589/368/1 1031/341/1 586/358/1
f 589/368/1 227/367/1 435/342/1 1031/341/1
f 590/370/1 1032/339/1 336/34/1 128/33/1
f 232/373/1 593/378/1 1032/339/1 590/370/1
f 593/378/1 226/377/1 434/340/1 1032/339/1
f 594/380/1 1033/335/1 577/338/1 225/381/1
f 233/385/1 597/390/1 1033/335/1 594/380/1
f 597/390/1 134/389/1 342/336/1 1033/335/1
f 598/392/1 1034/331/1 576/334/1 224/393/1
f 234/397/1 601/402/1 1034/331/1 598/392/1
f 601/402/1 223/401/1 431/332/1 1034/331/1
f 602/404/1 1035/329/1 340/18/1 132/17/1
f 235/407/1 605/412/1 1035/329/1 602/404/1
f 605/412/1 222/411/1 430/330/1 1035/329/1
f 606/414/1 1036/325/1 573/328/1 221/415/1
f 236/419/1 609/424/1 1036/325/1 606/414/1
f 609/424/1 135/423/1 343/326/1 1036/325/1
f 610/426/1 1037/321/1 572/324/1 220/427/1
f 237/431/1 613/436/1 1037/321/1 610/426/1
f 613/436/1 219/435/1 427/322/1 1037/321/1
f 614/438/1 1038/317/1 460/320/1 108/439/1
f 238/443/1 617/448/1 1038/317/1 614/438/1
f 617/448/1 218/447/1 426/318/1 1038/317/1
f 618/450/1 1039/315/1 569/316/1 217/451/1
f 239/455/1 621/458/1 1039/315/1 618/450/1
f 621/458/1 101/89/1 453/88/1 1039/315/1
f 622/460/1 1040/311/1 568/314/1 216/461/1
f 240/465/1 625/470/1 1040/311/1 622/460/1
f 625/470/1 215/469/1 423/312/1 1040/311/1
f 626/472/1 1041/307/1 461/310/1 109/473/1
f 241/477/1 629/482/1 1041/307/1 626/472/1
f 629/482/1 214/481/1 422/308/1 1041/307/1
f 630/484/1 1042/303/1 565/306/1 213/485/1
f 242/489/1 633/494/1 1042/303/1 630/484/1
f 633/494/1 150/493/1 358/304/1 1042/303/1
f 634/496/1 1043/299/1 564/302/1 212/497/1
f 243/501/1 637/506/1 1043/299/1 634/496/1
f 637/506/1 211/505/1 419/300/1 1043/299/1
f 638/508/1 1044/295/1 449/298/1 97/509/1
f 244/513/1 641/518/1 1044/295/1 638/508/1
f 641/518/1 210/517/1 418/296/1 1044/295/1
f 642/520/1 1045/291/1 561/294/1 209/521/1
f 245/525/1 645/530/1 1045/291/1 642/520/1
f 645/530/1 151/529/1 359/292/1 1045/291/1
f 646/532/1 1046/287/1 560/290/1 208/533/1
f 246/537/1 649/542/1 1046/287/1 646/532/1
f 649/542/1 207/541/1 415/288/1 1046/287/1
f 650/544/1 1047/283/1 464/286/1 112/545/1
f 247/549/1 653/554/1 1047/283/1 650/544/1
f 653/554/1 206/553/1 414/284/1 1047/283/1
f 654/556/1 1048/281/1 557/282/1 205/557/1
f 248/561/1 657/564/1 1048/281/1 654/556/1
f 657/564/1 89/97/1 441/96/1 1048/281/1
f 658/566/1 1049/277/1 556/280/1 204/567/1
f 249/571/1 661/576/1 1049/277/1 658/566/1
f 661/576/1 203/575/1 411/278/1 1049/277/1
f 662/578/1 1050/273/1 465/276/1 113/579/1
f 250/583/1 665/588/1 1050/273/1 662/578/1
f 665/588/1 202/587/1 410/274/1 1050/273/1
f 666/590/1 1051/1079/1 553/149/1 201/591/1
f 251/595/1 669/271/1 1051/1079/1 666/590/1
f 1064/224/5 536/227/5 1110/227/5 1150/224/5
f 63/1072/5 471/597/5 1104/597/5 1099/1072/5
f 96/613/6 674/612/6 1118/612/6 1101/613/6
f 673/610/1 199/609/1 407/268/1 1052/267/1
f 1063/1088/6 717/1083/6 1134/1083/6 1149/1088/6
f 327/161/3 1082/160/3 1152/160/3 1129/161/3
f 677/622/1 198/621/1 406/264/1 1053/263/1
f 678/624/1 1054/259/1 549/262/1 197/625/1
f 254/629/1 681/634/1 1054/259/1 678/624/1
f 681/634/1 155/633/1 363/260/1 1054/259/1
f 682/636/1 1055/255/1 548/258/1 196/637/1
f 255/641/1 685/646/1 1055/255/1 682/636/1
f 685/646/1 195/645/1 403/256/1 1055/255/1
f 686/648/1 1056/251/1 468/254/1 116/649/1
f 256/653/1 689/658/1 1056/251/1 686/648/1
f 689/658/1 194/657/1 402/252/1 1056/251/1
f 690/660/1 1057/247/1 545/250/1 193/661/1
f 257/665/1 693/670/1 1057/247/1 690/660/1
f 693/670/1 147/669/1 355/248/1 1057/247/1
f 694/672/1 1058/243/1 544/246/1 192/673/1
f 258/677/1 697/682/1 1058/243/1 694/672/1
f 697/682/1 191/681/1 399/244/1 1058/243/1
f 698/684/1 1059/239/1 469/242/1 117/685/1
f 259/689/1 701/694/1 1059/239/1 698/684/1
f 701/694/1 190/693/1 398/240/1 1059/239/1
f 702/696/1 1060/235/1 541/238/1 189/697/1
f 260/701/1 705/706/1 1060/235/1 702/696/1
f 705/706/1 158/705/1 366/236/1 1060/235/1
f 706/708/1 1061/231/1 540/234/1 188/709/1
f 261/713/1 709/718/1 1061/231/1 706/708/1
f 709/718/1 187/717/1 395/232/1 1061/231/1
f 710/720/1 1062/229/1 352/10/1 144/9/1
f 262/723/1 713/728/1 1062/229/1 710/720/1
f 713/728/1 186/727/1 394/230/1 1062/229/1
f 714/730/1 1063/1088/1 537/1071/1 185/731/1
f 263/735/1 717/1083/1 1063/1088/1 714/730/1
f 537/1071/6 1063/1088/6 1149/1088/6 1131/1071/6
f 252/605/6 671/604/6 1115/604/6 1116/605/6
f 536/227/5 922/756/5 1140/756/5 1110/227/5
f 721/748/1 183/747/1 391/225/1 1064/224/1
f 722/228/1 1065/220/1 472/223/1 120/750/1
f 671/604/4 961/607/4 1144/607/4 1115/604/4
f 725/759/1 182/758/1 390/221/1 1065/220/1
f 726/761/1 1066/216/1 533/219/1 181/762/1
f 266/766/1 729/771/1 1066/216/1 726/761/1
f 729/771/1 146/770/1 354/217/1 1066/216/1
f 730/773/1 1067/212/1 532/215/1 180/774/1
f 267/778/1 733/783/1 1067/212/1 730/773/1
f 733/783/1 179/782/1 387/213/1 1067/212/1
f 734/785/1 1068/208/1 473/211/1 121/786/1
f 268/790/1 737/795/1 1068/208/1 734/785/1
f 737/795/1 178/794/1 386/209/1 1068/208/1
f 738/797/1 1069/204/1 529/207/1 177/798/1
f 269/802/1 741/807/1 1069/204/1 738/797/1
f 741/807/1 162/806/1 370/205/1 1069/204/1
f 742/809/1 1070/200/1 528/203/1 176/810/1
f 270/814/1 745/819/1 1070/200/1 742/809/1
f 745/819/1 175/818/1 383/201/1 1070/200/1
f 746/821/1 1071/198/1 348/26/1 140/25/1
f 271/824/1 749/829/1 1071/198/1 746/821/1
f 749/829/1 174/828/1 382/199/1 1071/198/1
f 750/831/1 1072/194/1 525/197/1 173/832/1
f 272/836/1 753/841/1 1072/194/1 750/831/1
f 753/841/1 163/840/1 371/195/1 1072/194/1
f 754/843/1 1073/190/1 524/193/1 172/844/1
f 273/848/1 757/853/1 1073/190/1 754/843/1
f 757/853/1 171/852/1 379/191/1 1073/190/1
f 758/855/1 1074/186/1 476/189/1 124/856/1
f 274/860/1 761/865/1 1074/186/1 758/855/1
f 761/865/1 170/864/1 378/187/1 1074/186/1
f 762/867/1 1075/184/1 521/185/1 169/868/1
f 275/872/1 765/875/1 1075/184/1 762/867/1
f 765/875/1 93/81/1 445/80/1 1075/184/1
f 766/877/1 1076/180/1 520/183/1 168/878/1
f 276/882/1 769/887/1 1076/180/1 766/877/1
f 769/887/1 167/886/1 375/181/1 1076/180/1
f 770/889/1 1077/176/1 477/179/1 125/890/1
f 277/894/1 773/899/1 1077/176/1 770/889/1
f 773/899/1 166/898/1 374/177/1 1077/176/1
f 774/901/1 1078/174/1 517/175/1 165/902/1
f 278/906/1 777/909/1 1078/174/1 774/901/1
f 777/909/1 133/77/1 485/76/1 1078/174/1
f 778/911/1 1079/170/1 516/173/1 164/912/1
f 279/916/1 781/921/1 1079/170/1 778/911/1
f 781/921/1 123/920/1 331/171/1 1079/170/1
f 782/923/1 1080/168/1 308/30/1 100/29/1
f 280/926/1 785/931/1 1080/168/1 782/923/1
f 785/931/1 122/930/1 330/169/1 1080/168/1
f 786/933/1 1081/164/1 513/167/1 161/934/1
f 281/938/1 789/943/1 1081/164/1 786/933/1
f 789/943/1 106/942/1 314/165/1 1081/164/1
f 790/945/1 1082/160/1 512/163/1 160/946/1
f 282/950/1 793/1070/1 1082/160/1 790/945/1
f 265/754/6 723/753/6 1126/753/6 1127/754/6
f 794/954/1 1083/158/1 312/14/1 104/13/1
f 283/957/1 797/962/1 1083/158/1 794/954/1
f 797/962/1 118/961/1 326/159/1 1083/158/1
f 798/964/1 1084/154/1 509/157/1 157/965/1
f 284/969/1 801/974/1 1084/154/1 798/964/1
f 801/974/1 107/973/1 315/155/1 1084/154/1
f 802/976/1 1085/150/1 508/153/1 156/977/1
f 285/981/1 805/986/1 1085/150/1 802/976/1
f 805/986/1 115/985/1 323/151/1 1085/150/1
f 806/988/1 1086/1089/1 488/1084/1 136/989/1
f 286/993/1 809/952/1 1086/1089/1 806/988/1
f 154/1087/5 362/1077/5 1096/1077/5 1107/1087/5
f 810/996/1 1087/146/1 505/147/1 153/997/1
f 287/1001/1 813/1004/1 1087/146/1 810/996/1
f 813/1004/1 129/93/1 481/92/1 1087/146/1
f 814/1006/1 1088/142/1 504/145/1 152/1007/1
f 288/1011/1 817/1016/1 1088/142/1 814/1006/1
f 817/1016/1 111/1015/1 319/143/1 1088/142/1
f 818/1018/1 1089/138/1 489/141/1 137/1019/1
f 289/1023/1 821/1028/1 1089/138/1 818/1018/1
f 821/1028/1 110/1027/1 318/139/1 1089/138/1
f 822/1030/1 1090/136/1 501/137/1 149/1031/1
f 290/1035/1 825/1038/1 1090/136/1 822/1030/1
f 825/1038/1 141/85/1 493/84/1 1090/136/1
f 826/1040/1 1091/132/1 500/135/1 148/1041/1
f 291/1045/1 829/1050/1 1091/132/1 826/1040/1
f 829/1050/1 95/1049/1 303/133/1 1091/132/1
f 830/1052/1 1092/130/1 300/22/1 92/21/1
f 292/1055/1 833/1060/1 1092/130/1 830/1052/1
f 833/1060/1 94/1059/1 302/131/1 1092/130/1
f 834/1062/1 1093/1/1 296/4/1 88/37/1
f 293/1065/1 837/1068/1 1093/1/1 834/1062/1
f 837/1068/1 145/69/1 497/2/1 1093/1/1
f 1145/272/4 1205/272/4 1226/272/4 1225/272/4
f 1127/754/6 1126/753/6 1186/753/6 1187/754/6
f 1206/1079/1 1192/149/1 1214/149/1 1217/1079/1
f 1121/622/5 1148/263/5 1208/263/5 1181/622/5
f 1148/263/5 1100/266/5 1160/266/5 1208/263/5
f 1124/743/6 1123/742/6 1183/742/6 1184/743/6
f 1133/271/2 1145/272/2 1225/272/2 1224/271/2
f 1111/739/6 1122/738/6 1182/738/6 1171/739/6
f 1212/160/3 1152/160/3 1231/160/3 1242/160/3
f 1117/610/5 1147/267/5 1207/267/5 1177/610/5
f 1147/267/5 1112/270/5 1172/270/5 1207/267/5
f 1120/617/6 1119/616/6 1179/616/6 1180/617/6
f 1101/613/6 1118/612/6 1178/612/6 1161/613/6
f 1126/753/6 1111/739/6 1171/739/6 1186/753/6
f 1205/272/1 1193/271/1 1223/271/1 1226/272/1
f 1135/228/6 1127/754/6 1187/754/6 1195/228/6
f 1149/1088/2 1134/1083/2 1228/1083/2 1230/1088/2
f 1116/605/6 1115/604/6 1175/604/6 1176/605/6
f 1123/742/6 1101/613/6 1161/613/6 1183/742/6
f 1145/272/4 1106/1085/4 1166/1085/4 1205/272/4
f 1113/601/6 1114/600/6 1174/600/6 1173/601/6
f 1122/738/6 1124/743/6 1184/743/6 1182/738/6
f 1194/1083/1 1209/1088/1 1241/1088/1 1239/1083/1
f 1115/604/4 1144/607/4 1204/607/4 1175/604/4
f 1119/616/6 1113/601/6 1173/601/6 1179/616/6
f 1144/607/5 1117/610/5 1177/610/5 1204/607/5
f 1108/1073/5 1109/1074/5 1169/1074/5 1168/1073/5
f 1118/612/6 1120/617/6 1180/617/6 1178/612/6
f 367/1076/5 63/1072/5 1099/1072/5 1098/1076/5
f 925/745/5 721/748/5 1125/748/5 1141/745/5
f 114/1081/5 322/1086/5 1094/1086/5 1103/1081/5
f 448/266/5 925/745/5 1141/745/5 1100/266/5
f 958/619/5 677/622/5 1121/622/5 1143/619/5
f 1053/263/5 448/266/5 1100/266/5 1148/263/5
f 964/272/4 506/1085/4 1106/1085/4 1145/272/4
f 552/270/5 958/619/5 1143/619/5 1112/270/5
f 488/1084/6 1086/1089/6 1153/1089/6 1130/1084/6
f 677/622/5 1053/263/5 1148/263/5 1121/622/5
f 1086/1089/6 809/952/6 1137/952/6 1153/1089/6
f 718/738/6 264/743/6 1124/743/6 1122/738/6
f 719/742/6 96/613/6 1101/613/6 1123/742/6
f 119/598/5 327/161/5 1129/161/5 1105/598/5
f 24/1075/5 511/1073/5 1108/1073/5 1095/1075/5
f 322/1086/5 24/1075/5 1095/1075/5 1094/1086/5
f 506/1085/5 154/1087/5 1107/1087/5 1106/1085/5
f 722/228/6 265/754/6 1127/754/6 1135/228/6
f 670/600/6 252/605/6 1116/605/6 1114/600/6
f 723/753/6 184/739/6 1111/739/6 1126/753/6
f 184/739/6 718/738/6 1122/738/6 1111/739/6
f 264/743/6 719/742/6 1123/742/6 1124/743/6
f 717/1083/6 928/1082/6 1142/1082/6 1134/1083/6
f 674/612/6 253/617/6 1120/617/6 1118/612/6
f 511/1073/5 159/1074/5 1109/1074/5 1108/1073/5
f 928/1082/6 488/1084/6 1130/1084/6 1142/1082/6
f 675/616/6 200/601/6 1113/601/6 1119/616/6
f 961/607/5 673/610/5 1117/610/5 1144/607/5
f 1082/160/6 793/1070/6 1136/1070/6 1152/160/6
f 58/1078/5 466/1080/5 1102/1080/5 1097/1078/5
f 922/756/5 725/759/5 1128/759/5 1140/756/5
f 200/601/6 670/600/6 1114/600/6 1113/601/6
f 1213/1089/1 1154/1086/1 1155/1075/1 1190/1084/1
f 1209/1088/1 1158/1076/1 1159/1072/1 1191/1071/1
f 1206/1079/1 1156/1077/1 1157/1078/1 1192/149/1
f 1205/272/1 1166/1085/1 1167/1087/1 1193/271/1
f 1202/1082/1 1168/1073/1 1169/1074/1 1194/1083/1
f 1199/1069/1 1164/597/1 1165/598/1 1196/1070/1
f 1198/148/1 1162/1080/1 1163/1081/1 1197/952/1
f 1192/149/1 1157/1078/1 1162/1080/1 1198/148/1
f 1191/1071/1 1159/1072/1 1164/597/1 1199/1069/1
f 1186/753/1 1200/756/1 1188/759/1 1187/754/1
f 1171/739/1 1170/227/1 1200/756/1 1186/753/1
f 1183/742/1 1201/745/1 1185/748/1 1184/743/1
f 1161/613/1 1160/266/1 1201/745/1 1183/742/1
f 1190/1084/1 1155/1075/1 1168/1073/1 1202/1082/1
f 1179/616/1 1203/619/1 1181/622/1 1180/617/1
f 1173/601/1 1172/270/1 1203/619/1 1179/616/1
f 1175/604/1 1204/607/1 1177/610/1 1176/605/1
f 1193/271/1 1167/1087/1 1156/1077/1 1206/1079/1
f 1174/600/1 1207/267/1 1172/270/1 1173/601/1
f 1176/605/1 1177/610/1 1207/267/1 1174/600/1
f 1178/612/1 1208/263/1 1160/266/1 1161/613/1
f 1180/617/1 1181/622/1 1208/263/1 1178/612/1
f 1194/1083/1 1169/1074/1 1158/1076/1 1209/1088/1
f 1182/738/1 1210/224/1 1170/227/1 1171/739/1
f 1184/743/1 1185/748/1 1210/224/1 1182/738/1
f 1187/754/1 1188/759/1 1211/220/1 1195/228/1
f 1196/1070/1 1165/598/1 1189/161/1 1212/160/1
f 1197/952/1 1163/1081/1 1154/1086/1 1213/1089/1
f 1131/1071/2 1149/1088/2 1230/1088/2 1222/1071/2
f 1103/1081/5 1094/1086/5 1154/1086/5 1163/1081/5
f 1139/1069/2 1131/1071/2 1222/1071/2 1220/1069/2
f 1140/756/5 1128/759/5 1188/759/5 1200/756/5
f 1105/598/5 1129/161/5 1189/161/5 1165/598/5
f 1110/227/5 1140/756/5 1200/756/5 1170/227/5
f 1107/1087/5 1096/1077/5 1156/1077/5 1167/1087/5
f 1150/224/5 1110/227/5 1170/227/5 1210/224/5
f 1109/1074/5 1098/1076/5 1158/1076/5 1169/1074/5
f 1125/748/5 1150/224/5 1210/224/5 1185/748/5
f 1141/745/5 1125/748/5 1185/748/5 1201/745/5
f 1097/1078/5 1102/1080/5 1162/1080/5 1157/1078/5
f 1100/266/5 1141/745/5 1201/745/5 1160/266/5
f 1099/1072/5 1104/597/5 1164/597/5 1159/1072/5
f 1094/1086/5 1095/1075/5 1155/1075/5 1154/1086/5
f 1128/759/5 1151/220/5 1211/220/5 1188/759/5
f 1096/1077/5 1097/1078/5 1157/1078/5 1156/1077/5
f 1151/220/3 1135/228/3 1195/228/3 1211/220/3
f 1209/1088/1 1191/1071/1 1237/1071/1 1241/1088/1
f 1095/1075/5 1108/1073/5 1168/1073/5 1155/1075/5
f 1098/1076/5 1099/1072/5 1159/1072/5 1158/1076/5
f 1191/1071/1 1199/1069/1 1235/1069/1 1237/1071/1
f 1136/1070/2 1139/1069/2 1220/1069/2 1221/1070/2
f 1129/161/3 1152/160/3 1212/160/3 1189/161/3
f 1102/1080/5 1103/1081/5 1163/1081/5 1162/1080/5
f 1199/1069/1 1196/1070/1 1236/1070/1 1235/1069/1
f 1143/619/5 1121/622/5 1181/622/5 1203/619/5
f 1104/597/5 1105/598/5 1165/598/5 1164/597/5
f 1153/1089/2 1137/952/2 1219/952/2 1232/1089/2
f 1112/270/5 1143/619/5 1203/619/5 1172/270/5
f 1114/600/6 1116/605/6 1176/605/6 1174/600/6
f 1106/1085/5 1107/1087/5 1167/1087/5 1166/1085/5
f 1220/1069/6 1222/1071/6 1237/1071/6 1235/1069/6
f 1221/1070/6 1220/1069/6 1235/1069/6 1236/1070/6
f 1218/148/6 1215/149/6 1214/149/6 1233/148/6
f 1219/952/6 1218/148/6 1233/148/6 1234/952/6
f 1216/1079/6 1224/271/6 1223/271/6 1217/1079/6
f 1215/149/6 1216/1079/6 1217/1079/6 1214/149/6
f 1224/271/6 1225/272/6 1226/272/6 1223/271/6
f 1222/1071/6 1230/1088/6 1241/1088/6 1237/1071/6
f 1230/1088/6 1228/1083/6 1239/1083/6 1241/1088/6
f 1228/1083/6 1227/1082/6 1238/1082/6 1239/1083/6
f 1231/160/6 1221/1070/6 1236/1070/6 1242/160/6
f 1227/1082/6 1229/1084/6 1240/1084/6 1238/1082/6
f 1229/1084/6 1232/1089/6 1243/1089/6 1240/1084/6
f 1232/1089/6 1219/952/6 1234/952/6 1243/1089/6
f 1132/149/2 1146/1079/2 1216/1079/2 1215/149/2
f 1193/271/1 1206/1079/1 1217/1079/1 1223/271/1
f 1146/1079/2 1133/271/2 1224/271/2 1216/1079/2
f 1202/1082/1 1194/1083/1 1239/1083/1 1238/1082/1
f 1196/1070/1 1212/160/1 1242/160/1 1236/1070/1
f 1134/1083/2 1142/1082/2 1227/1082/2 1228/1083/2
f 1152/160/2 1136/1070/2 1221/1070/2 1231/160/2
f 1190/1084/1 1202/1082/1 1238/1082/1 1240/1084/1
f 1198/148/1 1197/952/1 1234/952/1 1233/148/1
f 1142/1082/2 1130/1084/2 1229/1084/2 1227/1082/2
f 1137/952/2 1138/148/2 1218/148/2 1219/952/2
f 1213/1089/1 1190/1084/1 1240/1084/1 1243/1089/1
f 1192/149/1 1198/148/1 1233/148/1 1214/149/1
f 1130/1084/2 1153/1089/2 1232/1089/2 1229/1084/2
f 1138/148/2 1132/149/2 1215/149/2 1218/148/2
f 1197/952/1 1213/1089/1 1243/1089/1 1234/952/1
