# Blender 4.0.2
# www.blender.org
mtllib U2.mtl
o Plane
v -7.500000 7.500000 0.000000
v -7.500000 -7.500000 0.000000
v 7.500000 7.500000 0.000000
v 7.500000 -7.500000 0.000000
v -7.500000 7.500000 -0.500000
v -7.500000 -7.500000 -0.500000
v 7.500000 7.500000 -0.500000
v 7.500000 -7.500000 -0.500000
v 0.000000 7.500000 0.000000
v -7.500000 0.000000 0.000000
v 0.000000 -7.500000 0.000000
v 7.500000 0.000000 0.000000
v 0.000000 0.000000 0.000000
v -3.750000 7.500000 0.000000
v -7.500000 -3.750000 0.000000
v 3.750000 -7.500000 0.000000
v 7.500000 3.750000 0.000000
v 3.750000 7.500000 0.000000
v -7.500000 3.750000 0.000000
v -3.750000 -7.500000 0.000000
v 7.500000 -3.750000 0.000000
v 0.000000 -3.750000 0.000000
v 0.000000 3.750000 0.000000
v -3.750000 0.000000 0.000000
v 3.750000 0.000000 0.000000
v 3.750000 3.750000 0.000000
v -3.750000 3.750000 0.000000
v -3.750000 -3.750000 0.000000
v 3.750000 -3.750000 0.000000
v -5.625000 7.500000 0.000000
v -7.500000 -5.625000 0.000000
v 5.625000 -7.500000 0.000000
v 7.500000 5.625000 0.000000
v 1.875000 7.500000 0.000000
v -7.500000 1.875000 0.000000
v -1.875000 -7.500000 0.000000
v 7.500000 -1.875000 0.000000
v 0.000000 -5.625000 0.000000
v 0.000000 1.875000 0.000000
v -5.625000 0.000000 0.000000
v 1.875000 0.000000 0.000000
v -1.875000 7.500000 0.000000
v -7.500000 -1.875000 0.000000
v 1.875000 -7.500000 0.000000
v 7.500000 1.875000 0.000000
v 5.625000 7.500000 0.000000
v -7.500000 5.625000 0.000000
v -5.625000 -7.500000 0.000000
v 7.500000 -5.625000 0.000000
v 0.000000 -1.875000 0.000000
v 0.000000 5.625000 0.000000
v -1.875000 0.000000 0.000000
v 5.625000 0.000000 0.000000
v 3.750000 1.875000 0.000000
v 3.750000 5.625000 0.000000
v 1.875000 3.750000 0.000000
v 5.625000 3.750000 0.000000
v -3.750000 1.875000 0.000000
v -3.750000 5.625000 0.000000
v -5.625000 3.750000 0.000000
v -1.875000 3.750000 0.000000
v -3.750000 -5.625000 0.000000
v -3.750000 -1.875000 0.000000
v -5.625000 -3.750000 0.000000
v -1.875000 -3.750000 0.000000
v 3.750000 -5.625000 0.000000
v 3.750000 -1.875000 0.000000
v 1.875000 -3.750000 0.000000
v 5.625000 -3.750000 0.000000
v 5.625000 -1.875000 0.000000
v 1.875000 -1.875000 0.000000
v 1.875000 -5.625000 0.000000
v -1.875000 -1.875000 0.000000
v -5.625000 -1.875000 0.000000
v -5.625000 -5.625000 0.000000
v -1.875000 5.625000 0.000000
v -5.625000 5.625000 0.000000
v -5.625000 1.875000 0.000000
v 5.625000 5.625000 0.000000
v 1.875000 5.625000 0.000000
v 1.875000 1.875000 0.000000
v 5.625000 1.875000 0.000000
v -1.875000 1.875000 0.000000
v -1.875000 -5.625000 0.000000
v 5.625000 -5.625000 0.000000
v -6.562500 7.500000 0.000000
v -7.500000 -6.562500 0.000000
v 6.562500 -7.500000 0.000000
v 7.500000 6.562500 0.000000
v 0.937500 7.500000 0.000000
v -7.500000 0.937500 0.000000
v -0.937500 -7.500000 0.000000
v 7.500000 -0.937500 0.000000
v 0.000000 -6.562500 0.000000
v 0.000000 0.937500 0.000000
v -6.562500 0.000000 0.000000
v 0.937500 0.000000 0.000000
v -2.812500 7.500000 0.000000
v -7.500000 -2.812500 0.000000
v 2.812500 -7.500000 0.000000
v 7.500000 2.812500 0.000000
v 4.687500 7.500000 0.000000
v -7.500000 4.687500 0.000000
v -4.687500 -7.500000 0.000000
v 7.500000 -4.687500 0.000000
v 0.000000 -2.812500 0.000000
v 0.000000 4.687500 0.000000
v -2.812500 0.000000 0.000000
v 4.687500 0.000000 0.000000
v 3.750000 0.937500 0.000000
v 3.750000 4.687500 0.000000
v 0.937500 3.750000 0.000000
v 4.687500 3.750000 0.000000
v -3.750000 0.937500 0.000000
v -3.750000 4.687500 0.000000
v -6.562500 3.750000 0.000000
v -2.812500 3.750000 0.000000
v -3.750000 -6.562500 0.000000
v -3.750000 -2.812500 0.000000
v -6.562500 -3.750000 0.000000
v -2.812500 -3.750000 0.000000
v 3.750000 -6.562500 0.000000
v 3.750000 -2.812500 0.000000
v 0.937500 -3.750000 0.000000
v 4.687500 -3.750000 0.000000
v -4.687500 7.500000 0.000000
v -7.500000 -4.687500 0.000000
v 4.687500 -7.500000 0.000000
v 7.500000 4.687500 0.000000
v 2.812500 7.500000 0.000000
v -7.500000 2.812500 0.000000
v -2.812500 -7.500000 0.000000
v 7.500000 -2.812500 0.000000
v 0.000000 -4.687500 0.000000
v 0.000000 2.812500 0.000000
v -4.687500 0.000000 0.000000
v 2.812500 0.000000 0.000000
v -0.937500 7.500000 0.000000
v -7.500000 -0.937500 0.000000
v 0.937500 -7.500000 0.000000
v 7.500000 0.937500 0.000000
v 6.562500 7.500000 0.000000
v -7.500000 6.562500 0.000000
v -6.562500 -7.500000 0.000000
v 7.500000 -6.562500 0.000000
v 0.000000 -0.937500 0.000000
v 0.000000 6.562500 0.000000
v -0.937500 0.000000 0.000000
v 6.562500 0.000000 0.000000
v 3.750000 2.812500 0.000000
v 3.750000 6.562500 0.000000
v 2.812500 3.750000 0.000000
v 6.562500 3.750000 0.000000
v -3.750000 2.812500 0.000000
v -3.750000 6.562500 0.000000
v -4.687500 3.750000 0.000000
v -0.937500 3.750000 0.000000
v -3.750000 -4.687500 0.000000
v -3.750000 -0.937500 0.000000
v -4.687500 -3.750000 0.000000
v -0.937500 -3.750000 0.000000
v 3.750000 -4.687500 0.000000
v 3.750000 -0.937500 0.000000
v 2.812500 -3.750000 0.000000
v 6.562500 -3.750000 0.000000
v 5.625000 -2.812500 0.000000
v 5.625000 -0.937500 0.000000
v 4.687500 -1.875000 0.000000
v 6.562500 -1.875000 0.000000
v 1.875000 -2.812500 0.000000
v 1.875000 -0.937500 0.000000
v 0.937500 -1.875000 0.000000
v 2.812500 -1.875000 0.000000
v 1.875000 -6.562500 0.000000
v 1.875000 -4.687500 0.000000
v 0.937500 -5.625000 0.000000
v 2.812500 -5.625000 0.000000
v -1.875000 -2.812500 0.000000
v -1.875000 -0.937500 0.000000
v -2.812500 -1.875000 0.000000
v -0.937500 -1.875000 0.000000
v -5.625000 -2.812500 0.000000
v -5.625000 -0.937500 0.000000
v -6.562500 -1.875000 0.000000
v -4.687500 -1.875000 0.000000
v -5.625000 -6.562500 0.000000
v -5.625000 -4.687500 0.000000
v -6.562500 -5.625000 0.000000
v -4.687500 -5.625000 0.000000
v -1.875000 4.687500 0.000000
v -1.875000 6.562500 0.000000
v -2.812500 5.625000 0.000000
v -0.937500 5.625000 0.000000
v -5.625000 4.687500 0.000000
v -5.625000 6.562500 0.000000
v -6.562500 5.625000 0.000000
v -4.687500 5.625000 0.000000
v -5.625000 0.937500 0.000000
v -5.625000 2.812500 0.000000
v -6.562500 1.875000 0.000000
v -4.687500 1.875000 0.000000
v 5.625000 4.687500 0.000000
v 5.625000 6.562500 0.000000
v 4.687500 5.625000 0.000000
v 6.562500 5.625000 0.000000
v 1.875000 4.687500 0.000000
v 1.875000 6.562500 0.000000
v 0.937500 5.625000 0.000000
v 2.812500 5.625000 0.000000
v 1.875000 0.937500 0.000000
v 1.875000 2.812500 0.000000
v 0.937500 1.875000 0.000000
v 2.812500 1.875000 0.000000
v 5.625000 0.937500 0.000000
v 5.625000 2.812500 0.000000
v 4.687500 1.875000 0.000000
v 6.562500 1.875000 0.000000
v -1.875000 0.937500 0.000000
v -1.875000 2.812500 0.000000
v -2.812500 1.875000 0.000000
v -0.937500 1.875000 0.000000
v -1.875000 -6.562500 0.000000
v -1.875000 -4.687500 0.000000
v -2.812500 -5.625000 0.000000
v -0.937500 -5.625000 0.000000
v 5.625000 -6.562500 0.000000
v 5.625000 -4.687500 0.000000
v 4.687500 -5.625000 0.000000
v 6.562500 -5.625000 0.000000
v 6.562500 -4.687500 0.000000
v 4.687500 -4.687500 0.000000
v 4.687500 -6.562500 0.000000
v -0.937500 -4.687500 0.000000
v -2.812500 -4.687500 0.000000
v -2.812500 -6.562500 0.000000
v -0.937500 2.812500 0.000000
v -2.812500 2.812500 0.000000
v -2.812500 0.937500 0.000000
v 6.562500 2.812500 0.000000
v 4.687500 2.812500 0.000000
v 4.687500 0.937500 0.000000
v 2.812500 2.812500 0.000000
v 0.937500 2.812500 0.000000
v 0.937500 0.937500 0.000000
v 2.812500 6.562500 0.000000
v 0.937500 6.562500 0.000000
v 0.937500 4.687500 0.000000
v 6.562500 6.562500 0.000000
v 4.687500 6.562500 0.000000
v 4.687500 4.687500 0.000000
v -4.687500 2.812500 0.000000
v -6.562500 2.812500 0.000000
v -6.562500 0.937500 0.000000
v -4.687500 6.562500 0.000000
v -6.562500 6.562500 0.000000
v -6.562500 4.687500 0.000000
v -0.937500 6.562500 0.000000
v -2.812500 6.562500 0.000000
v -2.812500 4.687500 0.000000
v -4.687500 -4.687500 0.000000
v -6.562500 -4.687500 0.000000
v -6.562500 -6.562500 0.000000
v -4.687500 -0.937500 0.000000
v -6.562500 -0.937500 0.000000
v -6.562500 -2.812500 0.000000
v -0.937500 -0.937500 0.000000
v -2.812500 -0.937500 0.000000
v -2.812500 -2.812500 0.000000
v 2.812500 -4.687500 0.000000
v 0.937500 -4.687500 0.000000
v 0.937500 -6.562500 0.000000
v 2.812500 -0.937500 0.000000
v 0.937500 -0.937500 0.000000
v 0.937500 -2.812500 0.000000
v 6.562500 -0.937500 0.000000
v 4.687500 -0.937500 0.000000
v 4.687500 -2.812500 0.000000
v 6.562500 -2.812500 0.000000
v 2.812500 -2.812500 0.000000
v 2.812500 -6.562500 0.000000
v -0.937500 -2.812500 0.000000
v -4.687500 -2.812500 0.000000
v -4.687500 -6.562500 0.000000
v -0.937500 4.687500 0.000000
v -4.687500 4.687500 0.000000
v -4.687500 0.937500 0.000000
v 6.562500 4.687500 0.000000
v 2.812500 4.687500 0.000000
v 2.812500 0.937500 0.000000
v 6.562500 0.937500 0.000000
v -0.937500 0.937500 0.000000
v -0.937500 -6.562500 0.000000
v 6.562500 -6.562500 0.000000
v -7.031250 7.500000 0.000000
v -7.500000 -7.031250 0.000000
v 7.031250 -7.500000 0.000000
v 7.500000 7.031250 0.000000
v 0.468750 7.500000 0.000000
v -7.500000 0.468750 0.000000
v -0.468750 -7.500000 0.000000
v 7.500000 -0.468750 0.000000
v 0.000000 -7.031250 0.000000
v 0.000000 0.468750 0.000000
v -7.031250 0.000000 0.000000
v 0.468750 0.000000 0.000000
v -3.281250 7.500000 0.000000
v -7.500000 -3.281250 0.000000
v 3.281250 -7.500000 0.000000
v 7.500000 3.281250 0.000000
v 4.218750 7.500000 0.000000
v -7.500000 4.218750 0.000000
v -4.218750 -7.500000 0.000000
v 7.500000 -4.218750 0.000000
v 0.000000 -3.281250 0.000000
v 0.000000 4.218750 0.000000
v -3.281250 0.000000 0.000000
v 4.218750 0.000000 0.000000
v 3.750000 0.468750 0.000000
v 3.750000 4.218750 0.000000
v 0.468750 3.750000 0.000000
v 4.218750 3.750000 0.000000
v -3.750000 0.468750 0.000000
v -3.750000 4.218750 0.000000
v -7.031250 3.750000 0.000000
v -3.281250 3.750000 0.000000
v -3.750000 -7.031250 0.000000
v -3.750000 -3.281250 0.000000
v -7.031250 -3.750000 0.000000
v -3.281250 -3.750000 0.000000
v 3.750000 -7.031250 0.000000
v 3.750000 -3.281250 0.000000
v 0.468750 -3.750000 0.000000
v 4.218750 -3.750000 0.000000
v -5.156250 7.500000 0.000000
v -7.500000 -5.156250 0.000000
v 5.156250 -7.500000 0.000000
v 7.500000 5.156250 0.000000
v 2.343750 7.500000 0.000000
v -7.500000 2.343750 0.000000
v -2.343750 -7.500000 0.000000
v 7.500000 -2.343750 0.000000
v 0.000000 -5.156250 0.000000
v 0.000000 2.343750 0.000000
v -5.156250 0.000000 0.000000
v 2.343750 0.000000 0.000000
v -1.406250 7.500000 0.000000
v -7.500000 -1.406250 0.000000
v 1.406250 -7.500000 0.000000
v 7.500000 1.406250 0.000000
v 6.093750 7.500000 0.000000
v -7.500000 6.093750 0.000000
v -6.093750 -7.500000 0.000000
v 7.500000 -6.093750 0.000000
v 0.000000 -1.406250 0.000000
v 0.000000 6.093750 0.000000
v -1.406250 0.000000 0.000000
v 6.093750 0.000000 0.000000
v 3.750000 2.343750 0.000000
v 3.750000 6.093750 0.000000
v 2.343750 3.750000 0.000000
v 6.093750 3.750000 0.000000
v -3.750000 2.343750 0.000000
v -3.750000 6.093750 0.000000
v -5.156250 3.750000 0.000000
v -1.406250 3.750000 0.000000
v -3.750000 -5.156250 0.000000
v -3.750000 -1.406250 0.000000
v -5.156250 -3.750000 0.000000
v -1.406250 -3.750000 0.000000
v 3.750000 -5.156250 0.000000
v 3.750000 -1.406250 0.000000
v 2.343750 -3.750000 0.000000
v 6.093750 -3.750000 0.000000
v 5.625000 -3.281250 0.000000
v 5.625000 -1.406250 0.000000
v 4.218750 -1.875000 0.000000
v 6.093750 -1.875000 0.000000
v 1.875000 -3.281250 0.000000
v 1.875000 -1.406250 0.000000
v 0.468750 -1.875000 0.000000
v 2.343750 -1.875000 0.000000
v 1.875000 -7.031250 0.000000
v 1.875000 -5.156250 0.000000
v 0.468750 -5.625000 0.000000
v 2.343750 -5.625000 0.000000
v -1.875000 -3.281250 0.000000
v -1.875000 -1.406250 0.000000
v -3.281250 -1.875000 0.000000
v -1.406250 -1.875000 0.000000
v -5.625000 -3.281250 0.000000
v -5.625000 -1.406250 0.000000
v -7.031250 -1.875000 0.000000
v -5.156250 -1.875000 0.000000
v -5.625000 -7.031250 0.000000
v -5.625000 -5.156250 0.000000
v -7.031250 -5.625000 0.000000
v -5.156250 -5.625000 0.000000
v -1.875000 4.218750 0.000000
v -1.875000 6.093750 0.000000
v -3.281250 5.625000 0.000000
v -1.406250 5.625000 0.000000
v -5.625000 4.218750 0.000000
v -5.625000 6.093750 0.000000
v -7.031250 5.625000 0.000000
v -5.156250 5.625000 0.000000
v -5.625000 0.468750 0.000000
v -5.625000 2.343750 0.000000
v -7.031250 1.875000 0.000000
v -5.156250 1.875000 0.000000
v 5.625000 4.218750 0.000000
v 5.625000 6.093750 0.000000
v 4.218750 5.625000 0.000000
v 6.093750 5.625000 0.000000
v 1.875000 4.218750 0.000000
v 1.875000 6.093750 0.000000
v 0.468750 5.625000 0.000000
v 2.343750 5.625000 0.000000
v 1.875000 0.468750 0.000000
v 1.875000 2.343750 0.000000
v 0.468750 1.875000 0.000000
v 2.343750 1.875000 0.000000
v 5.625000 0.468750 0.000000
v 5.625000 2.343750 0.000000
v 4.218750 1.875000 0.000000
v 6.093750 1.875000 0.000000
v -1.875000 0.468750 0.000000
v -1.875000 2.343750 0.000000
v -3.281250 1.875000 0.000000
v -1.406250 1.875000 0.000000
v -1.875000 -7.031250 0.000000
v -1.875000 -5.156250 0.000000
v -3.281250 -5.625000 0.000000
v -1.406250 -5.625000 0.000000
v 5.625000 -7.031250 0.000000
v 5.625000 -5.156250 0.000000
v 4.218750 -5.625000 0.000000
v 6.093750 -5.625000 0.000000
v -6.093750 7.500000 0.000000
v -7.500000 -6.093750 0.000000
v 6.093750 -7.500000 0.000000
v 7.500000 6.093750 0.000000
v 1.406250 7.500000 0.000000
v -7.500000 1.406250 0.000000
v -1.406250 -7.500000 0.000000
v 7.500000 -1.406250 0.000000
v 0.000000 -6.093750 0.000000
v 0.000000 1.406250 0.000000
v -6.093750 0.000000 0.000000
v 1.406250 0.000000 0.000000
v -2.343750 7.500000 0.000000
v -7.500000 -2.343750 0.000000
v 2.343750 -7.500000 0.000000
v 7.500000 2.343750 0.000000
v 5.156250 7.500000 0.000000
v -7.500000 5.156250 0.000000
v -5.156250 -7.500000 0.000000
v 7.500000 -5.156250 0.000000
v 0.000000 -2.343750 0.000000
v 0.000000 5.156250 0.000000
v -2.343750 0.000000 0.000000
v 5.156250 0.000000 0.000000
v 3.750000 1.406250 0.000000
v 3.750000 5.156250 0.000000
v 1.406250 3.750000 0.000000
v 5.156250 3.750000 0.000000
v -3.750000 1.406250 0.000000
v -3.750000 5.156250 0.000000
v -6.093750 3.750000 0.000000
v -2.343750 3.750000 0.000000
v -3.750000 -6.093750 0.000000
v -3.750000 -2.343750 0.000000
v -6.093750 -3.750000 0.000000
v -2.343750 -3.750000 0.000000
v 3.750000 -6.093750 0.000000
v 3.750000 -2.343750 0.000000
v 1.406250 -3.750000 0.000000
v 5.156250 -3.750000 0.000000
v -4.218750 7.500000 0.000000
v -7.500000 -4.218750 0.000000
v 4.218750 -7.500000 0.000000
v 7.500000 4.218750 0.000000
v 3.281250 7.500000 0.000000
v -7.500000 3.281250 0.000000
v -3.281250 -7.500000 0.000000
v 7.500000 -3.281250 0.000000
v 0.000000 -4.218750 0.000000
v 0.000000 3.281250 0.000000
v -4.218750 0.000000 0.000000
v 3.281250 0.000000 0.000000
v -0.468750 7.500000 0.000000
v -7.500000 -0.468750 0.000000
v 0.468750 -7.500000 0.000000
v 7.500000 0.468750 0.000000
v 7.031250 7.500000 0.000000
v -7.500000 7.031250 0.000000
v -7.031250 -7.500000 0.000000
v 7.500000 -7.031250 0.000000
v 0.000000 -0.468750 0.000000
v 0.000000 7.031250 0.000000
v -0.468750 0.000000 0.000000
v 7.031250 0.000000 0.000000
v 3.750000 3.281250 0.000000
v 3.750000 7.031250 0.000000
v 3.281250 3.750000 0.000000
v 7.031250 3.750000 0.000000
v -3.750000 3.281250 0.000000
v -3.750000 7.031250 0.000000
v -4.218750 3.750000 0.000000
v -0.468750 3.750000 0.000000
v -3.750000 -4.218750 0.000000
v -3.750000 -0.468750 0.000000
v -4.218750 -3.750000 0.000000
v -0.468750 -3.750000 0.000000
v 3.750000 -4.218750 0.000000
v 3.750000 -0.468750 0.000000
v 3.281250 -3.750000 0.000000
v 7.031250 -3.750000 0.000000
v 5.625000 -2.343750 0.000000
v 5.625000 -0.468750 0.000000
v 5.156250 -1.875000 0.000000
v 7.031250 -1.875000 0.000000
v 1.875000 -2.343750 0.000000
v 1.875000 -0.468750 0.000000
v 1.406250 -1.875000 0.000000
v 3.281250 -1.875000 0.000000
v 1.875000 -6.093750 0.000000
v 1.875000 -4.218750 0.000000
v 1.406250 -5.625000 0.000000
v 3.281250 -5.625000 0.000000
v -1.875000 -2.343750 0.000000
v -1.875000 -0.468750 0.000000
v -2.343750 -1.875000 0.000000
v -0.468750 -1.875000 0.000000
v -5.625000 -2.343750 0.000000
v -5.625000 -0.468750 0.000000
v -6.093750 -1.875000 0.000000
v -4.218750 -1.875000 0.000000
v -5.625000 -6.093750 0.000000
v -5.625000 -4.218750 0.000000
v -6.093750 -5.625000 0.000000
v -4.218750 -5.625000 0.000000
v -1.875000 5.156250 0.000000
v -1.875000 7.031250 0.000000
v -2.343750 5.625000 0.000000
v -0.468750 5.625000 0.000000
v -5.625000 5.156250 0.000000
v -5.625000 7.031250 0.000000
v -6.093750 5.625000 0.000000
v -4.218750 5.625000 0.000000
v -5.625000 1.406250 0.000000
v -5.625000 3.281250 0.000000
v -6.093750 1.875000 0.000000
v -4.218750 1.875000 0.000000
v 5.625000 5.156250 0.000000
v 5.625000 7.031250 0.000000
v 5.156250 5.625000 0.000000
v 7.031250 5.625000 0.000000
v 1.875000 5.156250 0.000000
v 1.875000 7.031250 0.000000
v 1.406250 5.625000 0.000000
v 3.281250 5.625000 0.000000
v 1.875000 1.406250 0.000000
v 1.875000 3.281250 0.000000
v 1.406250 1.875000 0.000000
v 3.281250 1.875000 0.000000
v 5.625000 1.406250 0.000000
v 5.625000 3.281250 0.000000
v 5.156250 1.875000 0.000000
v 7.031250 1.875000 0.000000
v -1.875000 1.406250 0.000000
v -1.875000 3.281250 0.000000
v -2.343750 1.875000 0.000000
v -0.468750 1.875000 0.000000
v -1.875000 -6.093750 0.000000
v -1.875000 -4.218750 0.000000
v -2.343750 -5.625000 0.000000
v -0.468750 -5.625000 0.000000
v 5.625000 -6.093750 0.000000
v 5.625000 -4.218750 0.000000
v 5.156250 -5.625000 0.000000
v 7.031250 -5.625000 0.000000
v 6.562500 -5.156250 0.000000
v 6.562500 -4.218750 0.000000
v 6.093750 -4.687500 0.000000
v 7.031250 -4.687500 0.000000
v 4.687500 -5.156250 0.000000
v 4.687500 -4.218750 0.000000
v 4.218750 -4.687500 0.000000
v 5.156250 -4.687500 0.000000
v 4.687500 -7.031250 0.000000
v 4.687500 -6.093750 0.000000
v 4.218750 -6.562500 0.000000
v 5.156250 -6.562500 0.000000
v -0.937500 -5.156250 0.000000
v -0.937500 -4.218750 0.000000
v -1.406250 -4.687500 0.000000
v -0.468750 -4.687500 0.000000
v -2.812500 -5.156250 0.000000
v -2.812500 -4.218750 0.000000
v -3.281250 -4.687500 0.000000
v -2.343750 -4.687500 0.000000
v -2.812500 -7.031250 0.000000
v -2.812500 -6.093750 0.000000
v -3.281250 -6.562500 0.000000
v -2.343750 -6.562500 0.000000
v -0.937500 2.343750 0.000000
v -0.937500 3.281250 0.000000
v -1.406250 2.812500 0.000000
v -0.468750 2.812500 0.000000
v -2.812500 2.343750 0.000000
v -2.812500 3.281250 0.000000
v -3.281250 2.812500 0.000000
v -2.343750 2.812500 0.000000
v -2.812500 0.468750 0.000000
v -2.812500 1.406250 0.000000
v -3.281250 0.937500 0.000000
v -2.343750 0.937500 0.000000
v 6.562500 2.343750 0.000000
v 6.562500 3.281250 0.000000
v 6.093750 2.812500 0.000000
v 7.031250 2.812500 0.000000
v 4.687500 2.343750 0.000000
v 4.687500 3.281250 0.000000
v 4.218750 2.812500 0.000000
v 5.156250 2.812500 0.000000
v 4.687500 0.468750 0.000000
v 4.687500 1.406250 0.000000
v 4.218750 0.937500 0.000000
v 5.156250 0.937500 0.000000
v 2.812500 2.343750 0.000000
v 2.812500 3.281250 0.000000
v 2.343750 2.812500 0.000000
v 3.281250 2.812500 0.000000
v 0.937500 2.343750 0.000000
v 0.937500 3.281250 0.000000
v 0.468750 2.812500 0.000000
v 1.406250 2.812500 0.000000
v 0.937500 0.468750 0.000000
v 0.937500 1.406250 0.000000
v 0.468750 0.937500 0.000000
v 1.406250 0.937500 0.000000
v 2.812500 6.093750 0.000000
v 2.812500 7.031250 0.000000
v 2.343750 6.562500 0.000000
v 3.281250 6.562500 0.000000
v 0.937500 6.093750 0.000000
v 0.937500 7.031250 0.000000
v 0.468750 6.562500 0.000000
v 1.406250 6.562500 0.000000
v 0.937500 4.218750 0.000000
v 0.937500 5.156250 0.000000
v 0.468750 4.687500 0.000000
v 1.406250 4.687500 0.000000
v 6.562500 6.093750 0.000000
v 6.562500 7.031250 0.000000
v 6.093750 6.562500 0.000000
v 7.031250 6.562500 0.000000
v 4.687500 6.093750 0.000000
v 4.687500 7.031250 0.000000
v 4.218750 6.562500 0.000000
v 5.156250 6.562500 0.000000
v 4.687500 4.218750 0.000000
v 4.687500 5.156250 0.000000
v 4.218750 4.687500 0.000000
v 5.156250 4.687500 0.000000
v -4.687500 2.343750 0.000000
v -4.687500 3.281250 0.000000
v -5.156250 2.812500 0.000000
v -4.218750 2.812500 0.000000
v -6.562500 2.343750 0.000000
v -6.562500 3.281250 0.000000
v -7.031250 2.812500 0.000000
v -6.093750 2.812500 0.000000
v -6.562500 0.468750 0.000000
v -6.562500 1.406250 0.000000
v -7.031250 0.937500 0.000000
v -6.093750 0.937500 0.000000
v -4.687500 6.093750 0.000000
v -4.687500 7.031250 0.000000
v -5.156250 6.562500 0.000000
v -4.218750 6.562500 0.000000
v -6.562500 6.093750 0.000000
v -6.562500 7.031250 0.000000
v -7.031250 6.562500 0.000000
v -6.093750 6.562500 0.000000
v -6.562500 4.218750 0.000000
v -6.562500 5.156250 0.000000
v -7.031250 4.687500 0.000000
v -6.093750 4.687500 0.000000
v -0.937500 6.093750 0.000000
v -0.937500 7.031250 0.000000
v -1.406250 6.562500 0.000000
v -0.468750 6.562500 0.000000
v -2.812500 6.093750 0.000000
v -2.812500 7.031250 0.000000
v -3.281250 6.562500 0.000000
v -2.343750 6.562500 0.000000
v -2.812500 4.218750 0.000000
v -2.812500 5.156250 0.000000
v -3.281250 4.687500 0.000000
v -2.343750 4.687500 0.000000
v -4.687500 -5.156250 0.000000
v -4.687500 -4.218750 0.000000
v -5.156250 -4.687500 0.000000
v -4.218750 -4.687500 0.000000
v -6.562500 -5.156250 0.000000
v -6.562500 -4.218750 0.000000
v -7.031250 -4.687500 0.000000
v -6.093750 -4.687500 0.000000
v -6.562500 -7.031250 0.000000
v -6.562500 -6.093750 0.000000
v -7.031250 -6.562500 0.000000
v -6.093750 -6.562500 0.000000
v -4.687500 -1.406250 0.000000
v -4.687500 -0.468750 0.000000
v -5.156250 -0.937500 0.000000
v -4.218750 -0.937500 0.000000
v -6.562500 -1.406250 0.000000
v -6.562500 -0.468750 0.000000
v -7.031250 -0.937500 0.000000
v -6.093750 -0.937500 0.000000
v -6.562500 -3.281250 0.000000
v -6.562500 -2.343750 0.000000
v -7.031250 -2.812500 0.000000
v -6.093750 -2.812500 0.000000
v -0.937500 -1.406250 0.000000
v -0.937500 -0.468750 0.000000
v -1.406250 -0.937500 0.000000
v -0.468750 -0.937500 0.000000
v -2.812500 -1.406250 0.000000
v -2.812500 -0.468750 0.000000
v -3.281250 -0.937500 0.000000
v -2.343750 -0.937500 0.000000
v -2.812500 -3.281250 0.000000
v -2.812500 -2.343750 0.000000
v -3.281250 -2.812500 0.000000
v -2.343750 -2.812500 0.000000
v 2.812500 -5.156250 0.000000
v 2.812500 -4.218750 0.000000
v 2.343750 -4.687500 0.000000
v 3.281250 -4.687500 0.000000
v 0.937500 -5.156250 0.000000
v 0.937500 -4.218750 0.000000
v 0.468750 -4.687500 0.000000
v 1.406250 -4.687500 0.000000
v 0.937500 -7.031250 0.000000
v 0.937500 -6.093750 0.000000
v 0.468750 -6.562500 0.000000
v 1.406250 -6.562500 0.000000
v 2.812500 -1.406250 0.000000
v 2.812500 -0.468750 0.000000
v 2.343750 -0.937500 0.000000
v 3.281250 -0.937500 0.000000
v 0.937500 -1.406250 0.000000
v 0.937500 -0.468750 0.000000
v 0.468750 -0.937500 0.000000
v 1.406250 -0.937500 0.000000
v 0.937500 -3.281250 0.000000
v 0.937500 -2.343750 0.000000
v 0.468750 -2.812500 0.000000
v 1.406250 -2.812500 0.000000
v 6.562500 -1.406250 0.000000
v 6.562500 -0.468750 0.000000
v 6.093750 -0.937500 0.000000
v 7.031250 -0.937500 0.000000
v 4.687500 -1.406250 0.000000
v 4.687500 -0.468750 0.000000
v 4.218750 -0.937500 0.000000
v 5.156250 -0.937500 0.000000
v 4.687500 -3.281250 0.000000
v 4.687500 -2.343750 0.000000
v 4.218750 -2.812500 0.000000
v 5.156250 -2.812500 0.000000
v 6.562500 -3.281250 0.000000
v 6.562500 -2.343750 0.000000
v 6.093750 -2.812500 0.000000
v 7.031250 -2.812500 0.000000
v 2.812500 -3.281250 0.000000
v 2.812500 -2.343750 0.000000
v 2.343750 -2.812500 0.000000
v 3.281250 -2.812500 0.000000
v 2.812500 -7.031250 0.000000
v 2.812500 -6.093750 0.000000
v 2.343750 -6.562500 0.000000
v 3.281250 -6.562500 0.000000
v -0.937500 -3.281250 0.000000
v -0.937500 -2.343750 0.000000
v -1.406250 -2.812500 0.000000
v -0.468750 -2.812500 0.000000
v -4.687500 -3.281250 0.000000
v -4.687500 -2.343750 0.000000
v -5.156250 -2.812500 0.000000
v -4.218750 -2.812500 0.000000
v -4.687500 -7.031250 0.000000
v -4.687500 -6.093750 0.000000
v -5.156250 -6.562500 0.000000
v -4.218750 -6.562500 0.000000
v -0.937500 4.218750 0.000000
v -0.937500 5.156250 0.000000
v -1.406250 4.687500 0.000000
v -0.468750 4.687500 0.000000
v -4.687500 4.218750 0.000000
v -4.687500 5.156250 0.000000
v -5.156250 4.687500 0.000000
v -4.218750 4.687500 0.000000
v -4.687500 0.468750 0.000000
v -4.687500 1.406250 0.000000
v -5.156250 0.937500 0.000000
v -4.218750 0.937500 0.000000
v 6.562500 4.218750 0.000000
v 6.562500 5.156250 0.000000
v 6.093750 4.687500 0.000000
v 7.031250 4.687500 0.000000
v 2.812500 4.218750 0.000000
v 2.812500 5.156250 0.000000
v 2.343750 4.687500 0.000000
v 3.281250 4.687500 0.000000
v 2.812500 0.468750 0.000000
v 2.812500 1.406250 0.000000
v 2.343750 0.937500 0.000000
v 3.281250 0.937500 0.000000
v 6.562500 0.468750 0.000000
v 6.562500 1.406250 0.000000
v 6.093750 0.937500 0.000000
v 7.031250 0.937500 0.000000
v -0.937500 0.468750 0.000000
v -0.937500 1.406250 0.000000
v -1.406250 0.937500 0.000000
v -0.468750 0.937500 0.000000
v -0.937500 -7.031250 0.000000
v -0.937500 -6.093750 0.000000
v -1.406250 -6.562500 0.000000
v -0.468750 -6.562500 0.000000
v 6.562500 -7.031250 0.000000
v 6.562500 -6.093750 0.000000
v 6.093750 -6.562500 0.000000
v 7.031250 -6.562500 0.000000
v 7.031250 -6.093750 0.000000
v 6.093750 -6.093750 0.000000
v 6.093750 -7.031250 0.000000
v -0.468750 -6.093750 0.000000
v -1.406250 -6.093750 0.000000
v -1.406250 -7.031250 0.000000
v -0.468750 1.406250 0.000000
v -1.406250 1.406250 0.000000
v -1.406250 0.468750 0.000000
v 7.031250 1.406250 0.000000
v 6.093750 1.406250 0.000000
v 6.093750 0.468750 0.000000
v 3.281250 1.406250 0.000000
v 2.343750 1.406250 0.000000
v 2.343750 0.468750 0.000000
v 3.281250 5.156250 0.000000
v 2.343750 5.156250 0.000000
v 2.343750 4.218750 0.000000
v 7.031250 5.156250 0.000000
v 6.093750 5.156250 0.000000
v 6.093750 4.218750 0.000000
v -4.218750 1.406250 0.000000
v -5.156250 1.406250 0.000000
v -5.156250 0.468750 0.000000
v -4.218750 5.156250 0.000000
v -5.156250 5.156250 0.000000
v -5.156250 4.218750 0.000000
v -0.468750 5.156250 0.000000
v -1.406250 5.156250 0.000000
v -1.406250 4.218750 0.000000
v -4.218750 -6.093750 0.000000
v -5.156250 -6.093750 0.000000
v -5.156250 -7.031250 0.000000
v -4.218750 -2.343750 0.000000
v -5.156250 -2.343750 0.000000
v -5.156250 -3.281250 0.000000
v -0.468750 -2.343750 0.000000
v -1.406250 -2.343750 0.000000
v -1.406250 -3.281250 0.000000
v 3.281250 -6.093750 0.000000
v 2.343750 -6.093750 0.000000
v 2.343750 -7.031250 0.000000
v 3.281250 -2.343750 0.000000
v 2.343750 -2.343750 0.000000
v 2.343750 -3.281250 0.000000
v 7.031250 -2.343750 0.000000
v 6.093750 -2.343750 0.000000
v 6.093750 -3.281250 0.000000
v 5.156250 -2.343750 0.000000
v 4.218750 -2.343750 0.000000
v 4.218750 -3.281250 0.000000
v 5.156250 -0.468750 0.000000
v 4.218750 -0.468750 0.000000
v 4.218750 -1.406250 0.000000
v 7.031250 -0.468750 0.000000
v 6.093750 -0.468750 0.000000
v 6.093750 -1.406250 0.000000
v 1.406250 -2.343750 0.000000
v 0.468750 -2.343750 0.000000
v 0.468750 -3.281250 0.000000
v 1.406250 -0.468750 0.000000
v 0.468750 -0.468750 0.000000
v 0.468750 -1.406250 0.000000
v 3.281250 -0.468750 0.000000
v 2.343750 -0.468750 0.000000
v 2.343750 -1.406250 0.000000
v 1.406250 -6.093750 0.000000
v 0.468750 -6.093750 0.000000
v 0.468750 -7.031250 0.000000
v 1.406250 -4.218750 0.000000
v 0.468750 -4.218750 0.000000
v 0.468750 -5.156250 0.000000
v 3.281250 -4.218750 0.000000
v 2.343750 -4.218750 0.000000
v 2.343750 -5.156250 0.000000
v -2.343750 -2.343750 0.000000
v -3.281250 -2.343750 0.000000
v -3.281250 -3.281250 0.000000
v -2.343750 -0.468750 0.000000
v -3.281250 -0.468750 0.000000
v -3.281250 -1.406250 0.000000
v -0.468750 -0.468750 0.000000
v -1.406250 -0.468750 0.000000
v -1.406250 -1.406250 0.000000
v -6.093750 -2.343750 0.000000
v -7.031250 -2.343750 0.000000
v -7.031250 -3.281250 0.000000
v -6.093750 -0.468750 0.000000
v -7.031250 -0.468750 0.000000
v -7.031250 -1.406250 0.000000
v -4.218750 -0.468750 0.000000
v -5.156250 -0.468750 0.000000
v -5.156250 -1.406250 0.000000
v -6.093750 -6.093750 0.000000
v -7.031250 -6.093750 0.000000
v -7.031250 -7.031250 0.000000
v -6.093750 -4.218750 0.000000
v -7.031250 -4.218750 0.000000
v -7.031250 -5.156250 0.000000
v -4.218750 -4.218750 0.000000
v -5.156250 -4.218750 0.000000
v -5.156250 -5.156250 0.000000
v -2.343750 5.156250 0.000000
v -3.281250 5.156250 0.000000
v -3.281250 4.218750 0.000000
v -2.343750 7.031250 0.000000
v -3.281250 7.031250 0.000000
v -3.281250 6.093750 0.000000
v -0.468750 7.031250 0.000000
v -1.406250 7.031250 0.000000
v -1.406250 6.093750 0.000000
v -6.093750 5.156250 0.000000
v -7.031250 5.156250 0.000000
v -7.031250 4.218750 0.000000
v -6.093750 7.031250 0.000000
v -7.031250 7.031250 0.000000
v -7.031250 6.093750 0.000000
v -4.218750 7.031250 0.000000
v -5.156250 7.031250 0.000000
v -5.156250 6.093750 0.000000
v -6.093750 1.406250 0.000000
v -7.031250 1.406250 0.000000
v -7.031250 0.468750 0.000000
v -6.093750 3.281250 0.000000
v -7.031250 3.281250 0.000000
v -7.031250 2.343750 0.000000
v -4.218750 3.281250 0.000000
v -5.156250 3.281250 0.000000
v -5.156250 2.343750 0.000000
v 5.156250 5.156250 0.000000
v 4.218750 5.156250 0.000000
v 4.218750 4.218750 0.000000
v 5.156250 7.031250 0.000000
v 4.218750 7.031250 0.000000
v 4.218750 6.093750 0.000000
v 7.031250 7.031250 0.000000
v 6.093750 7.031250 0.000000
v 6.093750 6.093750 0.000000
v 1.406250 5.156250 0.000000
v 0.468750 5.156250 0.000000
v 0.468750 4.218750 0.000000
v 1.406250 7.031250 0.000000
v 0.468750 7.031250 0.000000
v 0.468750 6.093750 0.000000
v 3.281250 7.031250 0.000000
v 2.343750 7.031250 0.000000
v 2.343750 6.093750 0.000000
v 1.406250 1.406250 0.000000
v 0.468750 1.406250 0.000000
v 0.468750 0.468750 0.000000
v 1.406250 3.281250 0.000000
v 0.468750 3.281250 0.000000
v 0.468750 2.343750 0.000000
v 3.281250 3.281250 0.000000
v 2.343750 3.281250 0.000000
v 2.343750 2.343750 0.000000
v 5.156250 1.406250 0.000000
v 4.218750 1.406250 0.000000
v 4.218750 0.468750 0.000000
v 5.156250 3.281250 0.000000
v 4.218750 3.281250 0.000000
v 4.218750 2.343750 0.000000
v 7.031250 3.281250 0.000000
v 6.093750 3.281250 0.000000
v 6.093750 2.343750 0.000000
v -2.343750 1.406250 0.000000
v -3.281250 1.406250 0.000000
v -3.281250 0.468750 0.000000
v -2.343750 3.281250 0.000000
v -3.281250 3.281250 0.000000
v -3.281250 2.343750 0.000000
v -0.468750 3.281250 0.000000
v -1.406250 3.281250 0.000000
v -1.406250 2.343750 0.000000
v -2.343750 -6.093750 0.000000
v -3.281250 -6.093750 0.000000
v -3.281250 -7.031250 0.000000
v -2.343750 -4.218750 0.000000
v -3.281250 -4.218750 0.000000
v -3.281250 -5.156250 0.000000
v -0.468750 -4.218750 0.000000
v -1.406250 -4.218750 0.000000
v -1.406250 -5.156250 0.000000
v 5.156250 -6.093750 0.000000
v 4.218750 -6.093750 0.000000
v 4.218750 -7.031250 0.000000
v 5.156250 -4.218750 0.000000
v 4.218750 -4.218750 0.000000
v 4.218750 -5.156250 0.000000
v 7.031250 -4.218750 0.000000
v 6.093750 -4.218750 0.000000
v 6.093750 -5.156250 0.000000
v 7.031250 -5.156250 0.000000
v 5.156250 -5.156250 0.000000
v 5.156250 -7.031250 0.000000
v -0.468750 -5.156250 0.000000
v -2.343750 -5.156250 0.000000
v -2.343750 -7.031250 0.000000
v -0.468750 2.343750 0.000000
v -2.343750 2.343750 0.000000
v -2.343750 0.468750 0.000000
v 7.031250 2.343750 0.000000
v 5.156250 2.343750 0.000000
v 5.156250 0.468750 0.000000
v 3.281250 2.343750 0.000000
v 1.406250 2.343750 0.000000
v 1.406250 0.468750 0.000000
v 3.281250 6.093750 0.000000
v 1.406250 6.093750 0.000000
v 1.406250 4.218750 0.000000
v 7.031250 6.093750 0.000000
v 5.156250 6.093750 0.000000
v 5.156250 4.218750 0.000000
v -4.218750 2.343750 0.000000
v -6.093750 2.343750 0.000000
v -6.093750 0.468750 0.000000
v -4.218750 6.093750 0.000000
v -6.093750 6.093750 0.000000
v -6.093750 4.218750 0.000000
v -0.468750 6.093750 0.000000
v -2.343750 6.093750 0.000000
v -2.343750 4.218750 0.000000
v -4.218750 -5.156250 0.000000
v -6.093750 -5.156250 0.000000
v -6.093750 -7.031250 0.000000
v -4.218750 -1.406250 0.000000
v -6.093750 -1.406250 0.000000
v -6.093750 -3.281250 0.000000
v -0.468750 -1.406250 0.000000
v -2.343750 -1.406250 0.000000
v -2.343750 -3.281250 0.000000
v 3.281250 -5.156250 0.000000
v 1.406250 -5.156250 0.000000
v 1.406250 -7.031250 0.000000
v 3.281250 -1.406250 0.000000
v 1.406250 -1.406250 0.000000
v 1.406250 -3.281250 0.000000
v 7.031250 -1.406250 0.000000
v 5.156250 -1.406250 0.000000
v 5.156250 -3.281250 0.000000
v 7.031250 -3.281250 0.000000
v 3.281250 -3.281250 0.000000
v 3.281250 -7.031250 0.000000
v -0.468750 -3.281250 0.000000
v -4.218750 -3.281250 0.000000
v -4.218750 -7.031250 0.000000
v -0.468750 4.218750 0.000000
v -4.218750 4.218750 0.000000
v -4.218750 0.468750 0.000000
v 7.031250 4.218750 0.000000
v 3.281250 4.218750 0.000000
v 3.281250 0.468750 0.000000
v 7.031250 0.468750 0.000000
v -0.468750 0.468750 0.000000
v -0.468750 -7.031250 0.000000
v 7.031250 -7.031250 0.000000
v 7.031250 0.000000 2.500000
v 6.562500 0.000000 2.500000
v 7.031250 3.750000 2.500000
v 6.562500 3.750000 2.500000
v 7.031250 -3.750000 2.500000
v 6.562500 -3.750000 2.500000
v 7.031250 -1.875000 2.500000
v 6.562500 -1.875000 2.500000
v 7.031250 1.875000 2.500000
v 6.562500 1.875000 2.500000
v 7.031250 -5.625000 2.500000
v 6.562500 -5.625000 2.500000
v 6.562500 -5.156250 2.500000
v 6.562500 -4.218750 2.500000
v 6.562500 -4.687500 2.500000
v 7.031250 -4.687500 2.500000
v 4.218750 -6.562500 2.500000
v 3.750000 -6.562500 2.500000
v 5.156250 -6.562500 2.500000
v 4.687500 -6.562500 2.500000
v -3.281250 -6.562500 2.500000
v -3.750000 -6.562500 2.500000
v -2.343750 -6.562500 2.500000
v -2.812500 -6.562500 2.500000
v 6.562500 2.343750 2.500000
v 6.562500 3.281250 2.500000
v 6.562500 2.812500 2.500000
v 7.031250 2.812500 2.500000
v -6.562500 2.343750 2.500000
v -6.562500 1.875000 2.500000
v -6.562500 3.281250 2.500000
v -6.562500 2.812500 2.500000
v -6.562500 0.468750 2.500000
v -6.562500 0.000000 2.500000
v -6.562500 1.406250 2.500000
v -6.562500 0.937500 2.500000
v -6.562500 4.218750 2.500000
v -6.562500 3.750000 2.500000
v -6.562500 5.156250 2.500000
v -6.562500 4.687500 2.500000
v -6.562500 -5.156250 2.500000
v -6.562500 -5.625000 2.500000
v -6.562500 -4.218750 2.500000
v -6.562500 -4.687500 2.500000
v -6.562500 -6.093750 2.500000
v -6.562500 -6.562500 2.500000
v -6.093750 -6.562500 2.500000
v -6.562500 -1.406250 2.500000
v -6.562500 -1.875000 2.500000
v -6.562500 -0.468750 2.500000
v -6.562500 -0.937500 2.500000
v -6.562500 -3.281250 2.500000
v -6.562500 -3.750000 2.500000
v -6.562500 -2.343750 2.500000
v -6.562500 -2.812500 2.500000
v 0.468750 -6.562500 2.500000
v 0.000000 -6.562500 2.500000
v 1.406250 -6.562500 2.500000
v 0.937500 -6.562500 2.500000
v 6.562500 -1.406250 2.500000
v 6.562500 -0.468750 2.500000
v 6.562500 -0.937500 2.500000
v 7.031250 -0.937500 2.500000
v 6.562500 -3.281250 2.500000
v 6.562500 -2.343750 2.500000
v 6.562500 -2.812500 2.500000
v 7.031250 -2.812500 2.500000
v 2.343750 -6.562500 2.500000
v 1.875000 -6.562500 2.500000
v 3.281250 -6.562500 2.500000
v 2.812500 -6.562500 2.500000
v -5.156250 -6.562500 2.500000
v -5.625000 -6.562500 2.500000
v -4.218750 -6.562500 2.500000
v -4.687500 -6.562500 2.500000
v 6.562500 4.218750 2.500000
v 6.562500 5.156250 2.500000
v 6.562500 4.687500 2.500000
v 7.031250 4.687500 2.500000
v 6.562500 0.468750 2.500000
v 6.562500 1.406250 2.500000
v 6.562500 0.937500 2.500000
v 7.031250 0.937500 2.500000
v -1.406250 -6.562500 2.500000
v -1.875000 -6.562500 2.500000
v -0.468750 -6.562500 2.500000
v -0.937500 -6.562500 2.500000
v 6.562500 -6.093750 2.500000
v 6.562500 -6.562500 2.500000
v 6.093750 -6.562500 2.500000
v 5.625000 -6.562500 2.500000
v 7.031250 -6.562500 2.500000
v 0.000000 -7.031250 2.500000
v -7.031250 0.000000 2.500000
v -7.031250 3.750000 2.500000
v -3.750000 -7.031250 2.500000
v -7.031250 -3.750000 2.500000
v 3.750000 -7.031250 2.500000
v 1.875000 -7.031250 2.500000
v -7.031250 -1.875000 2.500000
v -5.625000 -7.031250 2.500000
v -7.031250 -5.625000 2.500000
v -7.031250 1.875000 2.500000
v -1.875000 -7.031250 2.500000
v 5.625000 -7.031250 2.500000
v 4.687500 -7.031250 2.500000
v -2.812500 -7.031250 2.500000
v -7.031250 2.812500 2.500000
v -7.031250 0.937500 2.500000
v -7.031250 4.687500 2.500000
v -7.031250 -4.687500 2.500000
v -6.562500 -7.031250 2.500000
v -7.031250 -6.562500 2.500000
v -7.031250 -0.937500 2.500000
v -7.031250 -2.812500 2.500000
v 0.937500 -7.031250 2.500000
v 2.812500 -7.031250 2.500000
v -4.687500 -7.031250 2.500000
v -0.937500 -7.031250 2.500000
v 6.562500 -7.031250 2.500000
v 7.031250 -6.093750 2.500000
v 6.093750 -7.031250 2.500000
v -1.406250 -7.031250 2.500000
v 7.031250 1.406250 2.500000
v 7.031250 5.156250 2.500000
v -5.156250 -7.031250 2.500000
v 2.343750 -7.031250 2.500000
v 7.031250 -2.343750 2.500000
v 7.031250 -0.468750 2.500000
v 0.468750 -7.031250 2.500000
v -7.031250 -2.343750 2.500000
v -7.031250 -3.281250 2.500000
v -7.031250 -0.468750 2.500000
v -7.031250 -1.406250 2.500000
v -7.031250 -6.093750 2.500000
v -7.031250 -7.031250 2.500000
v -7.031250 -4.218750 2.500000
v -7.031250 -5.156250 2.500000
v -7.031250 5.156250 2.500000
v -7.031250 4.218750 2.500000
v -7.031250 1.406250 2.500000
v -7.031250 0.468750 2.500000
v -7.031250 3.281250 2.500000
v -7.031250 2.343750 2.500000
v 7.031250 3.281250 2.500000
v -3.281250 -7.031250 2.500000
v 4.218750 -7.031250 2.500000
v 7.031250 -4.218750 2.500000
v 7.031250 -5.156250 2.500000
v 5.156250 -7.031250 2.500000
v -2.343750 -7.031250 2.500000
v 7.031250 2.343750 2.500000
v -6.093750 -7.031250 2.500000
v 1.406250 -7.031250 2.500000
v 7.031250 -1.406250 2.500000
v 7.031250 -3.281250 2.500000
v 3.281250 -7.031250 2.500000
v -4.218750 -7.031250 2.500000
v 7.031250 4.218750 2.500000
v 7.031250 0.468750 2.500000
v -0.468750 -7.031250 2.500000
v 7.031250 -7.031250 2.500000
v 4.218750 0.000000 2.500000
v 3.750000 0.000000 2.500000
v 3.750000 0.468750 2.500000
v 3.750000 4.218750 2.500000
v 3.750000 3.750000 2.500000
v 4.218750 3.750000 2.500000
v -3.750000 0.468750 2.500000
v -3.750000 0.000000 2.500000
v -3.750000 4.218750 2.500000
v -3.750000 3.750000 2.500000
v -3.750000 -3.281250 2.500000
v -3.750000 -3.750000 2.500000
v -3.281250 -3.750000 2.500000
v 3.750000 -3.281250 2.500000
v 3.750000 -3.750000 2.500000
v 0.468750 -3.750000 2.500000
v 0.000000 -3.750000 2.500000
v 4.218750 -3.750000 2.500000
v 3.750000 2.343750 2.500000
v 3.750000 1.875000 2.500000
v -3.750000 2.343750 2.500000
v -3.750000 1.875000 2.500000
v -3.750000 -1.406250 2.500000
v -3.750000 -1.875000 2.500000
v -1.406250 -3.750000 2.500000
v -1.875000 -3.750000 2.500000
v 3.750000 -1.406250 2.500000
v 3.750000 -1.875000 2.500000
v 2.343750 -3.750000 2.500000
v 1.875000 -3.750000 2.500000
v 4.218750 -1.875000 2.500000
v 4.218750 1.875000 2.500000
v 3.750000 1.406250 2.500000
v 3.750000 0.937500 2.500000
v 3.750000 5.156250 2.500000
v 3.750000 4.687500 2.500000
v -3.750000 1.406250 2.500000
v -3.750000 0.937500 2.500000
v -3.750000 5.156250 2.500000
v -3.750000 4.687500 2.500000
v -3.750000 -2.343750 2.500000
v -3.750000 -2.812500 2.500000
v -2.343750 -3.750000 2.500000
v -2.812500 -3.750000 2.500000
v 3.750000 -2.343750 2.500000
v 3.750000 -2.812500 2.500000
v 1.406250 -3.750000 2.500000
v 0.937500 -3.750000 2.500000
v 3.750000 3.281250 2.500000
v 3.750000 2.812500 2.500000
v -3.750000 3.281250 2.500000
v -3.750000 2.812500 2.500000
v -3.750000 -0.468750 2.500000
v -3.750000 -0.937500 2.500000
v -0.468750 -3.750000 2.500000
v -0.937500 -3.750000 2.500000
v 3.750000 -0.468750 2.500000
v 3.750000 -0.937500 2.500000
v 3.281250 -3.750000 2.500000
v 2.812500 -3.750000 2.500000
v 4.218750 2.812500 2.500000
v 4.218750 0.937500 2.500000
v 4.218750 4.687500 2.500000
v 4.218750 -0.937500 2.500000
v 4.218750 -2.812500 2.500000
v 0.000000 -4.218750 2.500000
v -4.218750 0.000000 2.500000
v -4.218750 3.750000 2.500000
v -3.750000 -4.218750 2.500000
v -4.218750 -3.750000 2.500000
v 3.750000 -4.218750 2.500000
v 1.875000 -4.218750 2.500000
v -4.218750 -1.875000 2.500000
v -4.218750 1.875000 2.500000
v -1.875000 -4.218750 2.500000
v -0.937500 -4.218750 2.500000
v -2.812500 -4.218750 2.500000
v -4.218750 2.812500 2.500000
v -4.218750 -0.937500 2.500000
v 2.812500 -4.218750 2.500000
v 0.937500 -4.218750 2.500000
v -4.218750 -2.812500 2.500000
v -4.218750 4.687500 2.500000
v -4.218750 0.937500 2.500000
v -4.218750 1.406250 2.500000
v -4.218750 5.156250 2.500000
v -4.218750 -2.343750 2.500000
v 4.218750 -2.343750 2.500000
v 4.218750 -3.281250 2.500000
v 4.218750 -0.468750 2.500000
v 4.218750 -1.406250 2.500000
v 1.406250 -4.218750 2.500000
v 0.468750 -4.218750 2.500000
v 3.281250 -4.218750 2.500000
v 2.343750 -4.218750 2.500000
v -4.218750 -0.468750 2.500000
v -4.218750 -4.218750 2.500000
v -4.218750 3.281250 2.500000
v 4.218750 5.156250 2.500000
v 4.218750 4.218750 2.500000
v 4.218750 1.406250 2.500000
v 4.218750 0.468750 2.500000
v 4.218750 3.281250 2.500000
v 4.218750 2.343750 2.500000
v -2.343750 -4.218750 2.500000
v -3.281250 -4.218750 2.500000
v -0.468750 -4.218750 2.500000
v -1.406250 -4.218750 2.500000
v 4.218750 -4.218750 2.500000
v -4.218750 2.343750 2.500000
v -4.218750 -1.406250 2.500000
v -4.218750 -3.281250 2.500000
v -4.218750 4.218750 2.500000
v -4.218750 0.468750 2.500000
v 4.218750 -6.562500 3.000000
v 3.750000 -6.562500 3.000000
v 5.156250 -6.562500 3.000000
v 4.687500 -6.562500 3.000000
v -3.281250 -6.562500 3.000000
v -3.750000 -6.562500 3.000000
v -2.343750 -6.562500 3.000000
v -2.812500 -6.562500 3.000000
v -6.093750 -6.562500 3.000000
v -6.562500 -6.562500 3.000000
v 0.468750 -6.562500 3.000000
v 0.000000 -6.562500 3.000000
v 1.406250 -6.562500 3.000000
v 0.937500 -6.562500 3.000000
v 2.343750 -6.562500 3.000000
v 1.875000 -6.562500 3.000000
v 3.281250 -6.562500 3.000000
v 2.812500 -6.562500 3.000000
v -5.156250 -6.562500 3.000000
v -5.625000 -6.562500 3.000000
v -4.218750 -6.562500 3.000000
v -4.687500 -6.562500 3.000000
v -1.406250 -6.562500 3.000000
v -1.875000 -6.562500 3.000000
v -0.468750 -6.562500 3.000000
v -0.937500 -6.562500 3.000000
v 6.093750 -6.562500 3.000000
v 5.625000 -6.562500 3.000000
v 7.031250 -6.562500 3.000000
v 6.562500 -6.562500 3.000000
v 0.000000 -7.031250 3.000000
v -3.750000 -7.031250 3.000000
v 3.750000 -7.031250 3.000000
v 1.875000 -7.031250 3.000000
v -5.625000 -7.031250 3.000000
v -1.875000 -7.031250 3.000000
v 5.625000 -7.031250 3.000000
v 4.687500 -7.031250 3.000000
v -2.812500 -7.031250 3.000000
v -6.562500 -7.031250 3.000000
v -7.031250 -6.562500 3.000000
v 0.937500 -7.031250 3.000000
v 2.812500 -7.031250 3.000000
v -4.687500 -7.031250 3.000000
v -0.937500 -7.031250 3.000000
v 6.562500 -7.031250 3.000000
v 6.093750 -7.031250 3.000000
v -1.406250 -7.031250 3.000000
v -5.156250 -7.031250 3.000000
v 2.343750 -7.031250 3.000000
v 0.468750 -7.031250 3.000000
v -7.031250 -7.031250 3.000000
v -3.281250 -7.031250 3.000000
v 4.218750 -7.031250 3.000000
v 5.156250 -7.031250 3.000000
v -2.343750 -7.031250 3.000000
v -6.093750 -7.031250 3.000000
v 1.406250 -7.031250 3.000000
v 3.281250 -7.031250 3.000000
v -4.218750 -7.031250 3.000000
v -0.468750 -7.031250 3.000000
v 7.031250 -7.031250 3.000000
v 4.218750 -6.562500 2.500000
v 3.750000 -6.562500 2.500000
v 5.156250 -6.562500 2.500000
v 4.687500 -6.562500 2.500000
v -3.281250 -6.562500 2.500000
v -3.750000 -6.562500 2.500000
v -2.343750 -6.562500 2.500000
v -2.812500 -6.562500 2.500000
v -6.093750 -6.562500 2.500000
v -6.562500 -6.562500 2.500000
v 0.468750 -6.562500 2.500000
v 0.000000 -6.562500 2.500000
v 1.406250 -6.562500 2.500000
v 0.937500 -6.562500 2.500000
v 2.343750 -6.562500 2.500000
v 1.875000 -6.562500 2.500000
v 3.281250 -6.562500 2.500000
v 2.812500 -6.562500 2.500000
v -5.156250 -6.562500 2.500000
v -5.625000 -6.562500 2.500000
v -4.218750 -6.562500 2.500000
v -4.687500 -6.562500 2.500000
v -1.406250 -6.562500 2.500000
v -1.875000 -6.562500 2.500000
v -0.468750 -6.562500 2.500000
v -0.937500 -6.562500 2.500000
v 6.093750 -6.562500 2.500000
v 5.625000 -6.562500 2.500000
v 7.031250 -6.562500 2.500000
v 6.562500 -6.562500 2.500000
v 6.562500 -6.562500 3.000000
v 2.812500 -6.562500 3.000000
v 3.281250 -6.562500 3.000000
v -2.812500 -6.562500 3.000000
v -2.343750 -6.562500 3.000000
v 1.875000 -6.562500 3.000000
v 2.343750 -6.562500 3.000000
v -7.031250 -6.562500 2.500000
v -6.093750 -6.562500 3.000000
v -5.625000 -6.562500 3.000000
v -3.750000 -6.562500 3.000000
v -3.281250 -6.562500 3.000000
v -7.031250 -6.562500 3.000000
v -6.562500 -6.562500 3.000000
v -0.468750 -6.562500 3.000000
v 0.000000 -6.562500 3.000000
v 4.687500 -6.562500 3.000000
v 5.156250 -6.562500 3.000000
v -1.406250 -6.562500 3.000000
v -0.937500 -6.562500 3.000000
v 3.750000 -6.562500 3.000000
v 4.218750 -6.562500 3.000000
v 0.468750 -6.562500 3.000000
v 1.406250 -6.562500 3.000000
v 0.937500 -6.562500 3.000000
v -5.156250 -6.562500 3.000000
v -4.218750 -6.562500 3.000000
v -4.687500 -6.562500 3.000000
v -1.875000 -6.562500 3.000000
v 6.093750 -6.562500 3.000000
v 5.625000 -6.562500 3.000000
v 7.031250 -6.562500 3.000000
v 4.218750 -6.562500 2.500000
v 3.750000 -6.562500 2.500000
v 5.156250 -6.562500 2.500000
v 4.687500 -6.562500 2.500000
v -3.281250 -6.562500 2.500000
v -3.750000 -6.562500 2.500000
v -2.343750 -6.562500 2.500000
v -2.812500 -6.562500 2.500000
v -6.093750 -6.562500 2.500000
v -6.562500 -6.562500 2.500000
v 0.468750 -6.562500 2.500000
v 0.000000 -6.562500 2.500000
v 1.406250 -6.562500 2.500000
v 0.937500 -6.562500 2.500000
v 2.343750 -6.562500 2.500000
v 1.875000 -6.562500 2.500000
v 3.281250 -6.562500 2.500000
v 2.812500 -6.562500 2.500000
v -5.156250 -6.562500 2.500000
v -5.625000 -6.562500 2.500000
v -4.218750 -6.562500 2.500000
v -4.687500 -6.562500 2.500000
v -1.406250 -6.562500 2.500000
v -1.875000 -6.562500 2.500000
v -0.468750 -6.562500 2.500000
v -0.937500 -6.562500 2.500000
v 6.093750 -6.562500 2.500000
v 5.625000 -6.562500 2.500000
v 7.031250 -6.562500 2.500000
v 6.562500 -6.562500 2.500000
v 6.562500 -6.562500 3.000000
v 2.812500 -6.562500 3.000000
v 3.281250 -6.562500 3.000000
v -2.812500 -6.562500 3.000000
v -2.343750 -6.562500 3.000000
v 1.875000 -6.562500 3.000000
v 2.343750 -6.562500 3.000000
v -7.031250 -6.562500 2.500000
v -6.093750 -6.562500 3.000000
v -5.625000 -6.562500 3.000000
v -3.750000 -6.562500 3.000000
v -3.281250 -6.562500 3.000000
v -7.031250 -6.562500 3.000000
v -6.562500 -6.562500 3.000000
v -0.468750 -6.562500 3.000000
v 0.000000 -6.562500 3.000000
v 4.687500 -6.562500 3.000000
v 5.156250 -6.562500 3.000000
v -1.406250 -6.562500 3.000000
v -0.937500 -6.562500 3.000000
v 3.750000 -6.562500 3.000000
v 4.218750 -6.562500 3.000000
v 0.468750 -6.562500 3.000000
v 1.406250 -6.562500 3.000000
v 0.937500 -6.562500 3.000000
v -5.156250 -6.562500 3.000000
v -4.218750 -6.562500 3.000000
v -4.687500 -6.562500 3.000000
v -1.875000 -6.562500 3.000000
v 6.093750 -6.562500 3.000000
v 5.625000 -6.562500 3.000000
v 7.031250 -6.562500 3.000000
v 4.218750 -6.562500 2.500000
v 3.750000 -6.562500 2.500000
v 5.156250 -6.562500 2.500000
v 4.687500 -6.562500 2.500000
v -3.281250 -6.562500 2.500000
v -3.750000 -6.562500 2.500000
v -2.343750 -6.562500 2.500000
v -2.812500 -6.562500 2.500000
v -6.093750 -6.562500 2.500000
v -6.562500 -6.562500 2.500000
v 0.468750 -6.562500 2.500000
v 0.000000 -6.562500 2.500000
v 1.406250 -6.562500 2.500000
v 0.937500 -6.562500 2.500000
v 2.343750 -6.562500 2.500000
v 1.875000 -6.562500 2.500000
v 3.281250 -6.562500 2.500000
v 2.812500 -6.562500 2.500000
v -5.156250 -6.562500 2.500000
v -5.625000 -6.562500 2.500000
v -4.218750 -6.562500 2.500000
v -4.687500 -6.562500 2.500000
v -1.406250 -6.562500 2.500000
v -1.875000 -6.562500 2.500000
v -0.468750 -6.562500 2.500000
v -0.937500 -6.562500 2.500000
v 6.093750 -6.562500 2.500000
v 5.625000 -6.562500 2.500000
v 7.031250 -6.562500 2.500000
v 6.562500 -6.562500 2.500000
v 6.562500 -6.562500 3.000000
v 2.812500 -6.562500 3.000000
v 3.281250 -6.562500 3.000000
v -2.812500 -6.562500 3.000000
v -2.343750 -6.562500 3.000000
v 1.875000 -6.562500 3.000000
v 2.343750 -6.562500 3.000000
v -7.031250 -6.562500 2.500000
v -6.093750 -6.562500 3.000000
v -5.625000 -6.562500 3.000000
v -3.750000 -6.562500 3.000000
v -3.281250 -6.562500 3.000000
v -7.031250 -6.562500 3.000000
v -6.562500 -6.562500 3.000000
v -0.468750 -6.562500 3.000000
v 0.000000 -6.562500 3.000000
v 4.687500 -6.562500 3.000000
v 5.156250 -6.562500 3.000000
v -1.406250 -6.562500 3.000000
v -0.937500 -6.562500 3.000000
v 3.750000 -6.562500 3.000000
v 4.218750 -6.562500 3.000000
v 0.468750 -6.562500 3.000000
v 1.406250 -6.562500 3.000000
v 0.937500 -6.562500 3.000000
v -5.156250 -6.562500 3.000000
v -4.218750 -6.562500 3.000000
v -4.687500 -6.562500 3.000000
v -1.875000 -6.562500 3.000000
v 6.093750 -6.562500 3.000000
v 5.625000 -6.562500 3.000000
v 7.031250 -6.562500 3.000000
v 4.218750 -3.750000 2.500000
v 3.750000 -3.750000 2.500000
v 5.156250 -3.750000 2.500000
v 4.687500 -3.750000 2.500000
v -3.281250 -3.750000 2.500000
v -3.750000 -3.750000 2.500000
v -2.343750 -3.750000 2.500000
v -2.812500 -3.750000 2.500000
v -6.093750 -3.750000 2.500000
v -6.562500 -3.750000 2.500000
v 0.468750 -3.750000 2.500000
v 0.000000 -3.750000 2.500000
v 1.406250 -3.750000 2.500000
v 0.937500 -3.750000 2.500000
v 2.343750 -3.750000 2.500000
v 1.875000 -3.750000 2.500000
v 3.281250 -3.750000 2.500000
v 2.812500 -3.750000 2.500000
v -5.156250 -3.750000 2.500000
v -5.625000 -3.750000 2.500000
v -4.218750 -3.750000 2.500000
v -4.687500 -3.750000 2.500000
v -1.406250 -3.750000 2.500000
v -1.875000 -3.750000 2.500000
v -0.468750 -3.750000 2.500000
v -0.937500 -3.750000 2.500000
v 6.093750 -3.750000 2.500000
v 5.625000 -3.750000 2.500000
v 7.031250 -3.750000 2.500000
v 6.562500 -3.750000 2.500000
v 6.562500 -3.750000 3.000000
v 2.812500 -3.750000 3.000000
v 3.281250 -3.750000 3.000000
v -2.812500 -3.750000 3.000000
v -2.343750 -3.750000 3.000000
v 1.875000 -3.750000 3.000000
v 2.343750 -3.750000 3.000000
v -7.031250 -3.750000 2.500000
v -6.093750 -3.750000 3.000000
v -5.625000 -3.750000 3.000000
v -3.750000 -3.750000 3.000000
v -3.281250 -3.750000 3.000000
v -7.031250 -3.750000 3.000000
v -6.562500 -3.750000 3.000000
v -0.468750 -3.750000 3.000000
v 0.000000 -3.750000 3.000000
v 4.687500 -3.750000 3.000000
v 5.156250 -3.750000 3.000000
v -1.406250 -3.750000 3.000000
v -0.937500 -3.750000 3.000000
v 3.750000 -3.750000 3.000000
v 4.218750 -3.750000 3.000000
v 0.468750 -3.750000 3.000000
v 1.406250 -3.750000 3.000000
v 0.937500 -3.750000 3.000000
v -5.156250 -3.750000 3.000000
v -4.218750 -3.750000 3.000000
v -4.687500 -3.750000 3.000000
v -1.875000 -3.750000 3.000000
v 6.093750 -3.750000 3.000000
v 5.625000 -3.750000 3.000000
v 7.031250 -3.750000 3.000000
v 7.031250 0.000000 3.000000
v 6.562500 0.000000 3.000000
v 7.031250 3.750000 3.000000
v 6.562500 3.750000 3.000000
v 7.031250 -3.750000 3.000000
v 6.562500 -3.750000 3.000000
v 7.031250 -1.875000 3.000000
v 6.562500 -1.875000 3.000000
v 7.031250 1.875000 3.000000
v 6.562500 1.875000 3.000000
v 6.562500 2.343750 3.000000
v 6.562500 3.281250 3.000000
v 6.562500 2.812500 3.000000
v 7.031250 2.812500 3.000000
v 6.562500 -1.406250 3.000000
v 6.562500 -0.468750 3.000000
v 6.562500 -0.937500 3.000000
v 7.031250 -0.937500 3.000000
v 6.562500 -3.281250 3.000000
v 6.562500 -2.343750 3.000000
v 6.562500 -2.812500 3.000000
v 7.031250 -2.812500 3.000000
v 6.562500 4.218750 3.000000
v 6.562500 5.156250 3.000000
v 6.562500 4.687500 3.000000
v 7.031250 4.687500 3.000000
v 6.562500 0.468750 3.000000
v 6.562500 1.406250 3.000000
v 6.562500 0.937500 3.000000
v 7.031250 0.937500 3.000000
v 7.031250 1.406250 3.000000
v 7.031250 5.156250 3.000000
v 7.031250 -2.343750 3.000000
v 7.031250 -0.468750 3.000000
v 7.031250 3.281250 3.000000
v 7.031250 2.343750 3.000000
v 7.031250 -1.406250 3.000000
v 7.031250 -3.281250 3.000000
v 7.031250 4.218750 3.000000
v 7.031250 0.468750 3.000000
v -3.750000 0.468750 3.000000
v -3.750000 0.000000 3.000000
v -3.750000 4.218750 3.000000
v -3.750000 3.750000 3.000000
v -3.750000 -3.281250 3.000000
v -3.750000 -3.750000 3.000000
v -3.750000 2.343750 3.000000
v -3.750000 1.875000 3.000000
v -3.750000 -1.406250 3.000000
v -3.750000 -1.875000 3.000000
v -3.750000 1.406250 3.000000
v -3.750000 0.937500 3.000000
v -3.750000 5.156250 3.000000
v -3.750000 4.687500 3.000000
v -3.750000 -2.343750 3.000000
v -3.750000 -2.812500 3.000000
v -3.750000 3.281250 3.000000
v -3.750000 2.812500 3.000000
v -3.750000 -0.468750 3.000000
v -3.750000 -0.937500 3.000000
v -4.218750 0.000000 3.000000
v -4.218750 3.750000 3.000000
v -4.218750 -3.750000 3.000000
v -4.218750 -1.875000 3.000000
v -4.218750 1.875000 3.000000
v -4.218750 2.812500 3.000000
v -4.218750 -0.937500 3.000000
v -4.218750 -2.812500 3.000000
v -4.218750 4.687500 3.000000
v -4.218750 0.937500 3.000000
v -4.218750 1.406250 3.000000
v -4.218750 5.156250 3.000000
v -4.218750 -2.343750 3.000000
v -4.218750 -0.468750 3.000000
v -4.218750 3.281250 3.000000
v -4.218750 2.343750 3.000000
v -4.218750 -1.406250 3.000000
v -4.218750 -3.281250 3.000000
v -4.218750 4.218750 3.000000
v -4.218750 0.468750 3.000000
v -4.218750 0.937500 3.000000
v -4.218750 0.937500 2.500000
v -4.218750 1.406250 2.500000
v -4.218750 1.406250 3.000000
v 6.562500 2.343750 2.500000
v 6.562500 1.875000 2.500000
v 6.562500 3.281250 2.500000
v 6.562500 2.812500 2.500000
v -4.218750 -2.812500 2.500000
v -4.218750 -2.812500 3.000000
v 6.562500 -1.406250 2.500000
v 6.562500 -1.875000 2.500000
v 6.562500 -0.468750 2.500000
v 6.562500 -0.937500 2.500000
v 6.562500 2.343750 3.000000
v 6.562500 -3.281250 2.500000
v 6.562500 -3.750000 2.500000
v 6.562500 -2.343750 2.500000
v 6.562500 -2.812500 2.500000
v 6.562500 4.218750 2.500000
v 6.562500 3.750000 2.500000
v 6.562500 5.156250 2.500000
v 6.562500 4.687500 2.500000
v 6.562500 0.468750 2.500000
v 6.562500 0.000000 2.500000
v 6.562500 1.406250 2.500000
v 6.562500 0.937500 2.500000
v -4.218750 -3.750000 3.000000
v -4.218750 -3.750000 2.500000
v -4.218750 -3.281250 2.500000
v -4.218750 -3.281250 3.000000
v -4.218750 -0.937500 2.500000
v -4.218750 -0.937500 3.000000
v 6.562500 -2.812500 3.000000
v 6.562500 -2.343750 3.000000
v -4.218750 -1.875000 3.000000
v -4.218750 -1.875000 2.500000
v -4.218750 -1.406250 2.500000
v -4.218750 -1.406250 3.000000
v 6.562500 -3.750000 3.000000
v -4.218750 1.875000 2.500000
v 6.562500 -3.281250 3.000000
v -4.218750 5.156250 2.500000
v -4.218750 4.687500 2.500000
v -4.218750 -2.343750 2.500000
v -4.218750 -0.468750 2.500000
v -4.218750 0.000000 2.500000
v -4.218750 3.281250 2.500000
v -4.218750 2.812500 2.500000
v -4.218750 3.750000 2.500000
v -4.218750 2.343750 2.500000
v -4.218750 2.343750 3.000000
v -4.218750 2.812500 3.000000
v -4.218750 4.218750 2.500000
v 6.562500 1.406250 3.000000
v -4.218750 0.468750 2.500000
v 6.562500 1.875000 3.000000
v 6.562500 3.281250 3.000000
v 6.562500 2.812500 3.000000
v 6.562500 -1.406250 3.000000
v 6.562500 -1.875000 3.000000
v 6.562500 -0.468750 3.000000
v 6.562500 -0.937500 3.000000
v 6.562500 4.218750 3.000000
v 6.562500 3.750000 3.000000
v 6.562500 5.156250 3.000000
v 6.562500 4.687500 3.000000
v 6.562500 0.468750 3.000000
v 6.562500 0.000000 3.000000
v 6.562500 0.937500 3.000000
v -4.218750 1.875000 3.000000
v -4.218750 5.156250 3.000000
v -4.218750 4.687500 3.000000
v -4.218750 -2.343750 3.000000
v -4.218750 -0.468750 3.000000
v -4.218750 0.000000 3.000000
v -4.218750 3.281250 3.000000
v -4.218750 3.750000 3.000000
v -4.218750 4.218750 3.000000
v -4.218750 0.468750 3.000000
v -4.218750 0.937500 3.000000
v -4.218750 0.937500 2.500000
v -4.218750 1.406250 2.500000
v -4.218750 1.406250 3.000000
v 6.562500 2.343750 2.500000
v 6.562500 1.875000 2.500000
v 6.562500 3.281250 2.500000
v 6.562500 2.812500 2.500000
v -4.218750 -2.812500 2.500000
v -4.218750 -2.812500 3.000000
v 6.562500 -1.406250 2.500000
v 6.562500 -1.875000 2.500000
v 6.562500 -0.468750 2.500000
v 6.562500 -0.937500 2.500000
v 6.562500 2.343750 3.000000
v 6.562500 -3.281250 2.500000
v 6.562500 -3.750000 2.500000
v 6.562500 -2.343750 2.500000
v 6.562500 -2.812500 2.500000
v 6.562500 4.218750 2.500000
v 6.562500 3.750000 2.500000
v 6.562500 5.156250 2.500000
v 6.562500 4.687500 2.500000
v 6.562500 0.468750 2.500000
v 6.562500 0.000000 2.500000
v 6.562500 1.406250 2.500000
v 6.562500 0.937500 2.500000
v -4.218750 -3.750000 3.000000
v -4.218750 -3.750000 2.500000
v -4.218750 -3.281250 2.500000
v -4.218750 -3.281250 3.000000
v -4.218750 -0.937500 2.500000
v -4.218750 -0.937500 3.000000
v 6.562500 -2.812500 3.000000
v 6.562500 -2.343750 3.000000
v -4.218750 -1.875000 3.000000
v -4.218750 -1.875000 2.500000
v -4.218750 -1.406250 2.500000
v -4.218750 -1.406250 3.000000
v 6.562500 -3.750000 3.000000
v -4.218750 1.875000 2.500000
v 6.562500 -3.281250 3.000000
v -4.218750 5.156250 2.500000
v -4.218750 4.687500 2.500000
v -4.218750 -2.343750 2.500000
v -4.218750 -0.468750 2.500000
v -4.218750 0.000000 2.500000
v -4.218750 3.281250 2.500000
v -4.218750 2.812500 2.500000
v -4.218750 3.750000 2.500000
v -4.218750 2.343750 2.500000
v -4.218750 2.343750 3.000000
v -4.218750 2.812500 3.000000
v -4.218750 4.218750 2.500000
v 6.562500 1.406250 3.000000
v -4.218750 0.468750 2.500000
v 6.562500 1.875000 3.000000
v 6.562500 3.281250 3.000000
v 6.562500 2.812500 3.000000
v 6.562500 -1.406250 3.000000
v 6.562500 -1.875000 3.000000
v 6.562500 -0.468750 3.000000
v 6.562500 -0.937500 3.000000
v 6.562500 4.218750 3.000000
v 6.562500 3.750000 3.000000
v 6.562500 5.156250 3.000000
v 6.562500 4.687500 3.000000
v 6.562500 0.468750 3.000000
v 6.562500 0.000000 3.000000
v 6.562500 0.937500 3.000000
v -4.218750 1.875000 3.000000
v -4.218750 5.156250 3.000000
v -4.218750 4.687500 3.000000
v -4.218750 -2.343750 3.000000
v -4.218750 -0.468750 3.000000
v -4.218750 0.000000 3.000000
v -4.218750 3.281250 3.000000
v -4.218750 3.750000 3.000000
v -4.218750 4.218750 3.000000
v -4.218750 0.468750 3.000000
v -7.031250 0.937500 3.000000
v -7.031250 0.937500 2.500000
v -7.031250 1.406250 2.500000
v -7.031250 1.406250 3.000000
v 3.750000 2.343750 2.500000
v 3.750000 1.875000 2.500000
v 3.750000 3.281250 2.500000
v 3.750000 2.812500 2.500000
v -7.031250 -2.812500 2.500000
v -7.031250 -2.812500 3.000000
v 3.750000 -1.406250 2.500000
v 3.750000 -1.875000 2.500000
v 3.750000 -0.468750 2.500000
v 3.750000 -0.937500 2.500000
v 3.750000 2.343750 3.000000
v 3.750000 -3.281250 2.500000
v 3.750000 -3.750000 2.500000
v 3.750000 -2.343750 2.500000
v 3.750000 -2.812500 2.500000
v 3.750000 4.218750 2.500000
v 3.750000 3.750000 2.500000
v 3.750000 5.156250 2.500000
v 3.750000 4.687500 2.500000
v 3.750000 0.468750 2.500000
v 3.750000 0.000000 2.500000
v 3.750000 1.406250 2.500000
v 3.750000 0.937500 2.500000
v -7.031250 -3.750000 3.000000
v -7.031250 -3.750000 2.500000
v -7.031250 -3.281250 2.500000
v -7.031250 -3.281250 3.000000
v -7.031250 -0.937500 2.500000
v -7.031250 -0.937500 3.000000
v 3.750000 -2.812500 3.000000
v 3.750000 -2.343750 3.000000
v -7.031250 -1.875000 3.000000
v -7.031250 -1.875000 2.500000
v -7.031250 -1.406250 2.500000
v -7.031250 -1.406250 3.000000
v 3.750000 -3.750000 3.000000
v -7.031250 1.875000 2.500000
v 3.750000 -3.281250 3.000000
v -7.031250 5.156250 2.500000
v -7.031250 4.687500 2.500000
v -7.031250 -2.343750 2.500000
v -7.031250 -0.468750 2.500000
v -7.031250 0.000000 2.500000
v -7.031250 3.281250 2.500000
v -7.031250 2.812500 2.500000
v -7.031250 3.750000 2.500000
v -7.031250 2.343750 2.500000
v -7.031250 2.343750 3.000000
v -7.031250 2.812500 3.000000
v -7.031250 4.218750 2.500000
v 3.750000 1.406250 3.000000
v -7.031250 0.468750 2.500000
v 3.750000 1.875000 3.000000
v 3.750000 3.281250 3.000000
v 3.750000 2.812500 3.000000
v 3.750000 -1.406250 3.000000
v 3.750000 -1.875000 3.000000
v 3.750000 -0.468750 3.000000
v 3.750000 -0.937500 3.000000
v 3.750000 4.218750 3.000000
v 3.750000 3.750000 3.000000
v 3.750000 5.156250 3.000000
v 3.750000 4.687500 3.000000
v 3.750000 0.468750 3.000000
v 3.750000 0.000000 3.000000
v 3.750000 0.937500 3.000000
v -7.031250 1.875000 3.000000
v -7.031250 5.156250 3.000000
v -7.031250 4.687500 3.000000
v -7.031250 -2.343750 3.000000
v -7.031250 -0.468750 3.000000
v -7.031250 0.000000 3.000000
v -7.031250 3.281250 3.000000
v -7.031250 3.750000 3.000000
v -7.031250 4.218750 3.000000
v -7.031250 0.468750 3.000000
vn -0.0000 -0.0000 -1.0000
vn -0.0000 -0.0000 1.0000
vn -0.0000 1.0000 -0.0000
vn -0.0000 -1.0000 -0.0000
vn -1.0000 -0.0000 -0.0000
vn 1.0000 -0.0000 -0.0000
vt 0.968750 0.968750
vt 0.968750 1.000000
vt 1.000000 1.000000
vt 1.000000 0.968750
vt 0.000000 0.000000
vt 1.000000 0.000000
vt 0.000000 1.000000
vt 1.000000 0.031250
vt 1.000000 0.062500
vt 1.000000 0.093750
vt 1.000000 0.125000
vt 1.000000 0.156250
vt 1.000000 0.187500
vt 1.000000 0.218750
vt 1.000000 0.250000
vt 1.000000 0.281250
vt 1.000000 0.312500
vt 1.000000 0.343750
vt 1.000000 0.375000
vt 1.000000 0.406250
vt 1.000000 0.437500
vt 1.000000 0.468750
vt 1.000000 0.500000
vt 1.000000 0.531250
vt 1.000000 0.562500
vt 1.000000 0.593750
vt 1.000000 0.625000
vt 1.000000 0.656250
vt 1.000000 0.687500
vt 1.000000 0.718750
vt 1.000000 0.750000
vt 1.000000 0.781250
vt 1.000000 0.812500
vt 1.000000 0.843750
vt 1.000000 0.875000
vt 1.000000 0.906250
vt 1.000000 0.937500
vt 0.000000 0.968750
vt 0.000000 0.937500
vt 0.000000 0.906250
vt 0.000000 0.875000
vt 0.000000 0.843750
vt 0.000000 0.812500
vt 0.000000 0.781250
vt 0.000000 0.750000
vt 0.000000 0.718750
vt 0.000000 0.687500
vt 0.000000 0.656250
vt 0.000000 0.625000
vt 0.000000 0.593750
vt 0.000000 0.562500
vt 0.000000 0.531250
vt 0.000000 0.500000
vt 0.000000 0.468750
vt 0.000000 0.437500
vt 0.000000 0.406250
vt 0.000000 0.375000
vt 0.000000 0.343750
vt 0.000000 0.312500
vt 0.000000 0.281250
vt 0.000000 0.250000
vt 0.000000 0.218750
vt 0.000000 0.187500
vt 0.000000 0.156250
vt 0.000000 0.125000
vt 0.000000 0.093750
vt 0.000000 0.062500
vt 0.000000 0.031250
vt 0.937500 1.000000
vt 0.906250 1.000000
vt 0.875000 1.000000
vt 0.843750 1.000000
vt 0.812500 1.000000
vt 0.781250 1.000000
vt 0.750000 1.000000
vt 0.718750 1.000000
vt 0.687500 1.000000
vt 0.656250 1.000000
vt 0.625000 1.000000
vt 0.593750 1.000000
vt 0.562500 1.000000
vt 0.531250 1.000000
vt 0.500000 1.000000
vt 0.468750 1.000000
vt 0.437500 1.000000
vt 0.406250 1.000000
vt 0.375000 1.000000
vt 0.343750 1.000000
vt 0.312500 1.000000
vt 0.281250 1.000000
vt 0.250000 1.000000
vt 0.218750 1.000000
vt 0.187500 1.000000
vt 0.156250 1.000000
vt 0.125000 1.000000
vt 0.093750 1.000000
vt 0.062500 1.000000
vt 0.031250 1.000000
vt 0.031250 0.000000
vt 0.062500 0.000000
vt 0.093750 0.000000
vt 0.125000 0.000000
vt 0.156250 0.000000
vt 0.187500 0.000000
vt 0.218750 0.000000
vt 0.250000 0.000000
vt 0.281250 0.000000
vt 0.312500 0.000000
vt 0.343750 0.000000
vt 0.375000 0.000000
vt 0.406250 0.000000
vt 0.437500 0.000000
vt 0.468750 0.000000
vt 0.500000 0.000000
vt 0.531250 0.000000
vt 0.562500 0.000000
vt 0.593750 0.000000
vt 0.625000 0.000000
vt 0.656250 0.000000
vt 0.687500 0.000000
vt 0.718750 0.000000
vt 0.750000 0.000000
vt 0.781250 0.000000
vt 0.812500 0.000000
vt 0.843750 0.000000
vt 0.875000 0.000000
vt 0.906250 0.000000
vt 0.937500 0.000000
vt 0.968750 0.000000
vt 0.968750 0.468750
vt 0.968750 0.500000
vt 0.468750 0.468750
vt 0.468750 0.500000
vt 0.500000 0.500000
vt 0.500000 0.468750
vt 0.468750 0.968750
vt 0.500000 0.968750
vt 0.468750 0.718750
vt 0.468750 0.750000
vt 0.500000 0.750000
vt 0.500000 0.718750
vt 0.218750 0.718750
vt 0.218750 0.750000
vt 0.250000 0.750000
vt 0.250000 0.718750
vt 0.218750 0.968750
vt 0.250000 0.968750
vt 0.781250 0.687500
vt 0.781250 0.656250
vt 0.750000 0.718750
vt 0.750000 0.750000
vt 0.218750 0.468750
vt 0.218750 0.500000
vt 0.250000 0.500000
vt 0.250000 0.468750
vt 0.968750 0.218750
vt 0.968750 0.250000
vt 0.781250 0.218750
vt 0.750000 0.218750
vt 0.718750 0.468750
vt 0.718750 0.500000
vt 0.750000 0.500000
vt 0.750000 0.468750
vt 0.968750 0.718750
vt 0.968750 0.750000
vt 0.718750 0.718750
vt 0.718750 0.750000
vt 0.718750 0.968750
vt 0.750000 0.968750
vt 0.718750 0.843750
vt 0.718750 0.875000
vt 0.750000 0.875000
vt 0.750000 0.843750
vt 0.593750 0.843750
vt 0.593750 0.875000
vt 0.625000 0.875000
vt 0.625000 0.843750
vt 0.593750 0.968750
vt 0.625000 0.968750
vt 0.718750 0.593750
vt 0.718750 0.625000
vt 0.750000 0.625000
vt 0.750000 0.593750
vt 0.593750 0.593750
vt 0.593750 0.625000
vt 0.625000 0.625000
vt 0.625000 0.593750
vt 0.593750 0.718750
vt 0.593750 0.750000
vt 0.625000 0.750000
vt 0.625000 0.718750
vt 0.968750 0.593750
vt 0.968750 0.625000
vt 0.843750 0.593750
vt 0.843750 0.625000
vt 0.875000 0.625000
vt 0.875000 0.593750
vt 0.843750 0.718750
vt 0.843750 0.750000
vt 0.875000 0.750000
vt 0.875000 0.718750
vt 0.718750 0.343750
vt 0.718750 0.375000
vt 0.750000 0.375000
vt 0.750000 0.343750
vt 0.593750 0.343750
vt 0.593750 0.375000
vt 0.625000 0.375000
vt 0.625000 0.343750
vt 0.593750 0.468750
vt 0.593750 0.500000
vt 0.625000 0.500000
vt 0.625000 0.468750
vt 0.718750 0.093750
vt 0.718750 0.125000
vt 0.750000 0.125000
vt 0.750000 0.093750
vt 0.593750 0.093750
vt 0.593750 0.125000
vt 0.625000 0.125000
vt 0.625000 0.093750
vt 0.781250 0.625000
vt 0.968750 0.093750
vt 0.968750 0.125000
vt 0.843750 0.093750
vt 0.843750 0.125000
vt 0.875000 0.125000
vt 0.875000 0.093750
vt 0.843750 0.218750
vt 0.843750 0.250000
vt 0.875000 0.250000
vt 0.875000 0.218750
vt 0.218750 0.343750
vt 0.218750 0.375000
vt 0.250000 0.375000
vt 0.250000 0.343750
vt 0.093750 0.343750
vt 0.093750 0.375000
vt 0.125000 0.375000
vt 0.125000 0.343750
vt 0.093750 0.468750
vt 0.093750 0.500000
vt 0.125000 0.500000
vt 0.125000 0.468750
vt 0.218750 0.093750
vt 0.218750 0.125000
vt 0.250000 0.125000
vt 0.250000 0.093750
vt 0.093750 0.093750
vt 0.093750 0.125000
vt 0.125000 0.125000
vt 0.125000 0.093750
vt 0.093750 0.218750
vt 0.093750 0.250000
vt 0.125000 0.250000
vt 0.125000 0.218750
vt 0.468750 0.093750
vt 0.468750 0.125000
vt 0.500000 0.125000
vt 0.500000 0.093750
vt 0.343750 0.093750
vt 0.343750 0.125000
vt 0.375000 0.125000
vt 0.375000 0.093750
vt 0.531250 0.750000
vt 0.218750 0.843750
vt 0.218750 0.875000
vt 0.250000 0.875000
vt 0.250000 0.843750
vt 0.093750 0.843750
vt 0.093750 0.875000
vt 0.125000 0.875000
vt 0.125000 0.843750
vt 0.093750 0.968750
vt 0.125000 0.968750
vt 0.218750 0.593750
vt 0.218750 0.625000
vt 0.250000 0.625000
vt 0.250000 0.593750
vt 0.093750 0.593750
vt 0.093750 0.625000
vt 0.125000 0.625000
vt 0.125000 0.593750
vt 0.093750 0.718750
vt 0.093750 0.750000
vt 0.125000 0.750000
vt 0.125000 0.718750
vt 0.468750 0.593750
vt 0.468750 0.625000
vt 0.500000 0.625000
vt 0.500000 0.593750
vt 0.343750 0.593750
vt 0.343750 0.625000
vt 0.375000 0.625000
vt 0.375000 0.593750
vt 0.343750 0.718750
vt 0.343750 0.750000
vt 0.375000 0.750000
vt 0.375000 0.718750
vt 0.468750 0.843750
vt 0.468750 0.875000
vt 0.500000 0.875000
vt 0.500000 0.843750
vt 0.343750 0.843750
vt 0.343750 0.875000
vt 0.375000 0.875000
vt 0.375000 0.843750
vt 0.343750 0.968750
vt 0.375000 0.968750
vt 0.468750 0.343750
vt 0.468750 0.375000
vt 0.500000 0.375000
vt 0.500000 0.343750
vt 0.343750 0.343750
vt 0.343750 0.375000
vt 0.375000 0.375000
vt 0.375000 0.343750
vt 0.343750 0.468750
vt 0.343750 0.500000
vt 0.375000 0.500000
vt 0.375000 0.468750
vt 0.968750 0.343750
vt 0.968750 0.375000
vt 0.843750 0.343750
vt 0.843750 0.375000
vt 0.875000 0.375000
vt 0.875000 0.343750
vt 0.843750 0.468750
vt 0.843750 0.500000
vt 0.875000 0.500000
vt 0.875000 0.468750
vt 0.968750 0.843750
vt 0.968750 0.875000
vt 0.843750 0.843750
vt 0.843750 0.875000
vt 0.875000 0.875000
vt 0.875000 0.843750
vt 0.843750 0.968750
vt 0.875000 0.968750
vt 0.843750 0.906250
vt 0.843750 0.937500
vt 0.875000 0.937500
vt 0.875000 0.906250
vt 0.781250 0.906250
vt 0.781250 0.937500
vt 0.812500 0.937500
vt 0.812500 0.906250
vt 0.781250 0.968750
vt 0.812500 0.968750
vt 0.843750 0.781250
vt 0.843750 0.812500
vt 0.875000 0.812500
vt 0.875000 0.781250
vt 0.781250 0.781250
vt 0.781250 0.812500
vt 0.812500 0.812500
vt 0.812500 0.781250
vt 0.781250 0.843750
vt 0.781250 0.875000
vt 0.812500 0.875000
vt 0.812500 0.843750
vt 0.968750 0.781250
vt 0.968750 0.812500
vt 0.906250 0.781250
vt 0.906250 0.812500
vt 0.937500 0.812500
vt 0.937500 0.781250
vt 0.906250 0.843750
vt 0.906250 0.875000
vt 0.937500 0.875000
vt 0.937500 0.843750
vt 0.843750 0.406250
vt 0.843750 0.437500
vt 0.875000 0.437500
vt 0.875000 0.406250
vt 0.781250 0.406250
vt 0.781250 0.437500
vt 0.812500 0.437500
vt 0.812500 0.406250
vt 0.781250 0.468750
vt 0.781250 0.500000
vt 0.812500 0.500000
vt 0.812500 0.468750
vt 0.843750 0.281250
vt 0.843750 0.312500
vt 0.875000 0.312500
vt 0.875000 0.281250
vt 0.781250 0.281250
vt 0.781250 0.312500
vt 0.812500 0.312500
vt 0.812500 0.281250
vt 0.781250 0.343750
vt 0.781250 0.375000
vt 0.812500 0.375000
vt 0.812500 0.343750
vt 0.968750 0.281250
vt 0.968750 0.312500
vt 0.906250 0.281250
vt 0.906250 0.312500
vt 0.937500 0.312500
vt 0.937500 0.281250
vt 0.906250 0.343750
vt 0.906250 0.375000
vt 0.937500 0.375000
vt 0.937500 0.343750
vt 0.343750 0.406250
vt 0.343750 0.437500
vt 0.375000 0.437500
vt 0.375000 0.406250
vt 0.281250 0.406250
vt 0.281250 0.437500
vt 0.312500 0.437500
vt 0.312500 0.406250
vt 0.281250 0.468750
vt 0.281250 0.500000
vt 0.312500 0.500000
vt 0.312500 0.468750
vt 0.343750 0.281250
vt 0.343750 0.312500
vt 0.375000 0.312500
vt 0.375000 0.281250
vt 0.281250 0.281250
vt 0.281250 0.312500
vt 0.312500 0.312500
vt 0.312500 0.281250
vt 0.281250 0.343750
vt 0.281250 0.375000
vt 0.312500 0.375000
vt 0.312500 0.343750
vt 0.468750 0.281250
vt 0.468750 0.312500
vt 0.500000 0.312500
vt 0.500000 0.281250
vt 0.406250 0.281250
vt 0.406250 0.312500
vt 0.437500 0.312500
vt 0.437500 0.281250
vt 0.406250 0.343750
vt 0.406250 0.375000
vt 0.437500 0.375000
vt 0.437500 0.343750
vt 0.343750 0.906250
vt 0.343750 0.937500
vt 0.375000 0.937500
vt 0.375000 0.906250
vt 0.281250 0.906250
vt 0.281250 0.937500
vt 0.312500 0.937500
vt 0.312500 0.906250
vt 0.281250 0.968750
vt 0.312500 0.968750
vt 0.343750 0.781250
vt 0.343750 0.812500
vt 0.375000 0.812500
vt 0.375000 0.781250
vt 0.281250 0.781250
vt 0.281250 0.812500
vt 0.312500 0.812500
vt 0.312500 0.781250
vt 0.281250 0.843750
vt 0.281250 0.875000
vt 0.312500 0.875000
vt 0.312500 0.843750
vt 0.468750 0.781250
vt 0.468750 0.812500
vt 0.500000 0.812500
vt 0.500000 0.781250
vt 0.406250 0.781250
vt 0.406250 0.812500
vt 0.437500 0.812500
vt 0.437500 0.781250
vt 0.406250 0.843750
vt 0.406250 0.875000
vt 0.437500 0.875000
vt 0.437500 0.843750
vt 0.343750 0.656250
vt 0.343750 0.687500
vt 0.375000 0.687500
vt 0.375000 0.656250
vt 0.281250 0.656250
vt 0.281250 0.687500
vt 0.312500 0.687500
vt 0.312500 0.656250
vt 0.281250 0.718750
vt 0.281250 0.750000
vt 0.312500 0.750000
vt 0.312500 0.718750
vt 0.343750 0.531250
vt 0.343750 0.562500
vt 0.375000 0.562500
vt 0.375000 0.531250
vt 0.281250 0.531250
vt 0.281250 0.562500
vt 0.312500 0.562500
vt 0.312500 0.531250
vt 0.281250 0.593750
vt 0.281250 0.625000
vt 0.312500 0.625000
vt 0.312500 0.593750
vt 0.468750 0.531250
vt 0.468750 0.562500
vt 0.500000 0.562500
vt 0.500000 0.531250
vt 0.406250 0.531250
vt 0.406250 0.562500
vt 0.437500 0.562500
vt 0.437500 0.531250
vt 0.406250 0.593750
vt 0.406250 0.625000
vt 0.437500 0.625000
vt 0.437500 0.593750
vt 0.093750 0.656250
vt 0.093750 0.687500
vt 0.125000 0.687500
vt 0.125000 0.656250
vt 0.031250 0.656250
vt 0.031250 0.687500
vt 0.062500 0.687500
vt 0.062500 0.656250
vt 0.031250 0.718750
vt 0.031250 0.750000
vt 0.062500 0.750000
vt 0.062500 0.718750
vt 0.093750 0.531250
vt 0.093750 0.562500
vt 0.125000 0.562500
vt 0.125000 0.531250
vt 0.031250 0.531250
vt 0.031250 0.562500
vt 0.062500 0.562500
vt 0.062500 0.531250
vt 0.031250 0.593750
vt 0.031250 0.625000
vt 0.062500 0.625000
vt 0.062500 0.593750
vt 0.218750 0.531250
vt 0.218750 0.562500
vt 0.250000 0.562500
vt 0.250000 0.531250
vt 0.156250 0.531250
vt 0.156250 0.562500
vt 0.187500 0.562500
vt 0.187500 0.531250
vt 0.156250 0.593750
vt 0.156250 0.625000
vt 0.187500 0.625000
vt 0.187500 0.593750
vt 0.093750 0.906250
vt 0.093750 0.937500
vt 0.125000 0.937500
vt 0.125000 0.906250
vt 0.031250 0.906250
vt 0.031250 0.937500
vt 0.062500 0.937500
vt 0.062500 0.906250
vt 0.031250 0.968750
vt 0.062500 0.968750
vt 0.093750 0.781250
vt 0.093750 0.812500
vt 0.125000 0.812500
vt 0.125000 0.781250
vt 0.031250 0.781250
vt 0.031250 0.812500
vt 0.062500 0.812500
vt 0.062500 0.781250
vt 0.031250 0.843750
vt 0.031250 0.875000
vt 0.062500 0.875000
vt 0.062500 0.843750
vt 0.218750 0.781250
vt 0.218750 0.812500
vt 0.250000 0.812500
vt 0.250000 0.781250
vt 0.156250 0.781250
vt 0.156250 0.812500
vt 0.187500 0.812500
vt 0.187500 0.781250
vt 0.156250 0.843750
vt 0.156250 0.875000
vt 0.187500 0.875000
vt 0.187500 0.843750
vt 0.343750 0.156250
vt 0.343750 0.187500
vt 0.375000 0.187500
vt 0.375000 0.156250
vt 0.281250 0.156250
vt 0.281250 0.187500
vt 0.312500 0.187500
vt 0.312500 0.156250
vt 0.406250 0.750000
vt 0.500000 0.062500
vt 0.531250 0.062500
vt 0.937500 0.562500
vt 0.937500 0.593750
vt 0.281250 0.093750
vt 0.281250 0.125000
vt 0.312500 0.125000
vt 0.312500 0.093750
vt 0.437500 0.968750
vt 0.406250 0.093750
vt 0.406250 0.125000
vt 0.437500 0.125000
vt 0.437500 0.093750
vt 0.093750 0.156250
vt 0.093750 0.187500
vt 0.125000 0.187500
vt 0.125000 0.156250
vt 0.031250 0.156250
vt 0.031250 0.187500
vt 0.062500 0.187500
vt 0.062500 0.156250
vt 0.031250 0.218750
vt 0.031250 0.250000
vt 0.062500 0.250000
vt 0.062500 0.218750
vt 0.093750 0.031250
vt 0.093750 0.062500
vt 0.125000 0.062500
vt 0.125000 0.031250
vt 0.031250 0.031250
vt 0.031250 0.062500
vt 0.062500 0.062500
vt 0.062500 0.031250
vt 0.031250 0.093750
vt 0.031250 0.125000
vt 0.062500 0.125000
vt 0.062500 0.093750
vt 0.281250 0.031250
vt 0.250000 0.031250
vt 0.562500 0.062500
vt 0.593750 0.062500
vt 0.156250 0.093750
vt 0.156250 0.125000
vt 0.187500 0.125000
vt 0.187500 0.093750
vt 0.093750 0.406250
vt 0.093750 0.437500
vt 0.125000 0.437500
vt 0.125000 0.406250
vt 0.031250 0.406250
vt 0.031250 0.437500
vt 0.062500 0.437500
vt 0.062500 0.406250
vt 0.031250 0.468750
vt 0.031250 0.500000
vt 0.062500 0.500000
vt 0.062500 0.468750
vt 0.093750 0.281250
vt 0.093750 0.312500
vt 0.125000 0.312500
vt 0.125000 0.281250
vt 0.031250 0.281250
vt 0.031250 0.312500
vt 0.062500 0.312500
vt 0.062500 0.281250
vt 0.031250 0.343750
vt 0.031250 0.375000
vt 0.062500 0.375000
vt 0.062500 0.343750
vt 0.218750 0.281250
vt 0.218750 0.312500
vt 0.250000 0.312500
vt 0.250000 0.281250
vt 0.156250 0.281250
vt 0.156250 0.312500
vt 0.187500 0.312500
vt 0.187500 0.281250
vt 0.156250 0.343750
vt 0.156250 0.375000
vt 0.187500 0.375000
vt 0.187500 0.343750
vt 0.843750 0.156250
vt 0.843750 0.187500
vt 0.875000 0.187500
vt 0.875000 0.156250
vt 0.781250 0.156250
vt 0.781250 0.187500
vt 0.812500 0.187500
vt 0.812500 0.156250
vt 0.781250 0.250000
vt 0.812500 0.250000
vt 0.812500 0.218750
vt 0.937500 0.500000
vt 0.937500 0.531250
vt 0.781250 0.093750
vt 0.781250 0.125000
vt 0.812500 0.125000
vt 0.812500 0.093750
vt 0.968750 0.031250
vt 0.968750 0.062500
vt 0.906250 0.093750
vt 0.906250 0.125000
vt 0.937500 0.125000
vt 0.937500 0.093750
vt 0.593750 0.156250
vt 0.593750 0.187500
vt 0.625000 0.187500
vt 0.625000 0.156250
vt 0.531250 0.156250
vt 0.531250 0.187500
vt 0.562500 0.187500
vt 0.562500 0.156250
vt 0.312500 0.031250
vt 0.531250 0.093750
vt 0.531250 0.125000
vt 0.562500 0.125000
vt 0.562500 0.093750
vt 0.843750 0.031250
vt 0.812500 0.031250
vt 0.656250 0.031250
vt 0.625000 0.031250
vt 0.656250 0.093750
vt 0.656250 0.125000
vt 0.687500 0.125000
vt 0.687500 0.093750
vt 0.593750 0.406250
vt 0.593750 0.437500
vt 0.625000 0.437500
vt 0.625000 0.406250
vt 0.531250 0.406250
vt 0.531250 0.437500
vt 0.562500 0.437500
vt 0.562500 0.406250
vt 0.531250 0.468750
vt 0.531250 0.500000
vt 0.562500 0.500000
vt 0.562500 0.468750
vt 0.593750 0.281250
vt 0.593750 0.312500
vt 0.625000 0.312500
vt 0.625000 0.281250
vt 0.531250 0.281250
vt 0.531250 0.312500
vt 0.562500 0.312500
vt 0.562500 0.281250
vt 0.531250 0.343750
vt 0.531250 0.375000
vt 0.562500 0.375000
vt 0.562500 0.343750
vt 0.718750 0.281250
vt 0.718750 0.312500
vt 0.750000 0.312500
vt 0.750000 0.281250
vt 0.656250 0.281250
vt 0.656250 0.312500
vt 0.687500 0.312500
vt 0.687500 0.281250
vt 0.656250 0.343750
vt 0.656250 0.375000
vt 0.687500 0.375000
vt 0.687500 0.343750
vt 0.843750 0.656250
vt 0.843750 0.687500
vt 0.875000 0.687500
vt 0.875000 0.656250
vt 0.812500 0.687500
vt 0.812500 0.656250
vt 0.781250 0.718750
vt 0.781250 0.750000
vt 0.812500 0.750000
vt 0.812500 0.718750
vt 0.843750 0.531250
vt 0.843750 0.562500
vt 0.875000 0.562500
vt 0.875000 0.531250
vt 0.781250 0.531250
vt 0.781250 0.562500
vt 0.812500 0.562500
vt 0.812500 0.531250
vt 0.781250 0.593750
vt 0.812500 0.625000
vt 0.812500 0.593750
vt 0.968750 0.531250
vt 0.968750 0.562500
vt 0.906250 0.531250
vt 0.906250 0.562500
vt 0.906250 0.593750
vt 0.906250 0.625000
vt 0.937500 0.625000
vt 0.593750 0.656250
vt 0.593750 0.687500
vt 0.625000 0.687500
vt 0.625000 0.656250
vt 0.531250 0.656250
vt 0.531250 0.687500
vt 0.562500 0.687500
vt 0.562500 0.656250
vt 0.531250 0.718750
vt 0.562500 0.750000
vt 0.562500 0.718750
vt 0.593750 0.531250
vt 0.593750 0.562500
vt 0.625000 0.562500
vt 0.625000 0.531250
vt 0.531250 0.531250
vt 0.531250 0.562500
vt 0.562500 0.562500
vt 0.562500 0.531250
vt 0.531250 0.593750
vt 0.531250 0.625000
vt 0.562500 0.625000
vt 0.562500 0.593750
vt 0.718750 0.531250
vt 0.718750 0.562500
vt 0.750000 0.562500
vt 0.750000 0.531250
vt 0.656250 0.531250
vt 0.656250 0.562500
vt 0.687500 0.562500
vt 0.687500 0.531250
vt 0.656250 0.593750
vt 0.656250 0.625000
vt 0.687500 0.625000
vt 0.687500 0.593750
vt 0.593750 0.906250
vt 0.593750 0.937500
vt 0.625000 0.937500
vt 0.625000 0.906250
vt 0.531250 0.906250
vt 0.531250 0.937500
vt 0.562500 0.937500
vt 0.562500 0.906250
vt 0.531250 0.968750
vt 0.562500 0.968750
vt 0.593750 0.781250
vt 0.593750 0.812500
vt 0.625000 0.812500
vt 0.625000 0.781250
vt 0.531250 0.781250
vt 0.531250 0.812500
vt 0.562500 0.812500
vt 0.562500 0.781250
vt 0.531250 0.843750
vt 0.531250 0.875000
vt 0.562500 0.875000
vt 0.562500 0.843750
vt 0.718750 0.781250
vt 0.718750 0.812500
vt 0.750000 0.812500
vt 0.750000 0.781250
vt 0.656250 0.781250
vt 0.656250 0.812500
vt 0.687500 0.812500
vt 0.687500 0.781250
vt 0.656250 0.843750
vt 0.656250 0.875000
vt 0.687500 0.875000
vt 0.687500 0.843750
vt 0.718750 0.906250
vt 0.718750 0.937500
vt 0.750000 0.937500
vt 0.750000 0.906250
vt 0.656250 0.906250
vt 0.656250 0.937500
vt 0.687500 0.937500
vt 0.687500 0.906250
vt 0.656250 0.968750
vt 0.687500 0.968750
vt 0.718750 0.656250
vt 0.718750 0.687500
vt 0.750000 0.687500
vt 0.750000 0.656250
vt 0.656250 0.656250
vt 0.656250 0.687500
vt 0.687500 0.687500
vt 0.687500 0.656250
vt 0.656250 0.718750
vt 0.656250 0.750000
vt 0.687500 0.750000
vt 0.687500 0.718750
vt 0.968750 0.656250
vt 0.968750 0.687500
vt 0.906250 0.656250
vt 0.906250 0.687500
vt 0.937500 0.687500
vt 0.937500 0.656250
vt 0.906250 0.718750
vt 0.906250 0.750000
vt 0.937500 0.750000
vt 0.937500 0.718750
vt 0.718750 0.406250
vt 0.718750 0.437500
vt 0.750000 0.437500
vt 0.750000 0.406250
vt 0.656250 0.406250
vt 0.656250 0.437500
vt 0.687500 0.437500
vt 0.687500 0.406250
vt 0.656250 0.468750
vt 0.656250 0.500000
vt 0.687500 0.500000
vt 0.687500 0.468750
vt 0.718750 0.156250
vt 0.718750 0.187500
vt 0.750000 0.187500
vt 0.750000 0.156250
vt 0.656250 0.156250
vt 0.656250 0.187500
vt 0.687500 0.187500
vt 0.687500 0.156250
vt 0.968750 0.156250
vt 0.968750 0.187500
vt 0.906250 0.156250
vt 0.906250 0.187500
vt 0.937500 0.187500
vt 0.937500 0.156250
vt 0.906250 0.218750
vt 0.906250 0.250000
vt 0.937500 0.250000
vt 0.937500 0.218750
vt 0.218750 0.406250
vt 0.218750 0.437500
vt 0.250000 0.437500
vt 0.250000 0.406250
vt 0.156250 0.406250
vt 0.156250 0.437500
vt 0.187500 0.437500
vt 0.187500 0.406250
vt 0.156250 0.468750
vt 0.156250 0.500000
vt 0.187500 0.500000
vt 0.187500 0.468750
vt 0.218750 0.156250
vt 0.218750 0.187500
vt 0.250000 0.187500
vt 0.250000 0.156250
vt 0.156250 0.156250
vt 0.156250 0.187500
vt 0.187500 0.187500
vt 0.187500 0.156250
vt 0.468750 0.156250
vt 0.468750 0.187500
vt 0.500000 0.187500
vt 0.500000 0.156250
vt 0.406250 0.156250
vt 0.406250 0.187500
vt 0.437500 0.187500
vt 0.437500 0.156250
vt 0.406250 0.218750
vt 0.375000 0.218750
vt 0.218750 0.906250
vt 0.218750 0.937500
vt 0.250000 0.937500
vt 0.250000 0.906250
vt 0.156250 0.906250
vt 0.156250 0.937500
vt 0.187500 0.937500
vt 0.187500 0.906250
vt 0.156250 0.968750
vt 0.187500 0.968750
vt 0.218750 0.656250
vt 0.218750 0.687500
vt 0.250000 0.687500
vt 0.250000 0.656250
vt 0.156250 0.656250
vt 0.156250 0.687500
vt 0.187500 0.687500
vt 0.187500 0.656250
vt 0.156250 0.718750
vt 0.156250 0.750000
vt 0.187500 0.750000
vt 0.187500 0.718750
vt 0.468750 0.656250
vt 0.468750 0.687500
vt 0.500000 0.687500
vt 0.500000 0.656250
vt 0.406250 0.656250
vt 0.406250 0.687500
vt 0.437500 0.687500
vt 0.437500 0.656250
vt 0.406250 0.718750
vt 0.437500 0.750000
vt 0.437500 0.718750
vt 0.468750 0.906250
vt 0.468750 0.937500
vt 0.500000 0.937500
vt 0.500000 0.906250
vt 0.406250 0.906250
vt 0.406250 0.937500
vt 0.437500 0.937500
vt 0.437500 0.906250
vt 0.406250 0.968750
vt 0.468750 0.406250
vt 0.468750 0.437500
vt 0.500000 0.437500
vt 0.500000 0.406250
vt 0.406250 0.406250
vt 0.406250 0.437500
vt 0.437500 0.437500
vt 0.437500 0.406250
vt 0.406250 0.468750
vt 0.406250 0.500000
vt 0.437500 0.500000
vt 0.437500 0.468750
vt 0.968750 0.406250
vt 0.968750 0.437500
vt 0.906250 0.406250
vt 0.906250 0.437500
vt 0.937500 0.437500
vt 0.937500 0.406250
vt 0.906250 0.468750
vt 0.906250 0.500000
vt 0.937500 0.468750
vt 0.968750 0.906250
vt 0.968750 0.937500
vt 0.906250 0.906250
vt 0.906250 0.937500
vt 0.937500 0.937500
vt 0.937500 0.906250
vt 0.906250 0.968750
vt 0.937500 0.968750
vt 0.875000 0.031250
vt 0.687500 0.031250
vt 0.781250 0.031250
vt 0.750000 0.031250
vt 0.437500 0.218750
vt 0.343750 0.218750
vt 0.312500 0.218750
vt 0.156250 0.218750
vt 0.187500 0.218750
vt 0.156250 0.250000
vt 0.656250 0.218750
vt 0.687500 0.218750
vt 0.625000 0.218750
vt 0.875000 0.062500
vt 0.906250 0.062500
vt 0.500000 0.250000
vt 0.531250 0.250000
vt 0.468750 0.031250
vt 0.437500 0.031250
vt 0.593750 0.218750
vt 0.562500 0.218750
vt 0.250000 0.250000
vt 0.281250 0.250000
vt 0.750000 0.250000
vt 0.656250 0.250000
vt 0.687500 0.250000
vt 0.625000 0.250000
vt 0.718750 0.250000
vt 0.562500 0.250000
vt 0.593750 0.250000
vt 0.656250 0.062500
vt 0.687500 0.062500
vt 0.625000 0.062500
vt 0.718750 0.031250
vt 0.500000 0.031250
vt 0.531250 0.031250
vt 0.562500 0.031250
vt 0.593750 0.031250
vt 0.531250 0.218750
vt 0.500000 0.218750
vt 0.937500 0.062500
vt 0.906250 0.031250
vt 0.937500 0.031250
vt 0.156250 0.062500
vt 0.187500 0.062500
vt 0.781250 0.062500
vt 0.812500 0.062500
vt 0.750000 0.062500
vt 0.218750 0.062500
vt 0.250000 0.062500
vt 0.187500 0.250000
vt 0.218750 0.250000
vt 0.156250 0.031250
vt 0.187500 0.031250
vt 0.218750 0.031250
vt 0.406250 0.062500
vt 0.437500 0.062500
vt 0.375000 0.062500
vt 0.406250 0.031250
vt 0.375000 0.031250
vt 0.281250 0.062500
vt 0.312500 0.062500
vt 0.343750 0.031250
vt 0.281250 0.218750
vt 0.250000 0.218750
vt 0.468750 0.250000
vt 0.468750 0.218750
vt 0.406250 0.250000
vt 0.437500 0.250000
vt 0.375000 0.250000
vt 0.312500 0.250000
vt 0.343750 0.250000
vt 0.218750 0.218750
vt 0.843750 0.062500
vt 0.343750 0.062500
vt 0.468750 0.062500
vt 0.718750 0.062500
vt 0.718750 0.218750
s 0
f 1093/1/1 497/2/1 4/3/1 296/4/1
f 5/5/2 6/6/2 8/3/2 7/7/2
f 2/6/3 496/8/3 144/9/3 352/10/3 48/11/3 456/12/3 104/13/3 312/14/3 20/15/3 484/16/3 132/17/3 340/18/3 36/19/3 444/20/3 92/21/3 300/22/3 11/23/3 492/24/3 140/25/3 348/26/3 44/27/3 452/28/3 100/29/3 308/30/3 16/31/3 480/32/3 128/33/3 336/34/3 32/35/3 440/36/3 88/37/3 296/4/3 4/3/3 8/3/3 6/6/3
f 3/7/4 494/38/4 142/39/4 350/40/4 46/41/4 454/42/4 102/43/4 310/44/4 18/45/4 482/46/4 130/47/4 338/48/4 34/49/4 442/50/4 90/51/4 298/52/4 9/53/4 490/54/4 138/55/4 346/56/4 42/57/4 450/58/4 98/59/4 306/60/4 14/61/4 478/62/4 126/63/4 334/64/4 30/65/4 438/66/4 86/67/4 294/68/4 1/5/4 5/5/4 7/7/4
f 4/3/5 497/2/5 145/69/5 353/70/5 49/71/5 457/72/5 105/73/5 313/74/5 21/75/5 485/76/5 133/77/5 341/78/5 37/79/5 445/80/5 93/81/5 301/82/5 12/83/5 493/84/5 141/85/5 349/86/5 45/87/5 453/88/5 101/89/5 309/90/5 17/91/5 481/92/5 129/93/5 337/94/5 33/95/5 441/96/5 89/97/5 297/98/5 3/7/5 7/7/5 8/3/5
f 1/5/6 495/99/6 143/100/6 351/101/6 47/102/6 455/103/6 103/104/6 311/105/6 19/106/6 483/107/6 131/108/6 339/109/6 35/110/6 443/111/6 91/112/6 299/113/6 10/114/6 491/115/6 139/116/6 347/117/6 43/118/6 451/119/6 99/120/6 307/121/6 15/122/6 479/123/6 127/124/6 335/125/6 31/126/6 439/127/6 87/128/6 295/129/6 2/6/6 6/6/6 5/5/6
f 1092/130/1 302/131/1 11/23/1 300/22/1
f 1091/132/1 303/133/1 13/134/1 500/135/1
f 1090/136/1 493/84/1 12/83/1 501/137/1
f 1089/138/1 318/139/1 25/140/1 489/141/1
f 1088/142/1 319/143/1 26/144/1 504/145/1
f 1087/146/1 481/92/1 17/91/1 505/147/1
f 739/148/3 911/149/3 1350/149/3 1335/148/3
f 516/150/4 29/151/4 1270/151/4 1314/150/4
f 1084/152/1 315/153/1 23/154/1 509/155/1
f 1083/156/1 326/157/1 20/15/1 312/14/1
f 937/158/6 512/159/6 1325/159/6 1352/158/6
f 1081/160/1 314/161/1 22/162/1 513/163/1
f 1080/164/1 330/165/1 16/31/1 308/30/1
f 1079/166/1 331/167/1 29/151/1 516/150/1
f 1078/168/1 485/76/1 21/75/1 517/169/1
f 1077/170/1 374/171/1 69/172/1 477/173/1
f 1076/174/1 375/175/1 70/176/1 520/177/1
f 1075/178/1 445/80/1 37/79/1 521/179/1
f 1074/180/1 378/181/1 68/182/1 476/183/1
f 1073/184/1 379/185/1 71/186/1 524/187/1
f 1072/188/1 371/189/1 67/190/1 525/191/1
f 1071/192/1 382/193/1 44/27/1 348/26/1
f 1070/194/1 383/195/1 72/196/1 528/197/1
f 1069/198/1 370/199/1 66/200/1 529/201/1
f 1068/202/1 386/203/1 65/204/1 473/205/1
f 1067/206/1 387/207/1 73/208/1 532/209/1
f 1066/210/1 354/211/1 50/212/1 533/213/1
f 1065/214/1 390/215/1 64/216/1 472/217/1
f 1064/218/1 391/219/1 74/220/1 536/221/1
f 911/149/3 527/222/3 1327/222/3 1350/149/3
f 1062/223/1 394/224/1 48/11/1 352/10/1
f 1061/225/1 395/226/1 75/227/1 540/228/1
f 1060/229/1 366/230/1 62/231/1 541/232/1
f 1059/233/1 398/234/1 61/235/1 469/236/1
f 1058/237/1 399/238/1 76/239/1 544/240/1
f 1057/241/1 355/242/1 51/243/1 545/244/1
f 1056/245/1 402/246/1 60/247/1 468/248/1
f 1055/249/1 403/250/1 77/251/1 548/252/1
f 1054/253/1 363/254/1 59/255/1 549/256/1
f 1053/257/1 406/258/1 40/259/1 448/260/1
f 1052/261/1 407/262/1 78/263/1 552/264/1
f 515/265/6 25/140/6 1257/140/6 1312/265/6
f 1050/266/1 410/267/1 57/268/1 465/269/1
f 1049/270/1 411/271/1 79/272/1 556/273/1
f 1048/274/1 441/96/1 33/95/1 557/275/1
f 1047/276/1 414/277/1 56/278/1 464/279/1
f 1046/280/1 415/281/1 80/282/1 560/283/1
f 1045/284/1 359/285/1 55/286/1 561/287/1
f 1044/288/1 418/289/1 41/290/1 449/291/1
f 1043/292/1 419/293/1 81/294/1 564/295/1
f 1042/296/1 358/297/1 54/298/1 565/299/1
f 1041/300/1 422/301/1 53/302/1 461/303/1
f 1040/304/1 423/305/1 82/306/1 568/307/1
f 1039/308/1 453/88/1 45/87/1 569/309/1
f 1038/310/1 426/311/1 52/312/1 460/313/1
f 1037/314/1 427/315/1 83/316/1 572/317/1
f 1036/318/1 343/319/1 39/320/1 573/321/1
f 1035/322/1 430/323/1 36/19/1 340/18/1
f 1034/324/1 431/325/1 84/326/1 576/327/1
f 1033/328/1 342/329/1 38/330/1 577/331/1
f 1032/332/1 434/333/1 32/35/1 336/34/1
f 1031/334/1 435/335/1 85/336/1 580/337/1
f 1030/338/1 457/72/1 49/71/1 581/339/1
f 1029/340/1 582/341/1 229/342/1 437/343/1
f 1028/344/1 583/345/1 230/346/1 584/347/1
f 1027/348/1 313/74/1 105/73/1 585/349/1
f 1026/350/1 586/351/1 228/352/1 436/353/1
f 1025/354/1 587/355/1 231/356/1 588/357/1
f 1024/358/1 579/359/1 227/360/1 589/361/1
f 1023/362/1 590/363/1 128/33/1 480/32/1
f 1022/364/1 591/365/1 232/366/1 592/367/1
f 1021/368/1 578/369/1 226/370/1 593/371/1
f 1020/372/1 594/373/1 225/374/1 433/375/1
f 1019/376/1 595/377/1 233/378/1 596/379/1
f 1018/380/1 486/381/1 134/382/1 597/383/1
f 1017/384/1 598/385/1 224/386/1 432/387/1
f 1016/388/1 599/389/1 234/390/1 600/391/1
f 1015/392/1 575/393/1 223/394/1 601/395/1
f 1014/396/1 602/397/1 132/17/1 484/16/1
f 1013/398/1 603/399/1 235/400/1 604/401/1
f 1012/402/1 574/403/1 222/404/1 605/405/1
f 1011/406/1 606/407/1 221/408/1 429/409/1
f 1010/410/1 607/411/1 236/412/1 608/413/1
f 1009/414/1 487/415/1 135/416/1 609/417/1
f 1008/418/1 610/419/1 220/420/1 428/421/1
f 1007/422/1 611/423/1 237/424/1 612/425/1
f 1006/426/1 571/427/1 219/428/1 613/429/1
f 1005/430/1 614/431/1 108/432/1 316/433/1
f 1004/434/1 615/435/1 238/436/1 616/437/1
f 1003/438/1 570/439/1 218/440/1 617/441/1
f 1002/442/1 618/443/1 217/444/1 425/445/1
f 1001/446/1 619/447/1 239/448/1 620/449/1
f 1000/450/1 309/90/1 101/89/1 621/451/1
f 999/452/1 622/453/1 216/454/1 424/455/1
f 998/456/1 623/457/1 240/458/1 624/459/1
f 997/460/1 567/461/1 215/462/1 625/463/1
f 996/464/1 626/465/1 109/466/1 317/467/1
f 995/468/1 627/469/1 241/470/1 628/471/1
f 994/472/1 566/473/1 214/474/1 629/475/1
f 993/476/1 630/477/1 213/478/1 421/479/1
f 992/480/1 631/481/1 242/482/1 632/483/1
f 991/484/1 502/485/1 150/486/1 633/487/1
f 990/488/1 634/489/1 212/490/1 420/491/1
f 989/492/1 635/493/1 243/494/1 636/495/1
f 988/496/1 563/497/1 211/498/1 637/499/1
f 987/500/1 638/501/1 97/502/1 305/503/1
f 986/504/1 639/505/1 244/506/1 640/507/1
f 985/508/1 562/509/1 210/510/1 641/511/1
f 984/512/1 642/513/1 209/514/1 417/515/1
f 983/516/1 643/517/1 245/518/1 644/519/1
f 982/520/1 503/521/1 151/522/1 645/523/1
f 981/524/1 646/525/1 208/526/1 416/527/1
f 980/528/1 647/529/1 246/530/1 648/531/1
f 979/532/1 559/533/1 207/534/1 649/535/1
f 978/536/1 650/537/1 112/538/1 320/539/1
f 977/540/1 651/541/1 247/542/1 652/543/1
f 976/544/1 558/545/1 206/546/1 653/547/1
f 975/548/1 654/549/1 205/550/1 413/551/1
f 974/552/1 655/553/1 248/554/1 656/555/1
f 973/556/1 297/98/1 89/97/1 657/557/1
f 972/558/1 658/559/1 204/560/1 412/561/1
f 971/562/1 659/563/1 249/564/1 660/565/1
f 970/566/1 555/567/1 203/568/1 661/569/1
f 969/570/1 662/571/1 113/572/1 321/573/1
f 968/574/1 663/575/1 250/576/1 664/577/1
f 967/578/1 554/579/1 202/580/1 665/581/1
f 966/582/1 666/583/1 201/584/1 409/585/1
f 965/586/1 667/587/1 251/588/1 668/589/1
f 462/590/6 54/298/6 1275/298/6 1288/590/6
f 96/591/5 719/592/5 1143/592/5 1127/591/5
f 271/593/4 749/594/4 1151/594/4 1152/593/4
f 961/595/1 551/596/1 199/597/1 673/598/1
f 825/599/5 1090/136/5 1253/136/5 1176/599/5
f 505/147/5 1000/450/5 1238/450/5 1096/147/5
f 958/600/1 550/601/1 198/602/1 677/603/1
f 957/604/1 678/605/1 197/606/1 405/607/1
f 956/608/1 679/609/1 254/610/1 680/611/1
f 955/612/1 507/613/1 155/614/1 681/615/1
f 954/616/1 682/617/1 196/618/1 404/619/1
f 953/620/1 683/621/1 255/622/1 684/623/1
f 952/624/1 547/625/1 195/626/1 685/627/1
f 962/628/6 324/629/6 1188/629/6 1236/628/6
f 264/630/5 718/631/5 1141/631/5 1144/630/5
f 949/632/1 546/633/1 194/634/1 689/635/1
f 948/636/1 690/637/1 193/638/1 401/639/1
f 947/640/1 691/641/1 257/642/1 692/643/1
f 946/644/1 499/645/1 147/646/1 693/647/1
f 945/648/1 694/649/1 192/650/1 400/651/1
f 944/652/1 695/653/1 258/654/1 696/655/1
f 943/656/1 543/657/1 191/658/1 697/659/1
f 942/660/1 698/661/1 117/662/1 325/663/1
f 941/664/1 699/665/1 259/666/1 700/667/1
f 940/668/1 542/669/1 190/670/1 701/671/1
f 939/672/1 702/673/1 189/674/1 397/675/1
f 938/676/1 703/677/1 260/678/1 704/679/1
f 937/158/1 510/680/1 158/681/1 705/682/1
f 94/683/4 748/684/4 1149/684/4 1150/683/4
f 1090/136/5 501/137/5 1094/137/5 1253/136/5
f 934/685/1 539/686/1 187/687/1 709/688/1
f 933/689/1 710/690/1 144/9/1 496/8/1
f 1000/450/5 621/451/5 1121/451/5 1238/450/5
f 931/691/1 538/692/1 186/693/1 713/694/1
f 930/695/1 714/696/1 185/697/1 393/698/1
f 929/699/1 715/700/1 263/701/1 716/702/1
f 513/163/4 22/162/4 1272/162/4 1310/163/4
f 232/366/4 593/371/4 1112/371/4 1113/366/4
f 672/703/6 962/628/6 1236/628/6 1201/703/6
f 925/704/1 535/705/1 183/706/1 721/707/1
f 936/708/6 708/709/6 1204/709/6 1231/708/6
f 923/710/6 392/711/6 1193/711/6 1224/710/6
f 922/712/1 534/713/1 182/714/1 725/715/1
f 921/716/1 726/717/1 181/718/1 389/719/1
f 920/720/1 727/721/1 266/722/1 728/723/1
f 919/724/1 498/725/1 146/726/1 729/727/1
f 918/728/1 730/729/1 180/730/1 388/731/1
f 917/732/1 731/733/1 267/734/1 732/735/1
f 916/736/1 531/737/1 179/738/1 733/739/1
f 915/740/1 734/741/1 121/742/1 329/743/1
f 914/744/1 735/745/1 268/746/1 736/747/1
f 913/748/1 530/749/1 178/750/1 737/751/1
f 912/752/1 738/753/1 177/754/1 385/755/1
f 911/149/1 739/148/1 269/756/1 740/757/1
f 910/758/1 514/759/1 162/760/1 741/761/1
f 909/762/1 742/763/1 176/764/1 384/765/1
f 908/766/1 743/767/1 270/768/1 744/769/1
f 907/770/1 527/222/1 175/771/1 745/772/1
f 906/773/1 746/774/1 140/25/1 492/24/1
f 905/775/1 747/776/1 271/593/1 748/684/1
f 904/777/1 526/778/1 174/779/1 749/594/1
f 903/780/1 750/781/1 173/782/1 381/783/1
f 902/784/1 751/785/1 272/786/1 752/787/1
f 901/788/1 515/265/1 163/789/1 753/790/1
f 900/791/1 754/792/1 172/793/1 380/794/1
f 899/795/1 755/796/1 273/797/1 756/798/1
f 898/799/1 523/800/1 171/801/1 757/802/1
f 897/803/1 758/804/1 124/805/1 332/806/1
f 896/807/1 759/808/1 274/809/1 760/810/1
f 895/811/1 522/812/1 170/813/1 761/814/1
f 894/815/1 762/816/1 169/817/1 377/818/1
f 893/819/1 763/820/1 275/821/1 764/822/1
f 892/823/1 301/82/1 93/81/1 765/824/1
f 891/825/1 766/826/1 168/827/1 376/828/1
f 890/829/1 767/830/1 276/831/1 768/832/1
f 889/833/1 519/834/1 167/835/1 769/836/1
f 888/837/1 770/838/1 125/839/1 333/840/1
f 887/841/1 771/842/1 277/843/1 772/844/1
f 886/845/1 518/846/1 166/847/1 773/848/1
f 885/849/1 774/850/1 165/851/1 373/852/1
f 884/853/1 775/854/1 278/855/1 776/856/1
f 883/857/1 341/78/1 133/77/1 777/858/1
f 882/859/1 778/860/1 164/861/1 372/862/1
f 881/863/1 779/864/1 279/865/1 780/866/1
f 880/867/1 475/868/1 123/869/1 781/870/1
f 879/871/1 782/872/1 100/29/1 452/28/1
f 878/873/1 783/874/1 280/875/1 784/876/1
f 877/877/1 474/878/1 122/879/1 785/880/1
f 876/881/1 786/882/1 161/883/1 369/884/1
f 875/885/1 787/886/1 281/887/1 788/888/1
f 874/889/1 458/890/1 106/891/1 789/892/1
f 873/893/1 790/894/1 160/895/1 368/896/1
f 872/897/1 791/898/1 282/899/1 792/900/1
f 358/297/6 150/486/6 1305/486/6 1274/297/6
f 870/901/1 794/902/1 104/13/1 456/12/1
f 869/903/1 795/904/1 283/905/1 796/906/1
f 868/907/1 470/908/1 118/909/1 797/910/1
f 867/911/1 798/912/1 157/913/1 365/914/1
f 866/915/1 799/916/1 284/917/1 800/918/1
f 865/919/1 459/920/1 107/921/1 801/922/1
f 864/923/1 802/924/1 156/925/1 364/926/1
f 863/927/1 803/928/1 285/929/1 804/930/1
f 514/759/3 910/758/3 1349/758/3 1326/759/3
f 861/931/1 806/932/1 136/933/1 344/934/1
f 860/935/1 807/936/1 286/937/1 808/938/1
f 859/939/6 553/940/6 1329/940/6 1340/939/6
f 858/941/1 810/942/1 153/943/1 361/944/1
f 857/945/1 811/946/1 287/947/1 812/948/1
f 856/949/1 337/94/1 129/93/1 813/950/1
f 855/951/1 814/952/1 152/953/1 360/954/1
f 854/955/1 815/956/1 288/957/1 816/958/1
f 853/959/1 463/960/1 111/961/1 817/962/1
f 852/963/1 818/964/1 137/965/1 345/966/1
f 851/967/1 819/968/1 289/969/1 820/970/1
f 850/971/1 462/590/1 110/972/1 821/973/1
f 849/974/1 822/975/1 149/976/1 357/977/1
f 848/978/1 823/979/1 290/980/1 824/981/1
f 847/982/1 349/86/1 141/85/1 825/599/1
f 846/983/1 826/984/1 148/985/1 356/986/1
f 845/987/1 827/988/1 291/989/1 828/990/1
f 844/991/1 447/992/1 95/993/1 829/994/1
f 843/995/1 830/996/1 92/21/1 444/20/1
f 842/997/1 831/998/1 292/999/1 832/1000/1
f 841/1001/1 446/1002/1 94/683/1 833/1003/1
f 840/1004/1 834/1005/1 88/37/1 440/36/1
f 839/1006/1 835/1007/1 293/1008/1 836/1009/1
f 838/1010/1 353/70/1 145/69/1 837/1011/1
f 122/879/4 592/367/4 1110/367/4 1111/879/4
f 396/1012/6 936/708/6 1231/708/6 1195/1012/6
f 581/339/1 49/71/1 353/70/1 838/1010/1
f 578/369/1 839/1006/1 836/1009/1 226/370/1
f 85/336/1 437/343/1 839/1006/1 578/369/1
f 437/343/1 229/342/1 835/1007/1 839/1006/1
f 434/333/1 840/1004/1 440/36/1 32/35/1
f 283/905/4 797/910/4 1167/910/4 1168/905/4
f 724/1013/6 923/710/6 1224/710/6 1208/1013/6
f 831/998/1 841/1001/1 833/1003/1 292/999/1
f 225/374/1 577/331/1 841/1001/1 831/998/1
f 577/331/1 38/330/1 446/1002/1 841/1001/1
f 574/403/1 842/997/1 832/1000/1 222/404/1
f 84/326/1 433/375/1 842/997/1 574/403/1
f 433/375/1 225/374/1 831/998/1 842/997/1
f 430/323/1 843/995/1 444/20/1 36/19/1
f 186/693/4 796/906/4 1165/906/4 1166/693/4
f 713/694/4 186/693/4 1166/693/4 1140/694/4
f 827/988/1 844/991/1 829/994/1 291/989/1
f 221/408/1 573/321/1 844/991/1 827/988/1
f 573/321/1 39/320/1 447/992/1 844/991/1
f 570/439/1 845/987/1 828/990/1 218/440/1
f 83/316/1 429/409/1 845/987/1 570/439/1
f 429/409/1 221/408/1 827/988/1 845/987/1
f 426/311/1 846/983/1 356/986/1 52/312/1
f 218/440/1 828/990/1 846/983/1 426/311/1
f 828/990/1 291/989/1 826/984/1 846/983/1
f 935/1014/6 328/1015/6 1190/1015/6 1230/1014/6
f 794/902/3 870/901/3 1219/901/3 1211/902/3
f 569/309/1 45/87/1 349/86/1 847/982/1
f 566/473/1 848/978/1 824/981/1 214/474/1
f 82/306/1 425/445/1 848/978/1 566/473/1
f 425/445/1 217/444/1 823/979/1 848/978/1
f 422/301/1 849/974/1 357/977/1 53/302/1
f 214/474/1 824/981/1 849/974/1 422/301/1
f 824/981/1 290/980/1 822/975/1 849/974/1
f 819/968/1 850/971/1 821/973/1 289/969/1
f 213/478/1 565/299/1 850/971/1 819/968/1
f 565/299/1 54/298/1 462/590/1 850/971/1
f 562/509/1 851/967/1 820/970/1 210/510/1
f 81/294/1 421/479/1 851/967/1 562/509/1
f 421/479/1 213/478/1 819/968/1 851/967/1
f 418/289/1 852/963/1 345/966/1 41/290/1
f 210/510/1 820/970/1 852/963/1 418/289/1
f 820/970/1 289/969/1 818/964/1 852/963/1
f 815/956/1 853/959/1 817/962/1 288/957/1
f 209/514/1 561/287/1 853/959/1 815/956/1
f 561/287/1 55/286/1 463/960/1 853/959/1
f 558/545/1 854/955/1 816/958/1 206/546/1
f 80/282/1 417/515/1 854/955/1 558/545/1
f 417/515/1 209/514/1 815/956/1 854/955/1
f 414/277/1 855/951/1 360/954/1 56/278/1
f 206/546/1 816/958/1 855/951/1 414/277/1
f 816/958/1 288/957/1 814/952/1 855/951/1
f 708/709/6 935/1014/6 1230/1014/6 1204/709/6
f 205/550/1 557/275/1 856/949/1 811/946/1
f 557/275/1 33/95/1 337/94/1 856/949/1
f 554/579/1 857/945/1 812/948/1 202/580/1
f 79/272/1 413/551/1 857/945/1 554/579/1
f 413/551/1 205/550/1 811/946/1 857/945/1
f 410/267/1 858/941/1 361/944/1 57/268/1
f 202/580/1 812/948/1 858/941/1 410/267/1
f 812/948/1 287/947/1 810/942/1 858/941/1
f 807/936/1 859/939/1 809/1016/1 286/937/1
f 201/584/1 553/940/1 859/939/1 807/936/1
f 1051/1017/6 669/1018/6 1333/1018/6 1365/1017/6
f 550/601/1 860/935/1 808/938/1 198/602/1
f 78/263/1 409/585/1 860/935/1 550/601/1
f 409/585/1 201/584/1 807/936/1 860/935/1
f 406/258/1 861/931/1 344/934/1 40/259/1
f 198/602/1 808/938/1 861/931/1 406/258/1
f 808/938/1 286/937/1 806/932/1 861/931/1
f 803/928/1 862/1019/1 805/1020/1 285/929/1
f 197/606/1 549/256/1 862/1019/1 803/928/1
f 549/256/1 59/255/1 467/1021/1 862/1019/1
f 546/633/1 863/927/1 804/930/1 194/634/1
f 77/251/1 405/607/1 863/927/1 546/633/1
f 405/607/1 197/606/1 803/928/1 863/927/1
f 402/246/1 864/923/1 364/926/1 60/247/1
f 194/634/1 804/930/1 864/923/1 402/246/1
f 804/930/1 285/929/1 802/924/1 864/923/1
f 799/916/1 865/919/1 801/922/1 284/917/1
f 193/638/1 545/244/1 865/919/1 799/916/1
f 545/244/1 51/243/1 459/920/1 865/919/1
f 542/669/1 866/915/1 800/918/1 190/670/1
f 76/239/1 401/639/1 866/915/1 542/669/1
f 401/639/1 193/638/1 799/916/1 866/915/1
f 398/234/1 867/911/1 365/914/1 61/235/1
f 190/670/1 800/918/1 867/911/1 398/234/1
f 800/918/1 284/917/1 798/912/1 867/911/1
f 795/904/1 868/907/1 797/910/1 283/905/1
f 189/674/1 541/232/1 868/907/1 795/904/1
f 541/232/1 62/231/1 470/908/1 868/907/1
f 538/692/1 869/903/1 796/906/1 186/693/1
f 75/227/1 397/675/1 869/903/1 538/692/1
f 397/675/1 189/674/1 795/904/1 869/903/1
f 394/224/1 870/901/1 456/12/1 48/11/1
f 763/820/6 149/976/6 1095/976/6 1154/820/6
f 394/224/3 1062/223/3 1246/223/3 1194/224/3
f 791/898/1 871/1022/1 793/1023/1 282/899/1
f 185/697/1 537/1024/1 871/1022/1 791/898/1
f 910/758/3 739/148/3 1335/148/3 1349/758/3
f 534/713/1 872/897/1 792/900/1 182/714/1
f 74/220/1 393/698/1 872/897/1 534/713/1
f 393/698/1 185/697/1 791/898/1 872/897/1
f 390/215/1 873/893/1 368/896/1 64/216/1
f 182/714/1 792/900/1 873/893/1 390/215/1
f 792/900/1 282/899/1 790/894/1 873/893/1
f 787/886/1 874/889/1 789/892/1 281/887/1
f 181/718/1 533/213/1 874/889/1 787/886/1
f 533/213/1 50/212/1 458/890/1 874/889/1
f 530/749/1 875/885/1 788/888/1 178/750/1
f 73/208/1 389/719/1 875/885/1 530/749/1
f 389/719/1 181/718/1 787/886/1 875/885/1
f 386/203/1 876/881/1 369/884/1 65/204/1
f 178/750/1 788/888/1 876/881/1 386/203/1
f 788/888/1 281/887/1 786/882/1 876/881/1
f 783/874/1 877/877/1 785/880/1 280/875/1
f 177/754/1 529/201/1 877/877/1 783/874/1
f 529/201/1 66/200/1 474/878/1 877/877/1
f 526/778/1 878/873/1 784/876/1 174/779/1
f 72/196/1 385/755/1 878/873/1 526/778/1
f 385/755/1 177/754/1 783/874/1 878/873/1
f 382/193/1 879/871/1 452/28/1 44/27/1
f 870/901/3 394/224/3 1194/224/3 1219/901/3
f 188/1025/5 711/1026/5 1138/1026/5 1135/1025/5
f 779/864/1 880/867/1 781/870/1 279/865/1
f 173/782/1 525/191/1 880/867/1 779/864/1
f 525/191/1 67/190/1 475/868/1 880/867/1
f 522/812/1 881/863/1 780/866/1 170/813/1
f 71/186/1 381/783/1 881/863/1 522/812/1
f 381/783/1 173/782/1 779/864/1 881/863/1
f 378/181/1 882/859/1 372/862/1 68/182/1
f 170/813/1 780/866/1 882/859/1 378/181/1
f 780/866/1 279/865/1 778/860/1 882/859/1
f 521/179/5 883/857/5 1221/857/5 1100/179/5
f 762/816/6 275/821/6 1155/821/6 1153/816/6
f 521/179/1 37/79/1 341/78/1 883/857/1
f 518/846/1 884/853/1 776/856/1 166/847/1
f 70/176/1 377/818/1 884/853/1 518/846/1
f 377/818/1 169/817/1 775/854/1 884/853/1
f 374/171/1 885/849/1 373/852/1 69/172/1
f 166/847/1 776/856/1 885/849/1 374/171/1
f 776/856/1 278/855/1 774/850/1 885/849/1
f 771/842/1 886/845/1 773/848/1 277/843/1
f 168/827/1 520/177/1 886/845/1 771/842/1
f 520/177/1 70/176/1 518/846/1 886/845/1
f 1025/354/3 514/759/3 1326/759/3 1364/354/3
f 24/1027/5 511/1028/5 1308/1028/5 1263/1027/5
f 376/828/1 168/827/1 771/842/1 887/841/1
f 809/1016/6 859/939/6 1340/939/6 1339/1016/6
f 553/940/6 1051/1017/6 1365/1017/6 1329/940/6
f 772/844/1 277/843/1 770/838/1 888/837/1
f 767/830/1 889/833/1 769/836/1 276/831/1
f 109/466/1 461/303/1 889/833/1 767/830/1
f 461/303/1 53/302/1 519/834/1 889/833/1
f 333/840/5 1025/354/5 1364/354/5 1273/840/5
f 624/459/5 999/452/5 1359/452/5 1316/459/5
f 317/467/1 109/466/1 767/830/1 890/829/1
f 871/1022/6 537/1024/6 1328/1024/6 1342/1022/6
f 999/452/5 424/455/5 1287/455/5 1359/452/5
f 768/832/1 276/831/1 766/826/1 891/825/1
f 1062/223/3 710/690/3 1205/690/3 1246/223/3
f 960/1029/6 676/1030/6 1202/1030/6 1235/1029/6
f 501/137/1 12/83/1 301/82/1 892/823/1
f 519/834/1 893/819/1 764/822/1 167/835/1
f 53/302/1 357/977/1 893/819/1 519/834/1
f 357/977/1 149/976/1 763/820/1 893/819/1
f 375/175/1 894/815/1 377/818/1 70/176/1
f 167/835/1 764/822/1 894/815/1 375/175/1
f 764/822/1 275/821/1 762/816/1 894/815/1
f 759/808/1 895/811/1 761/814/1 274/809/1
f 172/793/1 524/187/1 895/811/1 759/808/1
f 524/187/1 71/186/1 522/812/1 895/811/1
f 458/890/1 896/807/1 760/810/1 106/891/1
f 50/212/1 380/794/1 896/807/1 458/890/1
f 380/794/1 172/793/1 759/808/1 896/807/1
f 314/161/1 897/803/1 332/806/1 22/162/1
f 106/891/1 760/810/1 897/803/1 314/161/1
f 760/810/1 274/809/1 758/804/1 897/803/1
f 755/796/1 898/799/1 757/802/1 273/797/1
f 97/502/1 449/291/1 898/799/1 755/796/1
f 449/291/1 41/290/1 523/800/1 898/799/1
f 498/725/1 899/795/1 756/798/1 146/726/1
f 13/134/1 305/503/1 899/795/1 498/725/1
f 305/503/1 97/502/1 755/796/1 899/795/1
f 354/211/1 900/791/1 380/794/1 50/212/1
f 146/726/1 756/798/1 900/791/1 354/211/1
f 756/798/1 273/797/1 754/792/1 900/791/1
f 751/785/1 901/788/1 753/790/1 272/786/1
f 137/965/1 489/141/1 901/788/1 751/785/1
f 489/141/1 25/140/1 515/265/1 901/788/1
f 523/800/1 902/784/1 752/787/1 171/801/1
f 41/290/1 345/966/1 902/784/1 523/800/1
f 345/966/1 137/965/1 751/785/1 902/784/1
f 379/185/1 903/780/1 381/783/1 71/186/1
f 171/801/1 752/787/1 903/780/1 379/185/1
f 752/787/1 272/786/1 750/781/1 903/780/1
f 747/776/1 904/777/1 749/594/1 271/593/1
f 176/764/1 528/197/1 904/777/1 747/776/1
f 528/197/1 72/196/1 526/778/1 904/777/1
f 446/1002/1 905/775/1 748/684/1 94/683/1
f 38/330/1 384/765/1 905/775/1 446/1002/1
f 384/765/1 176/764/1 747/776/1 905/775/1
f 302/131/1 906/773/1 492/24/1 11/23/1
f 765/824/5 1075/178/5 1248/178/5 1156/824/5
f 590/363/3 1023/362/3 1240/362/3 1199/363/3
f 743/767/1 907/770/1 745/772/1 270/768/1
f 1063/1031/6 717/1032/6 1334/1032/6 1366/1031/6
f 22/162/4 332/806/4 1271/806/4 1272/162/4
f 486/381/1 908/766/1 744/769/1 134/382/1
f 793/1023/6 871/1022/6 1342/1022/6 1337/1023/6
f 537/1024/6 1063/1031/6 1366/1031/6 1328/1024/6
f 342/329/1 909/762/1 384/765/1 38/330/1
f 134/382/1 744/769/1 909/762/1 342/329/1
f 744/769/1 270/768/1 742/763/1 909/762/1
f 739/148/1 910/758/1 741/761/1 269/756/1
f 29/151/6 331/167/6 1269/167/6 1270/151/6
f 27/1033/5 506/1034/5 1306/1034/5 1265/1033/5
f 527/222/1 911/149/1 740/757/1 175/771/1
f 321/573/5 998/456/5 1358/456/5 1261/573/5
f 28/1035/4 329/743/4 1268/743/4 1267/1035/4
f 383/195/1 912/752/1 385/755/1 72/196/1
f 175/771/1 740/757/1 912/752/1 383/195/1
f 740/757/1 269/756/1 738/753/1 912/752/1
f 735/745/1 913/748/1 737/751/1 268/746/1
f 180/730/1 532/209/1 913/748/1 735/745/1
f 532/209/1 73/208/1 530/749/1 913/748/1
f 471/1036/1 914/744/1 736/747/1 119/1037/1
f 63/1038/1 388/731/1 914/744/1 471/1036/1
f 388/731/1 180/730/1 735/745/1 914/744/1
f 327/1039/1 915/740/1 329/743/1 28/1035/1
f 119/1037/1 736/747/1 915/740/1 327/1039/1
f 736/747/1 268/746/1 734/741/1 915/740/1
f 731/733/1 916/736/1 733/739/1 267/734/1
f 108/432/1 460/313/1 916/736/1 731/733/1
f 460/313/1 52/312/1 531/737/1 916/736/1
f 511/1028/1 917/732/1 732/735/1 159/1040/1
f 24/1027/1 316/433/1 917/732/1 511/1028/1
f 316/433/1 108/432/1 731/733/1 917/732/1
f 367/1041/1 918/728/1 388/731/1 63/1038/1
f 159/1040/1 732/735/1 918/728/1 367/1041/1
f 732/735/1 267/734/1 730/729/1 918/728/1
f 727/721/1 919/724/1 729/727/1 266/722/1
f 148/985/1 500/135/1 919/724/1 727/721/1
f 500/135/1 13/134/1 498/725/1 919/724/1
f 531/737/1 920/720/1 728/723/1 179/738/1
f 52/312/1 356/986/1 920/720/1 531/737/1
f 356/986/1 148/985/1 727/721/1 920/720/1
f 387/207/1 921/716/1 389/719/1 73/208/1
f 179/738/1 728/723/1 921/716/1 387/207/1
f 728/723/1 266/722/1 726/717/1 921/716/1
f 723/1042/1 922/712/1 725/715/1 265/1043/1
f 184/1044/1 536/221/1 922/712/1 723/1042/1
f 536/221/1 74/220/1 534/713/1 922/712/1
f 451/119/1 923/710/1 724/1013/1 99/120/1
f 43/118/1 392/711/1 923/710/1 451/119/1
f 883/857/5 777/858/5 1160/858/5 1221/857/5
f 307/121/1 924/1045/1 328/1015/1 15/122/1
f 99/120/1 724/1013/1 924/1045/1 307/121/1
f 304/1046/6 960/1029/6 1235/1029/6 1187/1046/6
f 719/592/1 925/704/1 721/707/1 264/630/1
f 96/591/1 448/260/1 925/704/1 719/592/1
f 448/260/1 40/259/1 535/705/1 925/704/1
f 491/115/1 926/1047/1 720/1048/1 139/116/1
f 10/114/1 304/1046/1 926/1047/1 491/115/1
f 1075/178/5 521/179/5 1100/179/5 1248/178/5
f 347/117/1 927/1049/1 392/711/1 43/118/1
f 139/116/1 720/1048/1 927/1049/1 347/117/1
f 1023/362/3 330/165/3 1191/165/3 1240/362/3
f 715/700/1 928/1050/1 717/1032/1 263/701/1
f 136/933/1 488/1051/1 928/1050/1 715/700/1
f 743/767/3 908/766/3 1348/766/3 1336/767/3
f 535/705/1 929/699/1 716/702/1 183/706/1
f 40/259/1 344/934/1 929/699/1 535/705/1
f 344/934/1 136/933/1 715/700/1 929/699/1
f 391/219/1 930/695/1 393/698/1 74/220/1
f 183/706/1 716/702/1 930/695/1 391/219/1
f 716/702/1 263/701/1 714/696/1 930/695/1
f 711/1026/1 931/691/1 713/694/1 262/1052/1
f 188/1025/1 540/228/1 931/691/1 711/1026/1
f 540/228/1 75/227/1 538/692/1 931/691/1
f 439/127/1 932/1053/1 712/1054/1 87/128/1
f 31/126/1 396/1012/1 932/1053/1 439/127/1
f 687/1055/5 256/1056/5 1133/1056/5 1132/1055/5
f 295/129/1 933/689/1 496/8/1 2/6/1
f 87/128/1 712/1054/1 933/689/1 295/129/1
f 605/405/4 222/404/4 1178/404/4 1116/405/4
f 707/1057/1 934/685/1 709/688/1 261/1058/1
f 120/1059/1 472/217/1 934/685/1 707/1057/1
f 472/217/1 64/216/1 539/686/1 934/685/1
f 479/123/1 935/1014/1 708/709/1 127/124/1
f 15/122/1 328/1015/1 935/1014/1 479/123/1
f 686/1060/5 116/1061/5 1131/1061/5 1130/1060/5
f 335/125/1 936/708/1 396/1012/1 31/126/1
f 127/124/1 708/709/1 936/708/1 335/125/1
f 230/346/6 583/345/6 1107/345/6 1108/346/6
f 703/677/1 937/158/1 705/682/1 260/678/1
f 160/895/1 512/159/1 937/158/1 703/677/1
f 998/456/5 624/459/5 1316/459/5 1358/456/5
f 539/686/1 938/676/1 704/679/1 187/687/1
f 64/216/1 368/896/1 938/676/1 539/686/1
f 368/896/1 160/895/1 703/677/1 938/676/1
f 395/226/1 939/672/1 397/675/1 75/227/1
f 187/687/1 704/679/1 939/672/1 395/226/1
f 704/679/1 260/678/1 702/673/1 939/672/1
f 699/665/1 940/668/1 701/671/1 259/666/1
f 192/650/1 544/240/1 940/668/1 699/665/1
f 544/240/1 76/239/1 542/669/1 940/668/1
f 467/1021/1 941/664/1 700/667/1 115/1062/1
f 59/255/1 400/651/1 941/664/1 467/1021/1
f 400/651/1 192/650/1 699/665/1 941/664/1
f 323/1063/1 942/660/1 325/663/1 27/1033/1
f 115/1062/1 700/667/1 942/660/1 323/1063/1
f 700/667/1 259/666/1 698/661/1 942/660/1
f 695/653/1 943/656/1 697/659/1 258/654/1
f 98/59/1 450/58/1 943/656/1 695/653/1
f 450/58/1 42/57/1 543/657/1 943/656/1
f 507/613/1 944/652/1 696/655/1 155/614/1
f 14/61/1 306/60/1 944/652/1 507/613/1
f 306/60/1 98/59/1 695/653/1 944/652/1
f 363/254/1 945/648/1 400/651/1 59/255/1
f 155/614/1 696/655/1 945/648/1 363/254/1
f 696/655/1 258/654/1 694/649/1 945/648/1
f 691/641/1 946/644/1 693/647/1 257/642/1
f 138/55/1 490/54/1 946/644/1 691/641/1
f 490/54/1 9/53/1 499/645/1 946/644/1
f 543/657/1 947/640/1 692/643/1 191/658/1
f 42/57/1 346/56/1 947/640/1 543/657/1
f 346/56/1 138/55/1 691/641/1 947/640/1
f 399/238/1 948/636/1 401/639/1 76/239/1
f 191/658/1 692/643/1 948/636/1 399/238/1
f 692/643/1 257/642/1 690/637/1 948/636/1
f 687/1055/1 949/632/1 689/635/1 256/1056/1
f 196/618/1 548/252/1 949/632/1 687/1055/1
f 548/252/1 77/251/1 546/633/1 949/632/1
f 455/103/1 950/1064/1 688/1065/1 103/104/1
f 47/102/1 404/619/1 950/1064/1 455/103/1
f 404/619/1 196/618/1 687/1055/1 950/1064/1
f 311/105/1 951/1066/1 324/629/1 19/106/1
f 103/104/1 688/1065/1 951/1066/1 311/105/1
f 810/942/6 287/947/6 1171/947/6 1169/942/6
f 683/621/1 952/624/1 685/627/1 255/622/1
f 86/67/1 438/66/1 952/624/1 683/621/1
f 438/66/1 30/65/1 547/625/1 952/624/1
f 495/99/1 953/620/1 684/623/1 143/100/1
f 1/5/1 294/68/1 953/620/1 495/99/1
f 294/68/1 86/67/1 683/621/1 953/620/1
f 351/101/1 954/616/1 404/619/1 47/102/1
f 143/100/1 684/623/1 954/616/1 351/101/1
f 684/623/1 255/622/1 682/617/1 954/616/1
f 679/609/1 955/612/1 681/615/1 254/610/1
f 126/63/1 478/62/1 955/612/1 679/609/1
f 478/62/1 14/61/1 507/613/1 955/612/1
f 547/625/1 956/608/1 680/611/1 195/626/1
f 30/65/1 334/64/1 956/608/1 547/625/1
f 334/64/1 126/63/1 679/609/1 956/608/1
f 403/250/1 957/604/1 405/607/1 77/251/1
f 195/626/1 680/611/1 957/604/1 403/250/1
f 680/611/1 254/610/1 678/605/1 957/604/1
f 675/1067/1 958/600/1 677/603/1 253/1068/1
f 200/1069/1 552/264/1 958/600/1 675/1067/1
f 552/264/1 78/263/1 550/601/1 958/600/1
f 443/111/1 959/1070/1 676/1030/1 91/112/1
f 35/110/1 408/1071/1 959/1070/1 443/111/1
f 120/1059/5 707/1057/5 1136/1057/5 1146/1059/5
f 299/113/1 960/1029/1 304/1046/1 10/114/1
f 91/112/1 676/1030/1 960/1029/1 299/113/1
f 710/690/3 933/689/3 1229/689/3 1205/690/3
f 671/1072/1 961/595/1 673/598/1 252/1073/1
f 116/1061/1 468/248/1 961/595/1 671/1072/1
f 468/248/1 60/247/1 551/596/1 961/595/1
f 483/107/1 962/628/1 672/703/1 131/108/1
f 19/106/1 324/629/1 962/628/1 483/107/1
f 830/996/3 843/995/3 1216/995/3 1212/996/3
f 339/109/1 963/1074/1 408/1071/1 35/110/1
f 131/108/1 672/703/1 963/1074/1 339/109/1
f 604/401/4 235/400/4 1117/400/4 1114/401/4
f 667/587/1 964/1075/1 669/1018/1 251/588/1
f 156/925/1 508/1076/1 964/1075/1 667/587/1
f 908/766/3 486/381/3 1321/381/3 1348/766/3
f 551/596/1 965/586/1 668/589/1 199/597/1
f 60/247/1 364/926/1 965/586/1 551/596/1
f 364/926/1 156/925/1 667/587/1 965/586/1
f 407/262/1 966/582/1 409/585/1 78/263/1
f 199/597/1 668/589/1 966/582/1 407/262/1
f 668/589/1 251/588/1 666/583/1 966/582/1
f 663/575/1 967/578/1 665/581/1 250/576/1
f 204/560/1 556/273/1 967/578/1 663/575/1
f 556/273/1 79/272/1 554/579/1 967/578/1
f 327/1039/5 28/1035/5 1267/1035/5 1266/1039/5
f 55/286/1 412/561/1 968/574/1 463/960/1
f 412/561/1 204/560/1 663/575/1 968/574/1
f 502/485/6 26/144/6 1260/144/6 1304/485/6
f 527/222/3 907/770/3 1347/770/3 1327/222/3
f 664/577/1 250/576/1 662/571/1 969/570/1
f 659/563/1 970/566/1 661/569/1 249/564/1
f 102/43/1 454/42/1 970/566/1 659/563/1
f 454/42/1 46/41/1 555/567/1 970/566/1
f 503/521/1 971/562/1 660/565/1 151/522/1
f 18/45/1 310/44/1 971/562/1 503/521/1
f 310/44/1 102/43/1 659/563/1 971/562/1
f 359/285/1 972/558/1 412/561/1 55/286/1
f 151/522/1 660/565/1 972/558/1 359/285/1
f 660/565/1 249/564/1 658/559/1 972/558/1
f 655/553/1 973/556/1 657/557/1 248/554/1
f 142/39/1 494/38/1 973/556/1 655/553/1
f 494/38/1 3/7/1 297/98/1 973/556/1
f 555/567/1 974/552/1 656/555/1 203/568/1
f 46/41/1 350/40/1 974/552/1 555/567/1
f 350/40/1 142/39/1 655/553/1 974/552/1
f 411/271/1 975/548/1 413/551/1 79/272/1
f 203/568/1 656/555/1 975/548/1 411/271/1
f 656/555/1 248/554/1 654/549/1 975/548/1
f 651/541/1 976/544/1 653/547/1 247/542/1
f 208/526/1 560/283/1 976/544/1 651/541/1
f 560/283/1 80/282/1 558/545/1 976/544/1
f 459/920/1 977/540/1 652/543/1 107/921/1
f 51/243/1 416/527/1 977/540/1 459/920/1
f 416/527/1 208/526/1 651/541/1 977/540/1
f 315/153/1 978/536/1 320/539/1 23/154/1
f 107/921/1 652/543/1 978/536/1 315/153/1
f 652/543/1 247/542/1 650/537/1 978/536/1
f 647/529/1 979/532/1 649/535/1 246/530/1
f 90/51/1 442/50/1 979/532/1 647/529/1
f 442/50/1 34/49/1 559/533/1 979/532/1
f 499/645/1 980/528/1 648/531/1 147/646/1
f 9/53/1 298/52/1 980/528/1 499/645/1
f 298/52/1 90/51/1 647/529/1 980/528/1
f 355/242/1 981/524/1 416/527/1 51/243/1
f 147/646/1 648/531/1 981/524/1 355/242/1
f 648/531/1 246/530/1 646/525/1 981/524/1
f 643/517/1 982/520/1 645/523/1 245/518/1
f 130/47/1 482/46/1 982/520/1 643/517/1
f 482/46/1 18/45/1 503/521/1 982/520/1
f 559/533/1 983/516/1 644/519/1 207/534/1
f 34/49/1 338/48/1 983/516/1 559/533/1
f 338/48/1 130/47/1 643/517/1 983/516/1
f 415/281/1 984/512/1 417/515/1 80/282/1
f 207/534/1 644/519/1 984/512/1 415/281/1
f 644/519/1 245/518/1 642/513/1 984/512/1
f 639/505/1 985/508/1 641/511/1 244/506/1
f 212/490/1 564/295/1 985/508/1 639/505/1
f 564/295/1 81/294/1 562/509/1 985/508/1
f 447/992/1 986/504/1 640/507/1 95/993/1
f 39/320/1 420/491/1 986/504/1 447/992/1
f 420/491/1 212/490/1 639/505/1 986/504/1
f 303/133/1 987/500/1 305/503/1 13/134/1
f 95/993/1 640/507/1 987/500/1 303/133/1
f 640/507/1 244/506/1 638/501/1 987/500/1
f 635/493/1 988/496/1 637/499/1 243/494/1
f 112/538/1 464/279/1 988/496/1 635/493/1
f 464/279/1 56/278/1 563/497/1 988/496/1
f 487/415/1 989/492/1 636/495/1 135/416/1
f 23/154/1 320/539/1 989/492/1 487/415/1
f 320/539/1 112/538/1 635/493/1 989/492/1
f 343/319/1 990/488/1 420/491/1 39/320/1
f 135/416/1 636/495/1 990/488/1 343/319/1
f 636/495/1 243/494/1 634/489/1 990/488/1
f 631/481/1 991/484/1 633/487/1 242/482/1
f 152/953/1 504/145/1 991/484/1 631/481/1
f 504/145/1 26/144/1 502/485/1 991/484/1
f 563/497/1 992/480/1 632/483/1 211/498/1
f 56/278/1 360/954/1 992/480/1 563/497/1
f 360/954/1 152/953/1 631/481/1 992/480/1
f 419/293/1 993/476/1 421/479/1 81/294/1
f 211/498/1 632/483/1 993/476/1 419/293/1
f 632/483/1 242/482/1 630/477/1 993/476/1
f 627/469/1 994/472/1 629/475/1 241/470/1
f 216/454/1 568/307/1 994/472/1 627/469/1
f 568/307/1 82/306/1 566/473/1 994/472/1
f 907/770/3 743/767/3 1336/767/3 1347/770/3
f 323/1063/5 27/1033/5 1265/1033/5 1264/1063/5
f 424/455/1 216/454/1 627/469/1 995/468/1
f 322/1077/5 24/1027/5 1263/1027/5 1262/1077/5
f 124/805/4 476/183/4 1302/183/4 1303/805/4
f 628/471/1 241/470/1 626/465/1 996/464/1
f 623/457/1 997/460/1 625/463/1 240/458/1
f 113/572/1 465/269/1 997/460/1 623/457/1
f 465/269/1 57/268/1 567/461/1 997/460/1
f 1086/1078/6 809/1016/6 1339/1016/6 1369/1078/6
f 628/471/5 996/464/5 1357/464/5 1317/471/5
f 321/573/1 113/572/1 623/457/1 998/456/1
f 123/869/6 475/868/6 1300/868/6 1301/869/6
f 68/182/4 372/862/4 1284/862/4 1285/182/4
f 624/459/1 240/458/1 622/453/1 999/452/1
f 813/950/5 1087/146/5 1252/146/5 1172/950/5
f 811/946/4 856/949/4 1218/949/4 1170/946/4
f 505/147/1 17/91/1 309/90/1 1000/450/1
f 567/461/1 1001/446/1 620/449/1 215/462/1
f 57/268/1 361/944/1 1001/446/1 567/461/1
f 361/944/1 153/943/1 619/447/1 1001/446/1
f 423/305/1 1002/442/1 425/445/1 82/306/1
f 215/462/1 620/449/1 1002/442/1 423/305/1
f 620/449/1 239/448/1 618/443/1 1002/442/1
f 615/435/1 1003/438/1 617/441/1 238/436/1
f 220/420/1 572/317/1 1003/438/1 615/435/1
f 572/317/1 83/316/1 570/439/1 1003/438/1
f 466/1079/1 1004/434/1 616/437/1 114/1080/1
f 58/1081/1 428/421/1 1004/434/1 466/1079/1
f 428/421/1 220/420/1 615/435/1 1004/434/1
f 322/1077/1 1005/430/1 316/433/1 24/1027/1
f 114/1080/1 616/437/1 1005/430/1 322/1077/1
f 616/437/1 238/436/1 614/431/1 1005/430/1
f 611/423/1 1006/426/1 613/429/1 237/424/1
f 117/662/1 469/236/1 1006/426/1 611/423/1
f 469/236/1 61/235/1 571/427/1 1006/426/1
f 506/1034/1 1007/422/1 612/425/1 154/1082/1
f 27/1033/1 325/663/1 1007/422/1 506/1034/1
f 325/663/1 117/662/1 611/423/1 1007/422/1
f 362/1083/1 1008/418/1 428/421/1 58/1081/1
f 154/1082/1 612/425/1 1008/418/1 362/1083/1
f 612/425/1 237/424/1 610/419/1 1008/418/1
f 607/411/1 1009/414/1 609/417/1 236/412/1
f 157/913/1 509/155/1 1009/414/1 607/411/1
f 509/155/1 23/154/1 487/415/1 1009/414/1
f 571/427/1 1010/410/1 608/413/1 219/428/1
f 61/235/1 365/914/1 1010/410/1 571/427/1
f 365/914/1 157/913/1 607/411/1 1010/410/1
f 427/315/1 1011/406/1 429/409/1 83/316/1
f 219/428/1 608/413/1 1011/406/1 427/315/1
f 608/413/1 236/412/1 606/407/1 1011/406/1
f 603/399/1 1012/402/1 605/405/1 235/400/1
f 224/386/1 576/327/1 1012/402/1 603/399/1
f 576/327/1 84/326/1 574/403/1 1012/402/1
f 470/908/1 1013/398/1 604/401/1 118/909/1
f 62/231/1 432/387/1 1013/398/1 470/908/1
f 432/387/1 224/386/1 603/399/1 1013/398/1
f 326/157/1 1014/396/1 484/16/1 20/15/1
f 430/323/3 1035/322/3 1244/322/3 1197/323/3
f 229/342/6 582/341/6 1106/341/6 1105/342/6
f 599/389/1 1015/392/1 601/395/1 234/390/1
f 488/1051/6 1086/1078/6 1369/1078/6 1322/1051/6
f 996/464/5 317/467/5 1256/467/5 1357/464/5
f 510/680/1 1016/388/1 600/391/1 158/681/1
f 67/190/6 371/189/6 1282/189/6 1283/190/6
f 26/144/6 319/143/6 1259/143/6 1260/144/6
f 366/230/1 1017/384/1 432/387/1 62/231/1
f 158/681/1 600/391/1 1017/384/1 366/230/1
f 600/391/1 234/390/1 598/385/1 1017/384/1
f 595/377/1 1018/380/1 597/383/1 233/378/1
f 121/742/4 473/205/4 1298/205/4 1299/742/4
f 25/140/6 318/139/6 1258/139/6 1257/140/6
f 575/393/1 1019/376/1 596/379/1 223/394/1
f 65/204/4 369/884/4 1280/884/4 1281/204/4
f 1085/1084/6 805/1020/6 1338/1020/6 1368/1084/6
f 431/325/1 1020/372/1 433/375/1 84/326/1
f 223/394/1 596/379/1 1020/372/1 431/325/1
f 596/379/1 233/378/1 594/373/1 1020/372/1
f 591/365/1 1021/368/1 593/371/1 232/366/1
f 228/352/1 580/337/1 1021/368/1 591/365/1
f 580/337/1 85/336/1 578/369/1 1021/368/1
f 474/878/1 1022/364/1 592/367/1 122/879/1
f 66/200/1 436/353/1 1022/364/1 474/878/1
f 436/353/1 228/352/1 591/365/1 1022/364/1
f 330/165/1 1023/362/1 480/32/1 16/31/1
f 959/1070/6 408/1071/6 1196/1071/6 1234/1070/6
f 261/1058/5 706/1085/5 1134/1085/5 1137/1058/5
f 587/355/1 1024/358/1 589/361/1 231/356/1
f 125/839/1 477/173/1 1024/358/1 587/355/1
f 477/173/1 69/172/1 579/359/1 1024/358/1
f 514/759/1 1025/354/1 588/357/1 162/760/1
f 424/455/5 995/468/5 1356/468/5 1287/455/5
f 333/840/1 125/839/1 587/355/1 1025/354/1
f 370/199/1 1026/350/1 436/353/1 66/200/1
f 162/760/1 588/357/1 1026/350/1 370/199/1
f 588/357/1 231/356/1 586/351/1 1026/350/1
f 843/995/3 430/323/3 1197/323/3 1216/995/3
f 1087/146/5 505/147/5 1096/147/5 1252/146/5
f 517/169/1 21/75/1 313/74/1 1027/348/1
f 579/359/1 1028/344/1 584/347/1 227/360/1
f 69/172/1 373/852/1 1028/344/1 579/359/1
f 373/852/1 165/851/1 583/345/1 1028/344/1
f 435/335/1 1029/340/1 437/343/1 85/336/1
f 227/360/1 584/347/1 1029/340/1 435/335/1
f 584/347/1 230/346/1 582/341/1 1029/340/1
f 1035/322/3 602/397/3 1200/397/3 1244/322/3
f 676/1030/6 959/1070/6 1234/1070/6 1202/1030/6
f 585/349/1 105/73/1 457/72/1 1030/338/1
f 586/351/1 1031/334/1 580/337/1 228/352/1
f 231/356/1 589/361/1 1031/334/1 586/351/1
f 589/361/1 227/360/1 435/335/1 1031/334/1
f 590/363/1 1032/332/1 336/34/1 128/33/1
f 933/689/6 712/1054/6 1206/1054/6 1229/689/6
f 856/949/5 813/950/5 1172/950/5 1218/949/5
f 594/373/1 1033/328/1 577/331/1 225/374/1
f 233/378/1 597/383/1 1033/328/1 594/373/1
f 597/383/1 134/382/1 342/329/1 1033/328/1
f 598/385/1 1034/324/1 576/327/1 224/386/1
f 234/390/1 601/395/1 1034/324/1 598/385/1
f 601/395/1 223/394/1 431/325/1 1034/324/1
f 602/397/1 1035/322/1 340/18/1 132/17/1
f 280/875/4 785/880/4 1163/880/4 1164/875/4
f 226/370/4 836/1009/4 1183/1009/4 1184/370/4
f 606/407/1 1036/318/1 573/321/1 221/408/1
f 236/412/1 609/417/1 1036/318/1 606/407/1
f 609/417/1 135/416/1 343/319/1 1036/318/1
f 610/419/1 1037/314/1 572/317/1 220/420/1
f 237/424/1 613/429/1 1037/314/1 610/419/1
f 613/429/1 219/428/1 427/315/1 1037/314/1
f 614/431/1 1038/310/1 460/313/1 108/432/1
f 238/436/1 617/441/1 1038/310/1 614/431/1
f 617/441/1 218/440/1 426/311/1 1038/310/1
f 174/779/4 784/876/4 1161/876/4 1162/779/4
f 293/1008/6 835/1007/6 1181/1007/6 1182/1008/6
f 621/451/1 101/89/1 453/88/1 1039/308/1
f 622/453/1 1040/304/1 568/307/1 216/454/1
f 240/458/1 625/463/1 1040/304/1 622/453/1
f 625/463/1 215/462/1 423/305/1 1040/304/1
f 626/465/1 1041/300/1 461/303/1 109/466/1
f 241/470/1 629/475/1 1041/300/1 626/465/1
f 629/475/1 214/474/1 422/301/1 1041/300/1
f 630/477/1 1042/296/1 565/299/1 213/478/1
f 242/482/1 633/487/1 1042/296/1 630/477/1
f 633/487/1 150/486/1 358/297/1 1042/296/1
f 634/489/1 1043/292/1 564/295/1 212/490/1
f 243/494/1 637/499/1 1043/292/1 634/489/1
f 637/499/1 211/498/1 419/293/1 1043/292/1
f 638/501/1 1044/288/1 449/291/1 97/502/1
f 244/506/1 641/511/1 1044/288/1 638/501/1
f 641/511/1 210/510/1 418/289/1 1044/288/1
f 642/513/1 1045/284/1 561/287/1 209/514/1
f 245/518/1 645/523/1 1045/284/1 642/513/1
f 645/523/1 151/522/1 359/285/1 1045/284/1
f 646/525/1 1046/280/1 560/283/1 208/526/1
f 246/530/1 649/535/1 1046/280/1 646/525/1
f 649/535/1 207/534/1 415/281/1 1046/280/1
f 650/537/1 1047/276/1 464/279/1 112/538/1
f 247/542/1 653/547/1 1047/276/1 650/537/1
f 653/547/1 206/546/1 414/277/1 1047/276/1
f 654/549/1 1048/274/1 557/275/1 205/550/1
f 248/554/1 657/557/1 1048/274/1 654/549/1
f 657/557/1 89/97/1 441/96/1 1048/274/1
f 658/559/1 1049/270/1 556/273/1 204/560/1
f 249/564/1 661/569/1 1049/270/1 658/559/1
f 661/569/1 203/568/1 411/271/1 1049/270/1
f 662/571/1 1050/266/1 465/269/1 113/572/1
f 250/576/1 665/581/1 1050/266/1 662/571/1
f 665/581/1 202/580/1 410/267/1 1050/266/1
f 666/583/1 1051/1017/1 553/940/1 201/584/1
f 251/588/1 669/1018/1 1051/1017/1 666/583/1
f 471/1036/5 119/1037/5 1297/1037/5 1296/1036/5
f 670/1086/1 1052/261/1 552/264/1 200/1069/1
f 252/1073/1 673/598/1 1052/261/1 670/1086/1
f 673/598/1 199/597/1 407/262/1 1052/261/1
f 674/1087/1 1053/257/1 448/260/1 96/591/1
f 253/1068/1 677/603/1 1053/257/1 674/1087/1
f 677/603/1 198/602/1 406/258/1 1053/257/1
f 678/605/1 1054/253/1 549/256/1 197/606/1
f 254/610/1 681/615/1 1054/253/1 678/605/1
f 681/615/1 155/614/1 363/254/1 1054/253/1
f 682/617/1 1055/249/1 548/252/1 196/618/1
f 255/622/1 685/627/1 1055/249/1 682/617/1
f 685/627/1 195/626/1 403/250/1 1055/249/1
f 686/1060/1 1056/245/1 468/248/1 116/1061/1
f 256/1056/1 689/635/1 1056/245/1 686/1060/1
f 689/635/1 194/634/1 402/246/1 1056/245/1
f 690/637/1 1057/241/1 545/244/1 193/638/1
f 257/642/1 693/647/1 1057/241/1 690/637/1
f 693/647/1 147/646/1 355/242/1 1057/241/1
f 694/649/1 1058/237/1 544/240/1 192/650/1
f 258/654/1 697/659/1 1058/237/1 694/649/1
f 697/659/1 191/658/1 399/238/1 1058/237/1
f 698/661/1 1059/233/1 469/236/1 117/662/1
f 259/666/1 701/671/1 1059/233/1 698/661/1
f 701/671/1 190/670/1 398/234/1 1059/233/1
f 702/673/1 1060/229/1 541/232/1 189/674/1
f 260/678/1 705/682/1 1060/229/1 702/673/1
f 705/682/1 158/681/1 366/230/1 1060/229/1
f 706/1085/1 1061/225/1 540/228/1 188/1025/1
f 261/1058/1 709/688/1 1061/225/1 706/1085/1
f 709/688/1 187/687/1 395/226/1 1061/225/1
f 710/690/1 1062/223/1 352/10/1 144/9/1
f 746/774/3 906/773/3 1223/773/3 1209/774/3
f 932/1053/6 396/1012/6 1195/1012/6 1228/1053/6
f 714/696/1 1063/1031/1 537/1024/1 185/697/1
f 263/701/1 717/1032/1 1063/1031/1 714/696/1
f 508/1076/6 1085/1084/6 1368/1084/6 1323/1076/6
f 718/631/1 1064/218/1 536/221/1 184/1044/1
f 264/630/1 721/707/1 1064/218/1 718/631/1
f 721/707/1 183/706/1 391/219/1 1064/218/1
f 722/1088/1 1065/214/1 472/217/1 120/1059/1
f 265/1043/1 725/715/1 1065/214/1 722/1088/1
f 725/715/1 182/714/1 390/215/1 1065/214/1
f 726/717/1 1066/210/1 533/213/1 181/718/1
f 266/722/1 729/727/1 1066/210/1 726/717/1
f 729/727/1 146/726/1 354/211/1 1066/210/1
f 730/729/1 1067/206/1 532/209/1 180/730/1
f 267/734/1 733/739/1 1067/206/1 730/729/1
f 733/739/1 179/738/1 387/207/1 1067/206/1
f 734/741/1 1068/202/1 473/205/1 121/742/1
f 268/746/1 737/751/1 1068/202/1 734/741/1
f 737/751/1 178/750/1 386/203/1 1068/202/1
f 738/753/1 1069/198/1 529/201/1 177/754/1
f 269/756/1 741/761/1 1069/198/1 738/753/1
f 741/761/1 162/760/1 370/199/1 1069/198/1
f 742/763/1 1070/194/1 528/197/1 176/764/1
f 270/768/1 745/772/1 1070/194/1 742/763/1
f 745/772/1 175/771/1 383/195/1 1070/194/1
f 746/774/1 1071/192/1 348/26/1 140/25/1
f 906/773/3 302/131/3 1186/131/3 1223/773/3
f 292/999/4 833/1003/4 1179/1003/4 1180/999/4
f 750/781/1 1072/188/1 525/191/1 173/782/1
f 272/786/1 753/790/1 1072/188/1 750/781/1
f 753/790/1 163/789/1 371/189/1 1072/188/1
f 754/792/1 1073/184/1 524/187/1 172/793/1
f 273/797/1 757/802/1 1073/184/1 754/792/1
f 757/802/1 171/801/1 379/185/1 1073/184/1
f 758/804/1 1074/180/1 476/183/1 124/805/1
f 274/809/1 761/814/1 1074/180/1 758/804/1
f 761/814/1 170/813/1 378/181/1 1074/180/1
f 712/1054/6 932/1053/6 1228/1053/6 1206/1054/6
f 222/404/4 832/1000/4 1177/1000/4 1178/404/4
f 765/824/1 93/81/1 445/80/1 1075/178/1
f 766/826/1 1076/174/1 520/177/1 168/827/1
f 276/831/1 769/836/1 1076/174/1 766/826/1
f 769/836/1 167/835/1 375/175/1 1076/174/1
f 770/838/1 1077/170/1 477/173/1 125/839/1
f 277/843/1 773/848/1 1077/170/1 770/838/1
f 773/848/1 166/847/1 374/171/1 1077/170/1
f 749/594/4 174/779/4 1162/779/4 1151/594/4
f 748/684/4 271/593/4 1152/593/4 1149/684/4
f 777/858/1 133/77/1 485/76/1 1078/168/1
f 778/860/1 1079/166/1 516/150/1 164/861/1
f 279/865/1 781/870/1 1079/166/1 778/860/1
f 781/870/1 123/869/1 331/167/1 1079/166/1
f 782/872/1 1080/164/1 308/30/1 100/29/1
f 782/872/3 879/871/3 1220/871/3 1210/872/3
f 675/1067/5 253/1068/5 1129/1068/5 1128/1067/5
f 786/882/1 1081/160/1 513/163/1 161/883/1
f 281/887/1 789/892/1 1081/160/1 786/882/1
f 789/892/1 106/891/1 314/161/1 1081/160/1
f 790/894/1 1082/1089/1 512/159/1 160/895/1
f 282/899/1 793/1023/1 1082/1089/1 790/894/1
f 995/468/5 628/471/5 1317/471/5 1356/468/5
f 794/902/1 1083/156/1 312/14/1 104/13/1
f 382/193/3 1071/192/3 1247/192/3 1192/193/3
f 593/371/4 226/370/4 1184/370/4 1112/371/4
f 798/912/1 1084/152/1 509/155/1 157/913/1
f 284/917/1 801/922/1 1084/152/1 798/912/1
f 801/922/1 107/921/1 315/153/1 1084/152/1
f 802/924/1 1085/1084/1 508/1076/1 156/925/1
f 285/929/1 805/1020/1 1085/1084/1 802/924/1
f 367/1041/5 63/1038/5 1279/1038/5 1278/1041/5
f 806/932/1 1086/1078/1 488/1051/1 136/933/1
f 286/937/1 809/1016/1 1086/1078/1 806/932/1
f 664/577/5 969/570/5 1355/570/5 1318/577/5
f 879/871/3 382/193/3 1192/193/3 1220/871/3
f 674/1087/5 96/591/5 1127/591/5 1126/1087/5
f 813/950/1 129/93/1 481/92/1 1087/146/1
f 814/952/1 1088/142/1 504/145/1 152/953/1
f 288/957/1 817/962/1 1088/142/1 814/952/1
f 817/962/1 111/961/1 319/143/1 1088/142/1
f 818/964/1 1089/138/1 489/141/1 137/965/1
f 289/969/1 821/973/1 1089/138/1 818/964/1
f 821/973/1 110/972/1 318/139/1 1089/138/1
f 501/137/5 892/823/5 1222/823/5 1094/137/5
f 1071/192/3 746/774/3 1209/774/3 1247/192/3
f 825/599/1 141/85/1 493/84/1 1090/136/1
f 826/984/1 1091/132/1 500/135/1 148/985/1
f 291/989/1 829/994/1 1091/132/1 826/984/1
f 829/994/1 95/993/1 303/133/1 1091/132/1
f 830/996/1 1092/130/1 300/22/1 92/21/1
f 834/1005/3 840/1004/3 1215/1004/3 1213/1005/3
f 592/367/4 232/366/4 1113/366/4 1110/367/4
f 834/1005/1 1093/1/1 296/4/1 88/37/1
f 434/333/3 1032/332/3 1243/332/3 1198/333/3
f 837/1011/1 145/69/1 497/2/1 1093/1/1
f 1237/1074/1 1122/1086/1 1123/1069/1 1196/1071/1
f 1236/628/1 1124/1072/1 1125/1073/1 1201/703/1
f 1235/1029/1 1126/1087/1 1127/591/1 1187/1046/1
f 1234/1070/1 1128/1067/1 1129/1068/1 1202/1030/1
f 1233/1066/1 1130/1060/1 1131/1061/1 1188/629/1
f 1232/1064/1 1132/1055/1 1133/1056/1 1203/1065/1
f 1231/708/1 1134/1085/1 1135/1025/1 1195/1012/1
f 1230/1014/1 1136/1057/1 1137/1058/1 1204/709/1
f 1228/1053/1 1138/1026/1 1139/1052/1 1206/1054/1
f 1227/1049/1 1141/631/1 1142/1044/1 1193/711/1
f 1226/1047/1 1143/592/1 1144/630/1 1207/1048/1
f 1225/1045/1 1145/1088/1 1146/1059/1 1190/1015/1
f 1224/710/1 1147/1042/1 1148/1043/1 1208/1013/1
f 1181/1007/1 1214/1010/1 1185/1011/1 1182/1008/1
f 1105/342/1 1104/339/1 1214/1010/1 1181/1007/1
f 1398/1011/2 1399/1008/2 1462/1008/2 1493/1011/2
f 1168/905/2 1167/910/2 1452/910/2 1453/905/2
f 1189/157/3 1251/156/3 1429/156/3 1401/157/3
f 1213/1005/3 1215/1004/3 1416/1004/3 1415/1005/3
f 1369/1078/2 1339/1016/2 1761/1016/2 1815/1078/2
f 1708/980/2 1706/975/2 1827/975/2 1829/980/2
f 1337/1023/2 1342/1022/2 1804/1022/2 1768/1023/2
f 1251/156/3 1211/902/3 1413/902/3 1429/156/3
f 1215/1004/3 1198/333/3 1406/333/3 1416/1004/3
f 1396/1009/2 1397/370/2 1492/370/2 1491/1009/2
f 1375/909/2 1390/910/2 1488/910/2 1472/909/2
f 1095/976/2 1173/975/2 1783/975/2 1784/976/2
f 1265/1033/5 1306/1034/5 1736/1034/5 1723/1033/5
f 1341/1019/4 1294/1021/4 1732/1021/4 1751/1019/4
f 1746/1032/2 1756/1031/2 1798/1031/2 1792/1032/2
f 1191/165/3 1250/164/3 1428/164/3 1402/165/3
f 1209/774/3 1223/773/3 1420/773/3 1411/774/3
f 1193/711/1 1142/1044/1 1147/1042/1 1224/710/1
f 1208/1013/1 1148/1043/1 1145/1088/1 1225/1045/1
f 1187/1046/1 1127/591/1 1143/592/1 1226/1047/1
f 1207/1048/1 1144/630/1 1141/631/1 1227/1049/1
f 1195/1012/1 1135/1025/1 1138/1026/1 1228/1053/1
f 1250/164/3 1210/872/3 1412/872/3 1428/164/3
f 1190/1015/1 1146/1059/1 1136/1057/1 1230/1014/1
f 1204/709/1 1137/1058/1 1134/1085/1 1231/708/1
f 1203/1065/1 1133/1056/1 1130/1060/1 1233/1066/1
f 1196/1071/1 1123/1069/1 1128/1067/1 1234/1070/1
f 1202/1030/1 1129/1068/1 1126/1087/1 1235/1029/1
f 1188/629/1 1131/1061/1 1124/1072/1 1236/628/1
f 1201/703/1 1125/1073/1 1122/1086/1 1237/1074/1
f 1322/1051/2 1369/1078/2 1815/1078/2 1806/1051/2
f 1704/947/2 1702/942/2 1823/942/2 1826/947/2
f 1223/773/3 1186/131/3 1400/131/3 1420/773/3
f 1394/1003/2 1395/999/2 1481/999/2 1476/1003/2
f 1166/693/2 1165/906/2 1450/906/2 1451/693/2
f 1391/905/2 1388/906/2 1487/906/2 1489/905/2
f 1107/345/1 1241/348/1 1109/349/1 1108/346/1
f 1099/851/1 1098/169/1 1241/348/1 1107/345/1
f 1106/341/1 1242/338/1 1104/339/1 1105/342/1
f 1108/346/1 1109/349/1 1242/338/1 1106/341/1
f 1183/1009/2 1182/1008/2 1461/1008/2 1458/1009/2
f 1199/363/3 1240/362/3 1423/362/3 1407/363/3
f 1164/875/2 1163/880/2 1448/880/2 1449/875/2
f 1392/1000/2 1393/404/2 1490/404/2 1480/1000/2
f 1756/1031/2 1743/1024/2 1795/1024/2 1798/1031/2
f 1266/1039/5 1267/1035/5 1725/1035/5 1724/1039/5
f 1240/362/3 1191/165/3 1402/165/3 1423/362/3
f 1117/400/2 1116/405/2 1438/405/2 1439/400/2
f 1185/1011/2 1398/1011/2 1493/1011/2 1460/1011/2
f 1162/779/2 1161/876/2 1446/876/2 1447/779/2
f 1341/1019/2 1751/1019/2 1831/1019/2 1802/1019/2
f 1687/817/2 1699/854/2 1794/854/2 1820/817/2
f 1264/1063/5 1265/1033/5 1723/1033/5 1722/1063/5
f 1338/1020/2 1341/1019/2 1802/1019/2 1803/1020/2
f 1390/910/2 1391/905/2 1489/905/2 1488/910/2
f 1371/879/2 1386/880/2 1464/880/2 1482/879/2
f 1200/397/3 1239/396/3 1422/396/3 1408/397/3
f 1140/694/2 1166/693/2 1451/693/2 1440/694/2
f 1171/947/2 1170/946/2 1781/946/2 1782/947/2
f 1262/1077/5 1263/1027/5 1721/1027/5 1720/1077/5
f 1368/1084/2 1338/1020/2 1803/1020/2 1813/1084/2
f 1700/855/2 1698/850/2 1801/850/2 1793/855/2
f 1410/1054/2 1206/1054/2 1469/1054/2 1474/1054/2
f 1239/396/3 1189/157/3 1401/157/3 1422/396/3
f 1192/193/3 1247/192/3 1427/192/3 1403/193/3
f 822/975/6 290/980/6 1175/980/6 1173/975/6
f 1039/308/5 569/309/5 1102/309/5 1245/308/5
f 328/1015/6 924/1045/6 1225/1045/6 1190/1015/6
f 847/982/5 825/599/5 1176/599/5 1217/982/5
f 823/979/6 217/444/6 1103/444/6 1174/979/6
f 621/451/5 1039/308/5 1245/308/5 1121/451/5
f 924/1045/6 724/1013/6 1208/1013/6 1225/1045/6
f 688/1065/6 950/1064/6 1232/1064/6 1203/1065/6
f 569/309/5 847/982/5 1217/982/5 1102/309/5
f 618/443/6 239/448/6 1120/448/6 1118/443/6
f 1078/168/5 517/169/5 1098/169/5 1249/168/5
f 408/1071/6 963/1074/6 1237/1074/6 1196/1071/6
f 252/1073/5 670/1086/5 1122/1086/5 1125/1073/5
f 619/447/6 153/943/6 1097/943/6 1119/447/6
f 265/1043/5 722/1088/5 1145/1088/5 1148/1043/5
f 777/858/5 1078/168/5 1249/168/5 1160/858/5
f 963/1074/6 672/703/6 1201/703/6 1237/1074/6
f 116/1061/5 671/1072/5 1124/1072/5 1131/1061/5
f 774/850/6 278/855/6 1159/855/6 1157/850/6
f 1027/348/5 585/349/5 1109/349/5 1241/348/5
f 184/1044/5 723/1042/5 1147/1042/5 1142/1044/5
f 950/1064/4 687/1055/4 1132/1055/4 1232/1064/4
f 775/854/6 169/817/6 1101/817/6 1158/854/6
f 517/169/5 1027/348/5 1241/348/5 1098/169/5
f 1014/396/3 326/157/3 1189/157/3 1239/396/3
f 324/629/6 951/1066/6 1233/1066/6 1188/629/6
f 602/397/3 1014/396/3 1239/396/3 1200/397/3
f 253/1068/5 674/1087/5 1126/1087/5 1129/1068/5
f 951/1066/6 688/1065/6 1203/1065/6 1233/1066/6
f 200/1069/5 675/1067/5 1128/1067/5 1123/1069/5
f 720/1048/6 926/1047/6 1226/1047/6 1207/1048/6
f 706/1085/5 188/1025/5 1135/1025/5 1134/1085/5
f 1092/130/3 830/996/3 1212/996/3 1254/130/3
f 118/909/4 604/401/4 1114/401/4 1115/909/4
f 926/1047/6 304/1046/6 1187/1046/6 1226/1047/6
f 707/1057/5 261/1058/5 1137/1058/5 1136/1057/5
f 153/943/6 810/942/6 1169/942/6 1097/943/6
f 302/131/3 1092/130/3 1254/130/3 1186/131/3
f 235/400/4 605/405/4 1116/405/4 1117/400/4
f 832/1000/4 292/999/4 1180/999/4 1177/1000/4
f 287/947/6 811/946/6 1170/946/6 1171/947/6
f 833/1003/4 94/683/4 1150/683/4 1179/1003/4
f 837/1011/5 1093/1/5 1255/1/5 1185/1011/5
f 1080/164/3 782/872/3 1210/872/3 1250/164/3
f 392/711/6 927/1049/6 1227/1049/6 1193/711/6
f 1093/1/3 834/1005/3 1213/1005/3 1255/1/3
f 169/817/6 762/816/6 1153/816/6 1101/817/6
f 330/165/3 1080/164/3 1250/164/3 1191/165/3
f 835/1007/6 229/342/6 1105/342/6 1181/1007/6
f 927/1049/6 720/1048/6 1207/1048/6 1227/1049/6
f 711/1026/5 262/1052/5 1139/1052/5 1138/1026/5
f 784/876/4 280/875/4 1164/875/4 1161/876/4
f 275/821/6 763/820/6 1154/820/6 1155/821/6
f 836/1009/4 293/1008/4 1182/1008/4 1183/1009/4
f 785/880/4 122/879/4 1111/879/4 1163/880/4
f 262/1052/4 713/694/4 1140/694/4 1139/1052/4
f 1030/338/5 581/339/5 1104/339/5 1242/338/5
f 838/1010/5 837/1011/5 1185/1011/5 1214/1010/5
f 585/349/5 1030/338/5 1242/338/5 1109/349/5
f 582/341/6 230/346/6 1108/346/6 1106/341/6
f 581/339/5 838/1010/5 1214/1010/5 1104/339/5
f 583/345/6 165/851/6 1099/851/6 1107/345/6
f 256/1056/5 686/1060/5 1130/1060/5 1133/1056/5
f 718/631/5 184/1044/5 1142/1044/5 1141/631/5
f 719/592/5 264/630/5 1144/630/5 1143/592/5
f 149/976/6 822/975/6 1173/975/6 1095/976/6
f 290/980/6 823/979/6 1174/979/6 1175/980/6
f 217/444/6 618/443/6 1118/443/6 1103/444/6
f 670/1086/5 200/1069/5 1123/1069/5 1122/1086/5
f 1083/156/3 794/902/3 1211/902/3 1251/156/3
f 239/448/6 619/447/6 1119/447/6 1120/448/6
f 722/1088/5 120/1059/5 1146/1059/5 1145/1088/5
f 671/1072/5 252/1073/5 1125/1073/5 1124/1072/5
f 165/851/6 774/850/6 1157/850/6 1099/851/6
f 326/157/3 1083/156/3 1251/156/3 1189/157/3
f 723/1042/5 265/1043/5 1148/1043/5 1147/1042/5
f 796/906/4 283/905/4 1168/905/4 1165/906/4
f 1032/332/3 590/363/3 1199/363/3 1243/332/3
f 278/855/6 775/854/6 1158/854/6 1159/855/6
f 840/1004/3 434/333/3 1198/333/3 1215/1004/3
f 892/823/5 765/824/5 1156/824/5 1222/823/5
f 797/910/4 118/909/4 1115/909/4 1167/910/4
f 1308/1028/5 1309/1040/5 1739/1040/5 1738/1028/5
f 1160/858/5 1249/168/5 1717/168/5 1701/858/5
f 1097/943/2 1169/942/2 1779/942/2 1780/943/2
f 1094/137/5 1222/823/5 1713/823/5 1680/137/5
f 1306/1034/5 1307/1082/5 1737/1082/5 1736/1034/5
f 1249/168/5 1098/169/5 1684/169/5 1717/168/5
f 1279/1038/5 1296/1036/5 1734/1036/5 1729/1038/5
f 1222/823/5 1156/824/5 1697/824/5 1713/823/5
f 1745/1018/2 1755/1017/2 1811/1017/2 1812/1018/2
f 1277/1081/5 1292/1079/5 1730/1079/5 1727/1081/5
f 1170/946/2 1703/946/2 1825/946/2 1781/946/2
f 1156/824/5 1248/178/5 1716/178/5 1697/824/5
f 1300/868/1 1343/841/1 1320/844/1 1301/869/1
f 1283/190/1 1286/828/1 1343/841/1 1300/868/1
f 1269/167/1 1344/837/1 1273/840/1 1270/151/1
f 1301/869/1 1320/844/1 1344/837/1 1269/167/1
f 1312/265/1 1345/829/1 1319/832/1 1313/789/1
f 1257/140/1 1256/467/1 1345/829/1 1312/265/1
f 1282/189/1 1346/825/1 1286/828/1 1283/190/1
f 1313/789/1 1319/832/1 1346/825/1 1282/189/1
f 1303/805/1 1302/183/1 1347/770/1 1336/767/1
f 1302/183/1 1285/182/1 1327/222/1 1347/770/1
f 1272/162/1 1271/806/1 1348/766/1 1321/381/1
f 1271/806/1 1303/805/1 1336/767/1 1348/766/1
f 1315/861/1 1314/150/1 1349/758/1 1335/148/1
f 1314/150/1 1270/151/1 1326/759/1 1349/758/1
f 1285/182/1 1284/862/1 1350/149/1 1327/222/1
f 1284/862/1 1315/861/1 1335/148/1 1350/149/1
f 1323/1076/2 1368/1084/2 1813/1084/2 1809/1076/2
f 1325/159/1 1267/1035/1 1324/680/1 1352/158/1
f 1100/179/5 1221/857/5 1712/857/5 1686/179/5
f 1290/960/1 1354/574/1 1318/577/1 1291/961/1
f 1259/143/1 1355/570/1 1261/573/1 1260/144/1
f 1291/961/1 1318/577/1 1355/570/1 1259/143/1
f 1288/590/1 1356/468/1 1317/471/1 1289/972/1
f 1275/298/1 1287/455/1 1356/468/1 1288/590/1
f 1258/139/1 1357/464/1 1256/467/1 1257/140/1
f 1289/972/1 1317/471/1 1357/464/1 1258/139/1
f 1304/485/1 1358/456/1 1316/459/1 1305/486/1
f 1260/144/1 1261/573/1 1358/456/1 1304/485/1
f 1274/297/1 1359/452/1 1287/455/1 1275/298/1
f 1305/486/1 1316/459/1 1359/452/1 1274/297/1
f 1299/742/1 1298/205/1 1360/392/1 1332/389/1
f 1298/205/1 1281/204/1 1330/393/1 1360/392/1
f 1267/1035/1 1268/743/1 1361/388/1 1324/680/1
f 1268/743/1 1299/742/1 1332/389/1 1361/388/1
f 1311/883/1 1310/163/1 1362/380/1 1331/377/1
f 1310/163/1 1272/162/1 1321/381/1 1362/380/1
f 1281/204/1 1280/884/1 1363/376/1 1330/393/1
f 1280/884/1 1311/883/1 1331/377/1 1363/376/1
f 1270/151/1 1273/840/1 1364/354/1 1326/759/1
f 1681/976/2 1695/820/2 1821/820/2 1828/976/2
f 1248/178/5 1100/179/5 1686/179/5 1716/178/5
f 1221/857/5 1160/858/5 1701/858/5 1712/857/5
f 1340/939/2 1329/940/2 1800/940/2 1762/939/2
f 1755/1017/2 1744/940/2 1830/940/2 1811/1017/2
f 154/1082/5 362/1083/5 1276/1083/5 1307/1082/5
f 510/680/3 937/158/3 1352/158/3 1324/680/3
f 58/1081/5 466/1079/5 1292/1079/5 1277/1081/5
f 669/1018/6 964/1075/6 1353/1075/6 1333/1018/6
f 887/841/5 772/844/5 1320/844/5 1343/841/5
f 964/1075/6 508/1076/6 1323/1076/6 1353/1075/6
f 376/828/5 887/841/5 1343/841/5 1286/828/5
f 159/1040/5 367/1041/5 1278/1041/5 1309/1040/5
f 63/1038/5 471/1036/5 1296/1036/5 1279/1038/5
f 1015/392/3 599/389/3 1332/389/3 1360/392/3
f 805/1020/6 862/1019/6 1341/1019/6 1338/1020/6
f 369/884/4 161/883/4 1311/883/4 1280/884/4
f 150/486/6 502/485/6 1304/485/6 1305/486/6
f 575/393/3 1015/392/3 1360/392/3 1330/393/3
f 318/139/6 110/972/6 1289/972/6 1258/139/6
f 888/837/5 333/840/5 1273/840/5 1344/837/5
f 473/205/4 65/204/4 1281/204/4 1298/205/4
f 319/143/6 111/961/6 1291/961/6 1259/143/6
f 772/844/5 888/837/5 1344/837/5 1320/844/5
f 371/189/6 163/789/6 1313/789/6 1282/189/6
f 862/1019/4 467/1021/4 1294/1021/4 1341/1019/4
f 372/862/4 164/861/4 1315/861/4 1284/862/4
f 475/868/6 67/190/6 1283/190/6 1300/868/6
f 1016/388/3 510/680/3 1324/680/3 1361/388/3
f 476/183/4 68/182/4 1285/182/4 1302/183/4
f 506/1034/5 154/1082/5 1307/1082/5 1306/1034/5
f 599/389/3 1016/388/3 1361/388/3 1332/389/3
f 114/1080/5 322/1077/5 1262/1077/5 1293/1080/5
f 115/1062/5 323/1063/5 1264/1063/5 1295/1062/5
f 717/1032/6 928/1050/6 1351/1050/6 1334/1032/6
f 928/1050/6 488/1051/6 1322/1051/6 1351/1050/6
f 512/159/6 1082/1089/6 1367/1089/6 1325/159/6
f 890/829/5 768/832/5 1319/832/5 1345/829/5
f 511/1028/5 159/1040/5 1309/1040/5 1308/1028/5
f 1082/1089/6 793/1023/6 1337/1023/6 1367/1089/6
f 119/1037/5 327/1039/5 1266/1039/5 1297/1037/5
f 317/467/5 890/829/5 1345/829/5 1256/467/5
f 54/298/6 358/297/6 1274/297/6 1275/298/6
f 161/883/4 513/163/4 1310/163/4 1311/883/4
f 1018/380/3 595/377/3 1331/377/3 1362/380/3
f 329/743/4 121/742/4 1299/742/4 1268/743/4
f 110/972/6 462/590/6 1288/590/6 1289/972/6
f 486/381/3 1018/380/3 1362/380/3 1321/381/3
f 968/574/5 664/577/5 1318/577/5 1354/574/5
f 111/961/6 463/960/6 1290/960/6 1291/961/6
f 891/825/5 376/828/5 1286/828/5 1346/825/5
f 163/789/6 515/265/6 1312/265/6 1313/789/6
f 331/167/6 123/869/6 1301/869/6 1269/167/6
f 768/832/5 891/825/5 1346/825/5 1319/832/5
f 164/861/4 516/150/4 1314/150/4 1315/861/4
f 362/1083/5 58/1081/5 1277/1081/5 1276/1083/5
f 463/960/4 968/574/4 1354/574/4 1290/960/4
f 332/806/4 124/805/4 1303/805/4 1271/806/4
f 1019/376/3 575/393/3 1330/393/3 1363/376/3
f 466/1079/5 114/1080/5 1293/1080/5 1292/1079/5
f 595/377/3 1019/376/3 1363/376/3 1331/377/3
f 969/570/5 321/573/5 1261/573/5 1355/570/5
f 467/1021/5 115/1062/5 1295/1062/5 1294/1021/5
f 1397/370/1 1396/1009/1 1416/1004/1 1406/333/1
f 1396/1009/1 1399/1008/1 1415/1005/1 1416/1004/1
f 1393/404/1 1392/1000/1 1417/995/1 1405/323/1
f 1392/1000/1 1395/999/1 1414/996/1 1417/995/1
f 1389/693/1 1388/906/1 1418/901/1 1404/224/1
f 1388/906/1 1391/905/1 1413/902/1 1418/901/1
f 1385/779/1 1384/876/1 1419/871/1 1403/193/1
f 1384/876/1 1387/875/1 1412/872/1 1419/871/1
f 1381/683/1 1380/684/1 1420/773/1 1400/131/1
f 1380/684/1 1383/593/1 1411/774/1 1420/773/1
f 1410/1054/1 1379/1052/1 1409/690/1 1421/689/1
f 1375/909/1 1374/401/1 1422/396/1 1401/157/1
f 1374/401/1 1377/400/1 1408/397/1 1422/396/1
f 1371/879/1 1370/367/1 1423/362/1 1402/165/1
f 1370/367/1 1373/366/1 1407/363/1 1423/362/1
f 1373/366/1 1372/371/1 1424/332/1 1407/363/1
f 1372/371/1 1397/370/1 1406/333/1 1424/332/1
f 1377/400/1 1376/405/1 1425/322/1 1408/397/1
f 1376/405/1 1393/404/1 1405/323/1 1425/322/1
f 1379/1052/1 1378/694/1 1426/223/1 1409/690/1
f 1378/694/1 1389/693/1 1404/224/1 1426/223/1
f 1383/593/1 1382/594/1 1427/192/1 1411/774/1
f 1382/594/1 1385/779/1 1403/193/1 1427/192/1
f 1387/875/1 1386/880/1 1428/164/1 1412/872/1
f 1386/880/1 1371/879/1 1402/165/1 1428/164/1
f 1391/905/1 1390/910/1 1429/156/1 1413/902/1
f 1390/910/1 1375/909/1 1401/157/1 1429/156/1
f 1395/999/1 1394/1003/1 1430/130/1 1414/996/1
f 1394/1003/1 1381/683/1 1400/131/1 1430/130/1
f 1399/1008/1 1398/1011/1 1431/1/1 1415/1005/1
f 1115/909/2 1114/401/2 1436/401/2 1437/909/2
f 1388/906/2 1389/693/2 1471/693/2 1487/906/2
f 1243/332/3 1199/363/3 1407/363/3 1424/332/3
f 1216/995/3 1197/323/3 1405/323/3 1417/995/3
f 1198/333/3 1243/332/3 1424/332/3 1406/333/3
f 1387/875/2 1384/876/2 1468/876/2 1463/875/2
f 1212/996/3 1216/995/3 1417/995/3 1414/996/3
f 1206/1054/2 1139/1052/2 1441/1052/2 1469/1054/2
f 1244/322/3 1200/397/3 1408/397/3 1425/322/3
f 1197/323/3 1244/322/3 1425/322/3 1405/323/3
f 1179/1003/2 1150/683/2 1443/683/2 1456/1003/2
f 1113/366/2 1112/371/2 1434/371/2 1435/366/2
f 1386/880/2 1387/875/2 1463/875/2 1464/880/2
f 1177/1000/2 1180/999/2 1457/999/2 1454/1000/2
f 1254/130/3 1212/996/3 1414/996/3 1430/130/3
f 1111/879/2 1110/367/2 1432/367/2 1433/879/2
f 1186/131/3 1254/130/3 1430/130/3 1400/131/3
f 1219/901/3 1194/224/3 1404/224/3 1418/901/3
f 1185/1011/5 1255/1/5 1431/1/5 1398/1011/5
f 1384/876/2 1385/779/2 1467/779/2 1468/876/2
f 1246/223/3 1205/690/3 1409/690/3 1426/223/3
f 1385/779/2 1382/594/2 1485/594/2 1467/779/2
f 1211/902/3 1219/901/3 1418/901/3 1413/902/3
f 1255/1/3 1213/1005/3 1415/1005/3 1431/1/3
f 1382/594/2 1383/593/2 1486/593/2 1485/594/2
f 1194/224/3 1246/223/3 1426/223/3 1404/224/3
f 1383/593/2 1380/684/2 1484/684/2 1486/593/2
f 1229/689/6 1206/1054/6 1410/1054/6 1421/689/6
f 1220/871/3 1192/193/3 1403/193/3 1419/871/3
f 1247/192/3 1209/774/3 1411/774/3 1427/192/3
f 1205/690/3 1229/689/3 1421/689/3 1409/690/3
f 1210/872/3 1220/871/3 1419/871/3 1412/872/3
f 1440/694/2 1451/693/2 1513/693/2 1502/694/2
f 1473/401/2 1472/909/2 1534/909/2 1535/401/2
f 1477/683/2 1476/1003/2 1538/1003/2 1539/683/2
f 1433/879/2 1432/367/2 1494/367/2 1495/879/2
f 1469/1054/2 1441/1052/2 1503/1052/2 1531/1054/2
f 1479/371/2 1478/366/2 1540/366/2 1541/371/2
f 1481/999/2 1480/1000/2 1542/1000/2 1543/999/2
f 1438/405/2 1455/404/2 1517/404/2 1500/405/2
f 1483/367/2 1482/879/2 1544/879/2 1545/367/2
f 1472/909/2 1488/910/2 1550/910/2 1534/909/2
f 1436/401/2 1439/400/2 1501/400/2 1498/401/2
f 1489/905/2 1487/906/2 1549/906/2 1551/905/2
f 1434/371/2 1459/370/2 1521/370/2 1496/371/2
f 1482/879/2 1464/880/2 1526/880/2 1544/879/2
f 1432/367/2 1435/366/2 1497/366/2 1494/367/2
f 1463/875/2 1468/876/2 1530/876/2 1525/875/2
f 1467/779/2 1485/594/2 1547/594/2 1529/779/2
f 1486/593/2 1484/684/2 1546/684/2 1548/593/2
f 1471/693/2 1470/694/2 1532/694/2 1533/693/2
f 1475/1052/2 1474/1054/2 1536/1054/2 1537/1052/2
f 1490/404/2 1466/405/2 1528/405/2 1552/404/2
f 1465/400/2 1473/401/2 1535/401/2 1527/400/2
f 1458/1009/2 1461/1008/2 1523/1008/2 1520/1009/2
f 1492/370/2 1479/371/2 1541/371/2 1554/370/2
f 1461/1008/2 1460/1011/2 1522/1011/2 1523/1008/2
f 1474/1054/2 1469/1054/2 1531/1054/2 1536/1054/2
f 1478/366/2 1483/367/2 1545/367/2 1540/366/2
f 1459/370/2 1458/1009/2 1520/1009/2 1521/370/2
f 1456/1003/2 1443/683/2 1505/683/2 1518/1003/2
f 1493/1011/2 1462/1008/2 1524/1008/2 1555/1011/2
f 1395/999/2 1392/1000/2 1480/1000/2 1481/999/2
f 1110/367/2 1113/366/2 1435/366/2 1432/367/2
f 1381/683/2 1394/1003/2 1476/1003/2 1477/683/2
f 1112/371/2 1184/370/2 1459/370/2 1434/371/2
f 1149/684/2 1152/593/2 1445/593/2 1442/684/2
f 1399/1008/2 1396/1009/2 1491/1009/2 1462/1008/2
f 1114/401/2 1117/400/2 1439/400/2 1436/401/2
f 1151/594/2 1162/779/2 1447/779/2 1444/594/2
f 1116/405/2 1178/404/2 1455/404/2 1438/405/2
f 1178/404/2 1177/1000/2 1454/1000/2 1455/404/2
f 1180/999/2 1179/1003/2 1456/1003/2 1457/999/2
f 1373/366/2 1370/367/2 1483/367/2 1478/366/2
f 1184/370/2 1183/1009/2 1458/1009/2 1459/370/2
f 1139/1052/2 1140/694/2 1440/694/2 1441/1052/2
f 1397/370/2 1372/371/2 1479/371/2 1492/370/2
f 1182/1008/2 1185/1011/2 1460/1011/2 1461/1008/2
f 1161/876/2 1164/875/2 1449/875/2 1446/876/2
f 1163/880/2 1111/879/2 1433/879/2 1448/880/2
f 1377/400/2 1374/401/2 1473/401/2 1465/400/2
f 1370/367/2 1371/879/2 1482/879/2 1483/367/2
f 1393/404/2 1376/405/2 1466/405/2 1490/404/2
f 1372/371/2 1373/366/2 1478/366/2 1479/371/2
f 1165/906/2 1168/905/2 1453/905/2 1450/906/2
f 1374/401/2 1375/909/2 1472/909/2 1473/401/2
f 1150/683/2 1149/684/2 1442/684/2 1443/683/2
f 1167/910/2 1115/909/2 1437/909/2 1452/910/2
f 1379/1052/2 1410/1054/2 1474/1054/2 1475/1052/2
f 1376/405/2 1377/400/2 1465/400/2 1466/405/2
f 1152/593/2 1151/594/2 1444/594/2 1445/593/2
f 1389/693/2 1378/694/2 1470/694/2 1471/693/2
f 1378/694/2 1379/1052/2 1475/1052/2 1470/694/2
f 1380/684/2 1381/683/2 1477/683/2 1484/684/2
f 1505/683/2 1504/684/2 1566/684/2 1567/683/2
f 1547/594/2 1548/593/2 1610/593/2 1609/594/2
f 1503/1052/2 1502/694/2 1564/694/2 1565/1052/2
f 1506/594/2 1509/779/2 1571/779/2 1568/594/2
f 1546/684/2 1539/683/2 1601/683/2 1608/684/2
f 1501/400/2 1500/405/2 1562/405/2 1563/400/2
f 1504/684/2 1507/593/2 1569/593/2 1566/684/2
f 1532/694/2 1537/1052/2 1599/1052/2 1594/694/2
f 1499/909/2 1498/401/2 1560/401/2 1561/909/2
f 1528/405/2 1527/400/2 1589/400/2 1590/405/2
f 1524/1008/2 1553/1009/2 1615/1009/2 1586/1008/2
f 1497/366/2 1496/371/2 1558/371/2 1559/366/2
f 1502/694/2 1513/693/2 1575/693/2 1564/694/2
f 1535/401/2 1534/909/2 1596/909/2 1597/401/2
f 1539/683/2 1538/1003/2 1600/1003/2 1601/683/2
f 1495/879/2 1494/367/2 1556/367/2 1557/879/2
f 1531/1054/2 1503/1052/2 1565/1052/2 1593/1054/2
f 1541/371/2 1540/366/2 1602/366/2 1603/371/2
f 1543/999/2 1542/1000/2 1604/1000/2 1605/999/2
f 1500/405/2 1517/404/2 1579/404/2 1562/405/2
f 1545/367/2 1544/879/2 1606/879/2 1607/367/2
f 1534/909/2 1550/910/2 1612/910/2 1596/909/2
f 1498/401/2 1501/400/2 1563/400/2 1560/401/2
f 1551/905/2 1549/906/2 1611/906/2 1613/905/2
f 1496/371/2 1521/370/2 1583/370/2 1558/371/2
f 1544/879/2 1526/880/2 1588/880/2 1606/879/2
f 1494/367/2 1497/366/2 1559/366/2 1556/367/2
f 1525/875/2 1530/876/2 1592/876/2 1587/875/2
f 1529/779/2 1547/594/2 1609/594/2 1591/779/2
f 1548/593/2 1546/684/2 1608/684/2 1610/593/2
f 1435/366/2 1434/371/2 1496/371/2 1497/366/2
f 1462/1008/2 1491/1009/2 1553/1009/2 1524/1008/2
f 1466/405/2 1465/400/2 1527/400/2 1528/405/2
f 1437/909/2 1436/401/2 1498/401/2 1499/909/2
f 1470/694/2 1475/1052/2 1537/1052/2 1532/694/2
f 1442/684/2 1445/593/2 1507/593/2 1504/684/2
f 1439/400/2 1438/405/2 1500/405/2 1501/400/2
f 1484/684/2 1477/683/2 1539/683/2 1546/684/2
f 1444/594/2 1447/779/2 1509/779/2 1506/594/2
f 1441/1052/2 1440/694/2 1502/694/2 1503/1052/2
f 1485/594/2 1486/593/2 1548/593/2 1547/594/2
f 1443/683/2 1442/684/2 1504/684/2 1505/683/2
f 1468/876/2 1467/779/2 1529/779/2 1530/876/2
f 1446/876/2 1449/875/2 1511/875/2 1508/876/2
f 1445/593/2 1444/594/2 1506/594/2 1507/593/2
f 1464/880/2 1463/875/2 1525/875/2 1526/880/2
f 1448/880/2 1433/879/2 1495/879/2 1510/880/2
f 1447/779/2 1446/876/2 1508/876/2 1509/779/2
f 1487/906/2 1471/693/2 1533/693/2 1549/906/2
f 1449/875/2 1448/880/2 1510/880/2 1511/875/2
f 1488/910/2 1489/905/2 1551/905/2 1550/910/2
f 1450/906/2 1453/905/2 1515/905/2 1512/906/2
f 1451/693/2 1450/906/2 1512/906/2 1513/693/2
f 1480/1000/2 1490/404/2 1552/404/2 1542/1000/2
f 1452/910/2 1437/909/2 1499/909/2 1514/910/2
f 1453/905/2 1452/910/2 1514/910/2 1515/905/2
f 1476/1003/2 1481/999/2 1543/999/2 1538/1003/2
f 1455/404/2 1454/1000/2 1516/1000/2 1517/404/2
f 1460/1011/2 1493/1011/2 1555/1011/2 1522/1011/2
f 1491/1009/2 1492/370/2 1554/370/2 1553/1009/2
f 1454/1000/2 1457/999/2 1519/999/2 1516/1000/2
f 1457/999/2 1456/1003/2 1518/1003/2 1519/999/2
f 1600/1003/1 1605/999/1 1667/999/1 1662/1003/1
f 1577/905/2 1576/910/2 1638/910/2 1639/905/2
f 1576/910/2 1561/909/2 1623/909/2 1638/910/2
f 1604/1000/1 1614/404/1 1676/404/1 1666/1000/1
f 1575/693/2 1574/906/2 1636/906/2 1637/693/2
f 1574/906/2 1577/905/2 1639/905/2 1636/906/2
f 1612/910/1 1613/905/1 1675/905/1 1674/910/1
f 1573/875/2 1572/880/2 1634/880/2 1635/875/2
f 1611/906/1 1595/693/1 1657/693/1 1673/906/1
f 1571/779/2 1570/876/2 1632/876/2 1633/779/2
f 1572/880/2 1557/879/2 1619/879/2 1634/880/2
f 1588/880/1 1587/875/1 1649/875/1 1650/880/1
f 1569/593/2 1568/594/2 1630/594/2 1631/593/2
f 1570/876/2 1573/875/2 1635/875/2 1632/876/2
f 1592/876/1 1591/779/1 1653/779/1 1654/876/1
f 1567/683/2 1566/684/2 1628/684/2 1629/683/2
f 1609/594/1 1610/593/1 1672/593/1 1671/594/1
f 1565/1052/2 1564/694/2 1626/694/2 1627/1052/2
f 1568/594/2 1571/779/2 1633/779/2 1630/594/2
f 1608/684/1 1601/683/1 1663/683/1 1670/684/1
f 1563/400/2 1562/405/2 1624/405/2 1625/400/2
f 1566/684/2 1569/593/2 1631/593/2 1628/684/2
f 1594/694/1 1599/1052/1 1661/1052/1 1656/694/1
f 1561/909/2 1560/401/2 1622/401/2 1623/909/2
f 1590/405/1 1589/400/1 1651/400/1 1652/405/1
f 1586/1008/1 1615/1009/1 1677/1009/1 1648/1008/1
f 1559/366/2 1558/371/2 1620/371/2 1621/366/2
f 1564/694/2 1575/693/2 1637/693/2 1626/694/2
f 1597/401/1 1596/909/1 1658/909/1 1659/401/1
f 1601/683/1 1600/1003/1 1662/1003/1 1663/683/1
f 1530/876/2 1529/779/2 1591/779/2 1592/876/2
f 1508/876/2 1511/875/2 1573/875/2 1570/876/2
f 1507/593/2 1506/594/2 1568/594/2 1569/593/2
f 1526/880/2 1525/875/2 1587/875/2 1588/880/2
f 1510/880/2 1495/879/2 1557/879/2 1572/880/2
f 1509/779/2 1508/876/2 1570/876/2 1571/779/2
f 1549/906/2 1533/693/2 1595/693/2 1611/906/2
f 1511/875/2 1510/880/2 1572/880/2 1573/875/2
f 1550/910/2 1551/905/2 1613/905/2 1612/910/2
f 1512/906/2 1515/905/2 1577/905/2 1574/906/2
f 1513/693/2 1512/906/2 1574/906/2 1575/693/2
f 1542/1000/2 1552/404/2 1614/404/2 1604/1000/2
f 1514/910/2 1499/909/2 1561/909/2 1576/910/2
f 1515/905/2 1514/910/2 1576/910/2 1577/905/2
f 1538/1003/2 1543/999/2 1605/999/2 1600/1003/2
f 1517/404/2 1516/1000/2 1578/1000/2 1579/404/2
f 1522/1011/2 1555/1011/2 1617/1011/2 1584/1011/2
f 1553/1009/2 1554/370/2 1616/370/2 1615/1009/2
f 1516/1000/2 1519/999/2 1581/999/2 1578/1000/2
f 1519/999/2 1518/1003/2 1580/1003/2 1581/999/2
f 1555/1011/2 1524/1008/2 1586/1008/2 1617/1011/2
f 1518/1003/2 1505/683/2 1567/683/2 1580/1003/2
f 1521/370/2 1520/1009/2 1582/1009/2 1583/370/2
f 1540/366/2 1545/367/2 1607/367/2 1602/366/2
f 1536/1054/2 1531/1054/2 1593/1054/2 1598/1054/2
f 1523/1008/2 1522/1011/2 1584/1011/2 1585/1008/2
f 1554/370/2 1541/371/2 1603/371/2 1616/370/2
f 1520/1009/2 1523/1008/2 1585/1008/2 1582/1009/2
f 1527/400/2 1535/401/2 1597/401/2 1589/400/2
f 1552/404/2 1528/405/2 1590/405/2 1614/404/2
f 1537/1052/2 1536/1054/2 1598/1054/2 1599/1052/2
f 1533/693/2 1532/694/2 1594/694/2 1595/693/2
f 1622/401/4 1625/400/4 1651/400/4 1659/401/4
f 1628/684/4 1631/593/4 1672/593/4 1670/684/4
f 1620/371/4 1645/370/4 1678/370/4 1665/371/4
f 1618/367/4 1621/366/4 1664/366/4 1669/367/4
f 1639/905/4 1638/910/4 1674/910/4 1675/905/4
f 1637/693/4 1636/906/4 1673/906/4 1657/693/4
f 1644/1009/4 1647/1008/4 1648/1008/4 1677/1009/4
f 1635/875/4 1634/880/4 1650/880/4 1649/875/4
f 1625/400/4 1624/405/4 1652/405/4 1651/400/4
f 1633/779/4 1632/876/4 1654/876/4 1653/779/4
f 1626/694/4 1637/693/4 1657/693/4 1656/694/4
f 1623/909/4 1622/401/4 1659/401/4 1658/909/4
f 1655/1054/4 1627/1052/4 1661/1052/4 1660/1054/4
f 1642/1003/4 1629/683/4 1663/683/4 1662/1003/4
f 1621/366/4 1620/371/4 1665/371/4 1664/366/4
f 1640/1000/4 1643/999/4 1667/999/4 1666/1000/4
f 1619/879/4 1618/367/4 1669/367/4 1668/879/4
f 1630/594/4 1633/779/4 1653/779/4 1671/594/4
f 1624/405/4 1641/404/4 1676/404/4 1652/405/4
f 1641/404/4 1640/1000/4 1666/1000/4 1676/404/4
f 1643/999/4 1642/1003/4 1662/1003/4 1667/999/4
f 1645/370/4 1644/1009/4 1677/1009/4 1678/370/4
f 1627/1052/4 1626/694/4 1656/694/4 1661/1052/4
f 1647/1008/4 1646/1011/4 1679/1011/4 1648/1008/4
f 1632/876/4 1635/875/4 1649/875/4 1654/876/4
f 1634/880/4 1619/879/4 1668/879/4 1650/880/4
f 1636/906/4 1639/905/4 1675/905/4 1673/906/4
f 1629/683/4 1628/684/4 1670/684/4 1663/683/4
f 1638/910/4 1623/909/4 1658/909/4 1674/910/4
f 1631/593/4 1630/594/4 1671/594/4 1672/593/4
f 1579/404/2 1578/1000/2 1640/1000/2 1641/404/2
f 1584/1011/5 1617/1011/5 1679/1011/5 1646/1011/5
f 1615/1009/1 1616/370/1 1678/370/1 1677/1009/1
f 1578/1000/2 1581/999/2 1643/999/2 1640/1000/2
f 1581/999/2 1580/1003/2 1642/1003/2 1643/999/2
f 1617/1011/1 1586/1008/1 1648/1008/1 1679/1011/1
f 1580/1003/2 1567/683/2 1629/683/2 1642/1003/2
f 1583/370/2 1582/1009/2 1644/1009/2 1645/370/2
f 1602/366/1 1607/367/1 1669/367/1 1664/366/1
f 1598/1054/6 1593/1054/6 1655/1054/6 1660/1054/6
f 1585/1008/2 1584/1011/2 1646/1011/2 1647/1008/2
f 1616/370/1 1603/371/1 1665/371/1 1678/370/1
f 1582/1009/2 1585/1008/2 1647/1008/2 1644/1009/2
f 1589/400/1 1597/401/1 1659/401/1 1651/400/1
f 1614/404/1 1590/405/1 1652/405/1 1676/404/1
f 1599/1052/1 1598/1054/1 1660/1054/1 1661/1052/1
f 1595/693/1 1594/694/1 1656/694/1 1657/693/1
f 1610/593/1 1608/684/1 1670/684/1 1672/593/1
f 1591/779/1 1609/594/1 1671/594/1 1653/779/1
f 1587/875/1 1592/876/1 1654/876/1 1649/875/1
f 1556/367/2 1559/366/2 1621/366/2 1618/367/2
f 1606/879/1 1588/880/1 1650/880/1 1668/879/1
f 1558/371/2 1583/370/2 1645/370/2 1620/371/2
f 1613/905/1 1611/906/1 1673/906/1 1675/905/1
f 1560/401/2 1563/400/2 1625/400/2 1622/401/2
f 1596/909/1 1612/910/1 1674/910/1 1658/909/1
f 1607/367/1 1606/879/1 1668/879/1 1669/367/1
f 1562/405/2 1579/404/2 1641/404/2 1624/405/2
f 1605/999/1 1604/1000/1 1666/1000/1 1667/999/1
f 1603/371/1 1602/366/1 1664/366/1 1665/371/1
f 1593/1054/2 1565/1052/2 1627/1052/2 1655/1054/2
f 1557/879/2 1556/367/2 1618/367/2 1619/879/2
f 1707/979/1 1710/982/1 1709/599/1 1708/980/1
f 1689/444/1 1688/309/1 1710/982/1 1707/979/1
f 1703/946/1 1711/949/1 1705/950/1 1704/947/1
f 1699/854/1 1712/857/1 1701/858/1 1700/855/1
f 1687/817/1 1686/179/1 1712/857/1 1699/854/1
f 1695/820/1 1713/823/1 1697/824/1 1696/821/1
f 1681/976/1 1680/137/1 1713/823/1 1695/820/1
f 1691/447/1 1714/450/1 1693/451/1 1692/448/1
f 1683/943/1 1682/147/1 1714/450/1 1691/447/1
f 1690/443/1 1715/308/1 1688/309/1 1689/444/1
f 1692/448/1 1693/451/1 1715/308/1 1690/443/1
f 1694/816/1 1716/178/1 1686/179/1 1687/817/1
f 1696/821/1 1697/824/1 1716/178/1 1694/816/1
f 1698/850/1 1717/168/1 1684/169/1 1685/851/1
f 1700/855/1 1701/858/1 1717/168/1 1698/850/1
f 1702/942/1 1718/146/1 1682/147/1 1683/943/1
f 1704/947/1 1705/950/1 1718/146/1 1702/942/1
f 1706/975/1 1719/136/1 1680/137/1 1681/976/1
f 1708/980/1 1709/599/1 1719/136/1 1706/975/1
f 1759/1078/1 1720/1077/1 1721/1027/1 1740/1051/1
f 1758/1084/1 1722/1063/1 1723/1033/1 1741/1076/1
f 1757/1089/1 1724/1039/1 1725/1035/1 1742/159/1
f 1756/1031/1 1728/1041/1 1729/1038/1 1743/1024/1
f 1755/1017/1 1726/1083/1 1727/1081/1 1744/940/1
f 1754/1075/1 1736/1034/1 1737/1082/1 1745/1018/1
f 1753/1050/1 1738/1028/1 1739/1040/1 1746/1032/1
f 1752/1022/1 1734/1036/1 1735/1037/1 1747/1023/1
f 1751/1019/1 1732/1021/1 1733/1062/1 1748/1020/1
f 1750/939/1 1730/1079/1 1731/1080/1 1749/1016/1
f 1744/940/1 1727/1081/1 1730/1079/1 1750/939/1
f 1743/1024/1 1729/1038/1 1734/1036/1 1752/1022/1
f 1740/1051/1 1721/1027/1 1738/1028/1 1753/1050/1
f 1741/1076/1 1723/1033/1 1736/1034/1 1754/1075/1
f 1745/1018/1 1737/1082/1 1726/1083/1 1755/1017/1
f 1746/1032/1 1739/1040/1 1728/1041/1 1756/1031/1
f 1747/1023/1 1735/1037/1 1724/1039/1 1757/1089/1
f 1748/1020/1 1733/1062/1 1722/1063/1 1758/1084/1
f 1749/1016/1 1731/1080/1 1720/1077/1 1759/1078/1
f 1696/821/2 1694/816/2 1819/816/2 1822/821/2
f 1339/1016/2 1340/939/2 1762/939/2 1761/1016/2
f 1120/448/2 1119/447/2 1766/447/2 1767/448/2
f 1252/146/5 1096/147/5 1682/147/5 1718/146/5
f 1367/1089/2 1337/1023/2 1768/1023/2 1789/1089/2
f 1263/1027/5 1308/1028/5 1738/1028/5 1721/1027/5
f 1683/943/2 1691/447/2 1817/447/2 1824/943/2
f 1172/950/5 1252/146/5 1718/146/5 1705/950/5
f 1685/851/2 1099/851/2 1776/851/2 1799/851/2
f 1276/1083/5 1277/1081/5 1727/1081/5 1726/1083/5
f 1267/1035/3 1325/159/3 1742/159/3 1725/1035/3
f 1103/444/2 1118/443/2 1764/443/2 1765/444/2
f 1741/1076/2 1754/1075/2 1836/1075/2 1837/1076/2
f 1278/1041/5 1279/1038/5 1729/1038/5 1728/1041/5
f 1217/982/5 1176/599/5 1709/599/5 1710/982/5
f 1692/448/2 1690/443/2 1774/443/2 1818/448/2
f 1253/136/5 1094/137/5 1680/137/5 1719/136/5
f 1293/1080/5 1262/1077/5 1720/1077/5 1731/1080/5
f 1102/309/5 1217/982/5 1710/982/5 1688/309/5
f 1295/1062/5 1264/1063/5 1722/1063/5 1733/1062/5
f 1325/159/2 1367/1089/2 1789/1089/2 1788/159/2
f 1176/599/5 1253/136/5 1719/136/5 1709/599/5
f 1754/1075/2 1745/1018/2 1812/1018/2 1836/1075/2
f 1297/1037/5 1266/1039/5 1724/1039/5 1735/1037/5
f 1245/308/5 1102/309/5 1688/309/5 1715/308/5
f 1707/979/2 1708/980/2 1829/980/2 1814/979/2
f 1218/949/5 1172/950/5 1705/950/5 1711/949/5
f 1121/451/5 1245/308/5 1715/308/5 1693/451/5
f 1170/946/4 1218/949/4 1711/949/4 1703/946/4
f 1098/169/3 1099/851/3 1685/851/3 1684/169/3
f 1307/1082/5 1276/1083/5 1726/1083/5 1737/1082/5
f 1292/1079/5 1293/1080/5 1731/1080/5 1730/1079/5
f 1238/450/5 1121/451/5 1693/451/5 1714/450/5
f 1309/1040/5 1278/1041/5 1728/1041/5 1739/1040/5
f 1366/1031/2 1334/1032/2 1791/1032/2 1797/1031/2
f 1294/1021/5 1295/1062/5 1733/1062/5 1732/1021/5
f 1096/147/5 1238/450/5 1714/450/5 1682/147/5
f 1159/855/2 1158/854/2 1777/854/2 1778/855/2
f 1740/1051/2 1753/1050/2 1834/1050/2 1835/1051/2
f 1706/975/2 1681/976/2 1828/976/2 1827/975/2
f 1296/1036/5 1297/1037/5 1735/1037/5 1734/1036/5
f 1328/1024/2 1366/1031/2 1797/1031/2 1796/1024/2
f 1765/444/2 1764/443/2 1844/443/2 1845/444/2
f 1835/1051/2 1834/1050/2 1914/1050/2 1915/1051/2
f 1815/1078/2 1761/1016/2 1841/1016/2 1895/1078/2
f 1834/1050/2 1792/1032/2 1872/1032/2 1914/1050/2
f 1806/1051/2 1815/1078/2 1895/1078/2 1886/1051/2
f 1795/1024/2 1833/1022/2 1913/1022/2 1875/1024/2
f 1833/1022/2 1769/1023/2 1849/1023/2 1913/1022/2
f 1802/1019/2 1831/1019/2 1911/1019/2 1882/1019/2
f 1813/1084/2 1803/1020/2 1883/1020/2 1893/1084/2
f 1831/1019/2 1832/1020/2 1912/1020/2 1911/1019/2
f 1785/979/2 1765/444/2 1845/444/2 1865/979/2
f 1809/1076/2 1813/1084/2 1893/1084/2 1889/1076/2
f 1830/940/2 1763/939/2 1843/939/2 1910/940/2
f 1781/946/2 1825/946/2 1905/946/2 1861/946/2
f 1783/975/2 1786/980/2 1866/980/2 1863/975/2
f 1763/939/2 1760/1016/2 1840/1016/2 1843/939/2
f 1779/942/2 1782/947/2 1862/947/2 1859/942/2
f 1789/1089/2 1768/1023/2 1848/1023/2 1869/1089/2
f 1816/444/2 1814/979/2 1894/979/2 1896/444/2
f 1777/854/2 1771/817/2 1851/817/2 1857/854/2
f 1788/159/2 1789/1089/2 1869/1089/2 1868/159/2
f 1829/980/2 1827/975/2 1907/975/2 1909/980/2
f 1775/850/2 1778/855/2 1858/855/2 1855/850/2
f 1826/947/2 1823/942/2 1903/942/2 1906/947/2
f 1772/820/2 1784/976/2 1864/976/2 1852/820/2
f 1797/1031/2 1791/1032/2 1871/1032/2 1877/1031/2
f 1820/817/2 1794/854/2 1874/854/2 1900/817/2
f 1770/816/2 1773/821/2 1853/821/2 1850/816/2
f 1796/1024/2 1797/1031/2 1877/1031/2 1876/1024/2
f 1793/855/2 1801/850/2 1881/850/2 1873/855/2
f 1766/447/2 1780/943/2 1860/943/2 1846/447/2
f 1810/1017/2 1808/1018/2 1888/1018/2 1890/1017/2
f 1828/976/2 1821/820/2 1901/820/2 1908/976/2
f 1764/443/2 1767/448/2 1847/448/2 1844/443/2
f 1800/940/2 1810/1017/2 1890/1017/2 1880/940/2
f 1822/821/2 1819/816/2 1899/816/2 1902/821/2
f 1787/159/2 1788/159/2 1868/159/2 1867/159/2
f 1807/1075/2 1809/1076/2 1889/1076/2 1887/1075/2
f 1334/1032/2 1351/1050/2 1805/1050/2 1791/1032/2
f 1175/980/2 1174/979/2 1785/979/2 1786/980/2
f 1342/1022/2 1328/1024/2 1796/1024/2 1804/1022/2
f 1689/444/2 1707/979/2 1814/979/2 1816/444/2
f 1757/1089/2 1742/159/2 1787/159/2 1790/1089/2
f 1351/1050/2 1322/1051/2 1806/1051/2 1805/1050/2
f 1742/159/2 1325/159/2 1788/159/2 1787/159/2
f 1153/816/2 1155/821/2 1773/821/2 1770/816/2
f 1118/443/2 1120/448/2 1767/448/2 1764/443/2
f 1747/1023/2 1757/1089/2 1790/1089/2 1769/1023/2
f 1154/820/2 1095/976/2 1784/976/2 1772/820/2
f 1119/447/2 1097/943/2 1780/943/2 1766/447/2
f 1157/850/2 1159/855/2 1778/855/2 1775/850/2
f 1690/443/2 1689/444/2 1816/444/2 1774/443/2
f 1758/1084/2 1741/1076/2 1837/1076/2 1838/1084/2
f 1158/854/2 1101/817/2 1771/817/2 1777/854/2
f 1691/447/2 1692/448/2 1818/448/2 1817/447/2
f 1748/1020/2 1758/1084/2 1838/1084/2 1832/1020/2
f 1333/1018/2 1353/1075/2 1807/1075/2 1808/1018/2
f 1353/1075/2 1323/1076/2 1809/1076/2 1807/1075/2
f 1694/816/2 1687/817/2 1820/817/2 1819/816/2
f 1759/1078/2 1740/1051/2 1835/1051/2 1839/1078/2
f 1750/939/2 1749/1016/2 1760/1016/2 1763/939/2
f 1695/820/2 1696/821/2 1822/821/2 1821/820/2
f 1749/1016/2 1759/1078/2 1839/1078/2 1760/1016/2
f 1744/940/2 1750/939/2 1763/939/2 1830/940/2
f 1698/850/2 1685/851/2 1799/851/2 1801/850/2
f 1751/1019/2 1748/1020/2 1832/1020/2 1831/1019/2
f 1699/854/2 1700/855/2 1793/855/2 1794/854/2
f 1169/942/2 1171/947/2 1782/947/2 1779/942/2
f 1752/1022/2 1747/1023/2 1769/1023/2 1833/1022/2
f 1101/817/2 1153/816/2 1770/816/2 1771/817/2
f 1173/975/2 1175/980/2 1786/980/2 1783/975/2
f 1329/940/2 1365/1017/2 1810/1017/2 1800/940/2
f 1702/942/2 1683/943/2 1824/943/2 1823/942/2
f 1743/1024/2 1752/1022/2 1833/1022/2 1795/1024/2
f 1155/821/2 1154/820/2 1772/820/2 1773/821/2
f 1174/979/2 1103/444/2 1765/444/2 1785/979/2
f 1365/1017/2 1333/1018/2 1808/1018/2 1810/1017/2
f 1703/946/2 1704/947/2 1826/947/2 1825/946/2
f 1753/1050/2 1746/1032/2 1792/1032/2 1834/1050/2
f 1099/851/2 1157/850/2 1775/850/2 1776/851/2
f 1889/1076/2 1893/1084/2 1973/1084/2 1969/1076/2
f 1910/940/1 1843/939/1 1923/939/1 1990/940/1
f 1861/946/4 1905/946/4 1985/946/4 1941/946/4
f 1863/975/2 1866/980/2 1946/980/2 1943/975/2
f 1843/939/1 1840/1016/1 1920/1016/1 1923/939/1
f 1859/942/2 1862/947/2 1942/947/2 1939/942/2
f 1869/1089/2 1848/1023/2 1928/1023/2 1949/1089/2
f 1896/444/1 1894/979/1 1974/979/1 1976/444/1
f 1857/854/2 1851/817/2 1931/817/2 1937/854/2
f 1868/159/2 1869/1089/2 1949/1089/2 1948/159/2
f 1909/980/1 1907/975/1 1987/975/1 1989/980/1
f 1855/850/2 1858/855/2 1938/855/2 1935/850/2
f 1906/947/1 1903/942/1 1983/942/1 1986/947/1
f 1852/820/2 1864/976/2 1944/976/2 1932/820/2
f 1877/1031/2 1871/1032/2 1951/1032/2 1957/1031/2
f 1900/817/1 1874/854/1 1954/854/1 1980/817/1
f 1850/816/2 1853/821/2 1933/821/2 1930/816/2
f 1876/1024/2 1877/1031/2 1957/1031/2 1956/1024/2
f 1873/855/1 1881/850/1 1961/850/1 1953/855/1
f 1846/447/2 1860/943/2 1940/943/2 1926/447/2
f 1890/1017/2 1888/1018/2 1968/1018/2 1970/1017/2
f 1908/976/1 1901/820/1 1981/820/1 1988/976/1
f 1844/443/2 1847/448/2 1927/448/2 1924/443/2
f 1880/940/2 1890/1017/2 1970/1017/2 1960/940/2
f 1902/821/1 1899/816/1 1979/816/1 1982/821/1
f 1867/159/3 1868/159/3 1948/159/3 1947/159/3
f 1887/1075/2 1889/1076/2 1969/1076/2 1967/1075/2
f 1904/943/1 1897/447/1 1977/447/1 1984/943/1
f 1840/1016/1 1919/1078/1 1999/1078/1 1920/1016/1
f 1866/980/2 1865/979/2 1945/979/2 1946/980/2
f 1888/1018/2 1887/1075/2 1967/1075/2 1968/1018/2
f 1898/448/1 1854/443/1 1934/443/1 1978/448/1
f 1919/1078/1 1915/1051/1 1995/1051/1 1999/1078/1
f 1864/976/2 1863/975/2 1943/975/2 1944/976/2
f 1885/1050/2 1886/1051/2 1966/1051/2 1965/1050/2
f 1894/979/1 1909/980/1 1989/980/1 1974/979/1
f 1912/1020/1 1918/1084/1 1998/1084/1 1992/1020/1
f 1862/947/2 1861/946/2 1941/946/2 1942/947/2
f 1836/1075/2 1812/1018/2 1892/1018/2 1916/1075/2
f 1774/443/2 1816/444/2 1896/444/2 1854/443/2
f 1767/448/2 1766/447/2 1846/447/2 1847/448/2
f 1837/1076/2 1836/1075/2 1916/1075/2 1917/1076/2
f 1817/447/2 1818/448/2 1898/448/2 1897/447/2
f 1799/851/2 1776/851/2 1856/851/2 1879/851/2
f 1811/1017/2 1830/940/2 1910/940/2 1891/1017/2
f 1819/816/2 1820/817/2 1900/817/2 1899/816/2
f 1761/1016/2 1762/939/2 1842/939/2 1841/1016/2
f 1771/817/2 1770/816/2 1850/816/2 1851/817/2
f 1812/1018/2 1811/1017/2 1891/1017/2 1892/1018/2
f 1821/820/2 1822/821/2 1902/821/2 1901/820/2
f 1762/939/2 1800/940/2 1880/940/2 1842/939/2
f 1773/821/2 1772/820/2 1852/820/2 1853/821/2
f 1798/1031/2 1795/1024/2 1875/1024/2 1878/1031/2
f 1801/850/2 1799/851/2 1879/851/2 1881/850/2
f 1792/1032/2 1798/1031/2 1878/1031/2 1872/1032/2
f 1794/854/2 1793/855/2 1873/855/2 1874/854/2
f 1803/1020/2 1802/1019/2 1882/1019/2 1883/1020/2
f 1776/851/2 1775/850/2 1855/850/2 1856/851/2
f 1790/1089/2 1787/159/2 1867/159/2 1870/1089/2
f 1823/942/2 1824/943/2 1904/943/2 1903/942/2
f 1768/1023/2 1804/1022/2 1884/1022/2 1848/1023/2
f 1778/855/2 1777/854/2 1857/854/2 1858/855/2
f 1769/1023/2 1790/1089/2 1870/1089/2 1849/1023/2
f 1825/946/2 1826/947/2 1906/947/2 1905/946/2
f 1804/1022/2 1796/1024/2 1876/1024/2 1884/1022/2
f 1780/943/2 1779/942/2 1859/942/2 1860/943/2
f 1838/1084/2 1837/1076/2 1917/1076/2 1918/1084/2
f 1827/975/2 1828/976/2 1908/976/2 1907/975/2
f 1791/1032/2 1805/1050/2 1885/1050/2 1871/1032/2
f 1782/947/2 1781/946/2 1861/946/2 1862/947/2
f 1832/1020/2 1838/1084/2 1918/1084/2 1912/1020/2
f 1814/979/2 1829/980/2 1909/980/2 1894/979/2
f 1805/1050/2 1806/1051/2 1886/1051/2 1885/1050/2
f 1784/976/2 1783/975/2 1863/975/2 1864/976/2
f 1839/1078/2 1835/1051/2 1915/1051/2 1919/1078/2
f 1818/448/2 1774/443/2 1854/443/2 1898/448/2
f 1808/1018/2 1807/1075/2 1887/1075/2 1888/1018/2
f 1786/980/2 1785/979/2 1865/979/2 1866/980/2
f 1760/1016/2 1839/1078/2 1919/1078/2 1840/1016/2
f 1824/943/2 1817/447/2 1897/447/2 1904/943/2
f 1975/1078/6 1921/1016/6 1920/1016/6 1999/1078/6
f 1928/1023/6 1964/1022/6 1993/1022/6 1929/1023/6
f 1944/976/6 1943/975/6 1987/975/6 1988/976/6
f 1966/1051/6 1975/1078/6 1999/1078/6 1995/1051/6
f 1963/1020/6 1962/1019/6 1991/1019/6 1992/1020/6
f 1942/947/6 1941/946/6 1985/946/6 1986/947/6
f 1973/1084/6 1963/1020/6 1992/1020/6 1998/1084/6
f 1940/943/6 1939/942/6 1983/942/6 1984/943/6
f 1969/1076/6 1973/1084/6 1998/1084/6 1997/1076/6
f 1922/939/6 1960/940/6 1990/940/6 1923/939/6
f 1927/448/6 1926/447/6 1977/447/6 1978/448/6
f 1921/1016/6 1922/939/6 1923/939/6 1920/1016/6
f 1949/1089/6 1928/1023/6 1929/1023/6 1950/1089/6
f 1925/444/6 1924/443/6 1934/443/6 1976/444/6
f 1948/159/6 1949/1089/6 1950/1089/6 1947/159/6
f 1957/1031/6 1951/1032/6 1952/1032/6 1958/1031/6
f 1938/855/6 1937/854/6 1954/854/6 1953/855/6
f 1956/1024/6 1957/1031/6 1958/1031/6 1955/1024/6
f 1936/851/6 1935/850/6 1961/850/6 1959/851/6
f 1970/1017/6 1968/1018/6 1972/1018/6 1971/1017/6
f 1945/979/6 1925/444/6 1976/444/6 1974/979/6
f 1951/1032/6 1965/1050/6 1994/1050/6 1952/1032/6
f 1946/980/6 1945/979/6 1974/979/6 1989/980/6
f 1964/1022/6 1956/1024/6 1955/1024/6 1993/1022/6
f 1965/1050/6 1966/1051/6 1995/1051/6 1994/1050/6
f 1930/816/6 1933/821/6 1982/821/6 1979/816/6
f 1924/443/6 1927/448/6 1978/448/6 1934/443/6
f 1932/820/6 1944/976/6 1988/976/6 1981/820/6
f 1926/447/6 1940/943/6 1984/943/6 1977/447/6
f 1935/850/6 1938/855/6 1953/855/6 1961/850/6
f 1937/854/6 1931/817/6 1980/817/6 1954/854/6
f 1968/1018/6 1967/1075/6 1996/1075/6 1972/1018/6
f 1967/1075/6 1969/1076/6 1997/1076/6 1996/1075/6
f 1939/942/6 1942/947/6 1986/947/6 1983/942/6
f 1931/817/6 1930/816/6 1979/816/6 1980/817/6
f 1943/975/6 1946/980/6 1989/980/6 1987/975/6
f 1960/940/6 1970/1017/6 1971/1017/6 1990/940/6
f 1933/821/6 1932/820/6 1981/820/6 1982/821/6
f 1865/979/2 1845/444/2 1925/444/2 1945/979/2
f 1911/1019/1 1912/1020/1 1992/1020/1 1991/1019/1
f 1893/1084/2 1883/1020/2 1963/1020/2 1973/1084/2
f 1882/1019/4 1911/1019/4 1991/1019/4 1962/1019/4
f 1913/1022/1 1849/1023/1 1929/1023/1 1993/1022/1
f 1875/1024/1 1913/1022/1 1993/1022/1 1955/1024/1
f 1886/1051/2 1895/1078/2 1975/1078/2 1966/1051/2
f 1914/1050/1 1872/1032/1 1952/1032/1 1994/1050/1
f 1895/1078/2 1841/1016/2 1921/1016/2 1975/1078/2
f 1915/1051/1 1914/1050/1 1994/1050/1 1995/1051/1
f 1845/444/2 1844/443/2 1924/443/2 1925/444/2
f 1916/1075/1 1892/1018/1 1972/1018/1 1996/1075/1
f 1854/443/1 1896/444/1 1976/444/1 1934/443/1
f 1847/448/2 1846/447/2 1926/447/2 1927/448/2
f 1917/1076/1 1916/1075/1 1996/1075/1 1997/1076/1
f 1897/447/1 1898/448/1 1978/448/1 1977/447/1
f 1879/851/3 1856/851/3 1936/851/3 1959/851/3
f 1891/1017/1 1910/940/1 1990/940/1 1971/1017/1
f 1899/816/1 1900/817/1 1980/817/1 1979/816/1
f 1841/1016/2 1842/939/2 1922/939/2 1921/1016/2
f 1851/817/2 1850/816/2 1930/816/2 1931/817/2
f 1892/1018/1 1891/1017/1 1971/1017/1 1972/1018/1
f 1901/820/1 1902/821/1 1982/821/1 1981/820/1
f 1842/939/2 1880/940/2 1960/940/2 1922/939/2
f 1853/821/2 1852/820/2 1932/820/2 1933/821/2
f 1878/1031/1 1875/1024/1 1955/1024/1 1958/1031/1
f 1881/850/1 1879/851/1 1959/851/1 1961/850/1
f 1872/1032/1 1878/1031/1 1958/1031/1 1952/1032/1
f 1874/854/1 1873/855/1 1953/855/1 1954/854/1
f 1883/1020/2 1882/1019/2 1962/1019/2 1963/1020/2
f 1856/851/2 1855/850/2 1935/850/2 1936/851/2
f 1870/1089/1 1867/159/1 1947/159/1 1950/1089/1
f 1903/942/1 1904/943/1 1984/943/1 1983/942/1
f 1848/1023/2 1884/1022/2 1964/1022/2 1928/1023/2
f 1858/855/2 1857/854/2 1937/854/2 1938/855/2
f 1849/1023/1 1870/1089/1 1950/1089/1 1929/1023/1
f 1905/946/1 1906/947/1 1986/947/1 1985/946/1
f 1884/1022/2 1876/1024/2 1956/1024/2 1964/1022/2
f 1860/943/2 1859/942/2 1939/942/2 1940/943/2
f 1918/1084/1 1917/1076/1 1997/1076/1 1998/1084/1
f 1907/975/1 1908/976/1 1988/976/1 1987/975/1
f 1871/1032/2 1885/1050/2 1965/1050/2 1951/1032/2
