timestamp,robot1_x,robot1_y,robot1_z,robot2_x,robot2_y,robot2_z,robot3_x,robot3_y,robot3_z,robot4_x,robot4_y,robot4_z
1781377980.8806443,NaN,NaN,NaN,NaN,NaN,NaN,NaN,NaN,NaN,NaN,NaN,NaN
1781377981.3818212,NaN,NaN,NaN,NaN,NaN,NaN,NaN,NaN,NaN,NaN,NaN,NaN
1781377981.8818913,NaN,NaN,NaN,NaN,NaN,NaN,NaN,NaN,NaN,NaN,NaN,NaN
1781377982.3816862,NaN,NaN,NaN,NaN,NaN,NaN,NaN,NaN,NaN,NaN,NaN,NaN
1781377982.8806267,NaN,NaN,NaN,NaN,NaN,NaN,NaN,NaN,NaN,NaN,NaN,NaN
1781377983.3818793,NaN,NaN,NaN,NaN,NaN,NaN,NaN,NaN,NaN,NaN,NaN,NaN
1781377983.8808563,NaN,NaN,NaN,NaN,NaN,NaN,NaN,NaN,NaN,NaN,NaN,NaN
1781377984.380601,NaN,NaN,NaN,NaN,NaN,NaN,NaN,NaN,NaN,NaN,NaN,NaN
1781377984.8805816,NaN,NaN,NaN,NaN,NaN,NaN,NaN,NaN,NaN,NaN,NaN,NaN
1781377985.3810933,NaN,NaN,NaN,NaN,NaN,NaN,NaN,NaN,NaN,NaN,NaN,NaN
1781377985.8815813,NaN,NaN,NaN,NaN,NaN,NaN,NaN,NaN,NaN,NaN,NaN,NaN
1781377986.3811283,NaN,NaN,NaN,NaN,NaN,NaN,NaN,NaN,NaN,NaN,NaN,NaN
1781377986.880951,NaN,NaN,NaN,NaN,NaN,NaN,NaN,NaN,NaN,NaN,NaN,NaN
1781377987.3809211,NaN,NaN,NaN,NaN,NaN,NaN,NaN,NaN,NaN,NaN,NaN,NaN
1781377987.8818655,NaN,NaN,NaN,NaN,NaN,NaN,NaN,NaN,NaN,NaN,NaN,NaN
1781377988.3817844,NaN,NaN,NaN,NaN,NaN,NaN,NaN,NaN,NaN,NaN,NaN,NaN
1781377988.8819325,NaN,NaN,NaN,NaN,NaN,NaN,NaN,NaN,NaN,NaN,NaN,NaN
1781377989.381779,NaN,NaN,NaN,NaN,NaN,NaN,NaN,NaN,NaN,NaN,NaN,NaN
1781377989.8871393,NaN,NaN,NaN,NaN,NaN,NaN,NaN,NaN,NaN,NaN,NaN,NaN
1781377990.385196,NaN,NaN,NaN,NaN,NaN,NaN,NaN,NaN,NaN,NaN,NaN,NaN
1781377990.8829913,NaN,NaN,NaN,NaN,NaN,NaN,NaN,NaN,NaN,NaN,NaN,NaN
1781377991.3829205,NaN,NaN,NaN,NaN,NaN,NaN,NaN,NaN,NaN,NaN,NaN,NaN
1781377991.885039,NaN,NaN,NaN,NaN,NaN,NaN,NaN,NaN,NaN,NaN,NaN,NaN
1781377992.382892,NaN,NaN,NaN,NaN,NaN,NaN,NaN,NaN,NaN,NaN,NaN,NaN
1781377992.882238,NaN,NaN,NaN,NaN,NaN,NaN,NaN,NaN,NaN,NaN,NaN,NaN
1781377993.381256,NaN,NaN,NaN,NaN,NaN,NaN,NaN,NaN,NaN,NaN,NaN,NaN
1781377993.8823001,NaN,NaN,NaN,NaN,NaN,NaN,NaN,NaN,NaN,NaN,NaN,NaN
1781377994.381468,NaN,NaN,NaN,NaN,NaN,NaN,NaN,NaN,NaN,NaN,NaN,NaN
1781377994.8821898,NaN,NaN,NaN,NaN,NaN,NaN,NaN,NaN,NaN,NaN,NaN,NaN
1781377995.382601,NaN,NaN,NaN,NaN,NaN,NaN,NaN,NaN,NaN,NaN,NaN,NaN
1781377995.8866582,NaN,NaN,NaN,NaN,NaN,NaN,NaN,NaN,NaN,NaN,NaN,NaN
1781377996.3866212,NaN,NaN,NaN,NaN,NaN,NaN,NaN,NaN,NaN,NaN,NaN,NaN
1781377996.8819215,NaN,NaN,NaN,NaN,NaN,NaN,NaN,NaN,NaN,NaN,NaN,NaN
1781377997.3815708,NaN,NaN,NaN,NaN,NaN,NaN,NaN,NaN,NaN,NaN,NaN,NaN
1781377997.882238,NaN,NaN,NaN,NaN,NaN,NaN,NaN,NaN,NaN,NaN,NaN,NaN
1781377998.3813014,NaN,NaN,NaN,NaN,NaN,NaN,NaN,NaN,NaN,NaN,NaN,NaN
1781377998.8816028,NaN,NaN,NaN,NaN,NaN,NaN,NaN,NaN,NaN,NaN,NaN,NaN
1781377999.3811905,NaN,NaN,NaN,NaN,NaN,NaN,NaN,NaN,NaN,NaN,NaN,NaN
1781377999.8812332,NaN,NaN,NaN,NaN,NaN,NaN,NaN,NaN,NaN,NaN,NaN,NaN
1781378000.3829627,NaN,NaN,NaN,NaN,NaN,NaN,NaN,NaN,NaN,NaN,NaN,NaN
1781378000.8868766,NaN,NaN,NaN,NaN,NaN,NaN,NaN,NaN,NaN,NaN,NaN,NaN
1781378001.3812678,NaN,NaN,NaN,NaN,NaN,NaN,NaN,NaN,NaN,NaN,NaN,NaN
1781378001.8811104,NaN,NaN,NaN,NaN,NaN,NaN,NaN,NaN,NaN,NaN,NaN,NaN
1781378002.382956,NaN,NaN,NaN,NaN,NaN,NaN,NaN,NaN,NaN,NaN,NaN,NaN
1781378002.8835037,NaN,NaN,NaN,NaN,NaN,NaN,NaN,NaN,NaN,NaN,NaN,NaN
1781378003.3814144,NaN,NaN,NaN,NaN,NaN,NaN,NaN,NaN,NaN,NaN,NaN,NaN
1781378003.8812616,NaN,NaN,NaN,NaN,NaN,NaN,NaN,NaN,NaN,NaN,NaN,NaN
1781378004.3814971,NaN,NaN,NaN,NaN,NaN,NaN,NaN,NaN,NaN,NaN,NaN,NaN
1781378004.8836837,NaN,NaN,NaN,NaN,NaN,NaN,NaN,NaN,NaN,NaN,NaN,NaN
1781378005.381035,NaN,NaN,NaN,NaN,NaN,NaN,NaN,NaN,NaN,NaN,NaN,NaN
1781378005.8810203,NaN,NaN,NaN,NaN,NaN,NaN,NaN,NaN,NaN,NaN,NaN,NaN
1781378006.3816428,NaN,NaN,NaN,NaN,NaN,NaN,NaN,NaN,NaN,NaN,NaN,NaN
1781378006.8823118,NaN,NaN,NaN,NaN,NaN,NaN,NaN,NaN,NaN,NaN,NaN,NaN
1781378007.3811798,NaN,NaN,NaN,NaN,NaN,NaN,NaN,NaN,NaN,NaN,NaN,NaN
1781378007.8814466,NaN,NaN,NaN,NaN,NaN,NaN,NaN,NaN,NaN,NaN,NaN,NaN
1781378008.3840175,NaN,NaN,NaN,NaN,NaN,NaN,NaN,NaN,NaN,NaN,NaN,NaN
1781378008.8818457,NaN,NaN,NaN,NaN,NaN,NaN,NaN,NaN,NaN,NaN,NaN,NaN
1781378009.3818278,NaN,NaN,NaN,NaN,NaN,NaN,NaN,NaN,NaN,NaN,NaN,NaN
1781378009.881316,NaN,NaN,NaN,NaN,NaN,NaN,NaN,NaN,NaN,NaN,NaN,NaN
1781378010.3820667,NaN,NaN,NaN,NaN,NaN,NaN,NaN,NaN,NaN,NaN,NaN,NaN
1781378010.8812504,NaN,NaN,NaN,NaN,NaN,NaN,NaN,NaN,NaN,NaN,NaN,NaN
1781378011.3854547,NaN,NaN,NaN,NaN,NaN,NaN,NaN,NaN,NaN,NaN,NaN,NaN
1781378011.8816059,NaN,NaN,NaN,NaN,NaN,NaN,NaN,NaN,NaN,NaN,NaN,NaN
1781378012.381153,NaN,NaN,NaN,NaN,NaN,NaN,NaN,NaN,NaN,NaN,NaN,NaN
1781378012.8811448,NaN,NaN,NaN,NaN,NaN,NaN,NaN,NaN,NaN,NaN,NaN,NaN
1781378013.382206,NaN,NaN,NaN,NaN,NaN,NaN,NaN,NaN,NaN,NaN,NaN,NaN
1781378013.880941,NaN,NaN,NaN,NaN,NaN,NaN,NaN,NaN,NaN,NaN,NaN,NaN
1781378014.3811948,NaN,NaN,NaN,NaN,NaN,NaN,NaN,NaN,NaN,NaN,NaN,NaN
1781378014.88173,NaN,NaN,NaN,NaN,NaN,NaN,NaN,NaN,NaN,NaN,NaN,NaN
1781378015.3839595,NaN,NaN,NaN,NaN,NaN,NaN,NaN,NaN,NaN,NaN,NaN,NaN
1781378015.8813148,NaN,NaN,NaN,NaN,NaN,NaN,NaN,NaN,NaN,NaN,NaN,NaN
1781378016.3819573,NaN,NaN,NaN,NaN,NaN,NaN,NaN,NaN,NaN,NaN,NaN,NaN
1781378016.8822346,NaN,NaN,NaN,NaN,NaN,NaN,NaN,NaN,NaN,NaN,NaN,NaN
1781378017.3835278,NaN,NaN,NaN,NaN,NaN,NaN,NaN,NaN,NaN,NaN,NaN,NaN
1781378017.8809717,NaN,NaN,NaN,NaN,NaN,NaN,NaN,NaN,NaN,NaN,NaN,NaN
1781378018.3824124,NaN,NaN,NaN,NaN,NaN,NaN,NaN,NaN,NaN,NaN,NaN,NaN
1781378018.8815491,NaN,NaN,NaN,NaN,NaN,NaN,NaN,NaN,NaN,NaN,NaN,NaN
1781378019.3818588,NaN,NaN,NaN,NaN,NaN,NaN,NaN,NaN,NaN,NaN,NaN,NaN
1781378019.8821204,NaN,NaN,NaN,NaN,NaN,NaN,NaN,NaN,NaN,NaN,NaN,NaN
1781378020.3811638,NaN,NaN,NaN,NaN,NaN,NaN,NaN,NaN,NaN,NaN,NaN,NaN
1781378020.8813856,NaN,NaN,NaN,NaN,NaN,NaN,NaN,NaN,NaN,NaN,NaN,NaN
1781378021.381568,NaN,NaN,NaN,NaN,NaN,NaN,NaN,NaN,NaN,NaN,NaN,NaN
1781378021.8828363,NaN,NaN,NaN,NaN,NaN,NaN,NaN,NaN,NaN,NaN,NaN,NaN
1781378022.3818254,NaN,NaN,NaN,NaN,NaN,NaN,NaN,NaN,NaN,NaN,NaN,NaN
1781378022.8834631,NaN,NaN,NaN,NaN,NaN,NaN,NaN,NaN,NaN,NaN,NaN,NaN
1781378023.3865197,NaN,NaN,NaN,NaN,NaN,NaN,NaN,NaN,NaN,NaN,NaN,NaN
1781378023.8811255,NaN,NaN,NaN,NaN,NaN,NaN,NaN,NaN,NaN,NaN,NaN,NaN
1781378024.38103,NaN,NaN,NaN,NaN,NaN,NaN,NaN,NaN,NaN,NaN,NaN,NaN
1781378024.8818738,NaN,NaN,NaN,NaN,NaN,NaN,NaN,NaN,NaN,NaN,NaN,NaN
1781378025.3822944,NaN,NaN,NaN,NaN,NaN,NaN,NaN,NaN,NaN,NaN,NaN,NaN
1781378025.8823318,NaN,NaN,NaN,NaN,NaN,NaN,NaN,NaN,NaN,NaN,NaN,NaN
1781378026.3889382,NaN,NaN,NaN,NaN,NaN,NaN,NaN,NaN,NaN,NaN,NaN,NaN
1781378026.8810768,NaN,NaN,NaN,NaN,NaN,NaN,NaN,NaN,NaN,NaN,NaN,NaN
1781378027.3813689,NaN,NaN,NaN,NaN,NaN,NaN,NaN,NaN,NaN,NaN,NaN,NaN
1781378027.8815453,NaN,NaN,NaN,NaN,NaN,NaN,NaN,NaN,NaN,NaN,NaN,NaN
1781378028.3816392,NaN,NaN,NaN,NaN,NaN,NaN,NaN,NaN,NaN,NaN,NaN,NaN
1781378028.8845577,NaN,NaN,NaN,NaN,NaN,NaN,NaN,NaN,NaN,NaN,NaN,NaN
1781378029.3812325,NaN,NaN,NaN,NaN,NaN,NaN,NaN,NaN,NaN,NaN,NaN,NaN
1781378029.8829246,NaN,NaN,NaN,NaN,NaN,NaN,NaN,NaN,NaN,NaN,NaN,NaN
1781378030.381328,NaN,NaN,NaN,NaN,NaN,NaN,NaN,NaN,NaN,NaN,NaN,NaN
1781378030.882008,NaN,NaN,NaN,NaN,NaN,NaN,NaN,NaN,NaN,NaN,NaN,NaN
1781378031.3819966,NaN,NaN,NaN,NaN,NaN,NaN,NaN,NaN,NaN,NaN,NaN,NaN
1781378031.8808775,NaN,NaN,NaN,NaN,NaN,NaN,NaN,NaN,NaN,NaN,NaN,NaN
1781378032.381605,NaN,NaN,NaN,NaN,NaN,NaN,NaN,NaN,NaN,NaN,NaN,NaN
1781378032.8818145,NaN,NaN,NaN,NaN,NaN,NaN,NaN,NaN,NaN,NaN,NaN,NaN
1781378033.3819976,NaN,NaN,NaN,NaN,NaN,NaN,NaN,NaN,NaN,NaN,NaN,NaN
1781378033.8814373,NaN,NaN,NaN,NaN,NaN,NaN,NaN,NaN,NaN,NaN,NaN,NaN
1781378034.3828268,NaN,NaN,NaN,NaN,NaN,NaN,NaN,NaN,NaN,NaN,NaN,NaN
1781378034.8820107,NaN,NaN,NaN,NaN,NaN,NaN,NaN,NaN,NaN,NaN,NaN,NaN
1781378035.3847296,NaN,NaN,NaN,NaN,NaN,NaN,NaN,NaN,NaN,NaN,NaN,NaN
1781378035.881252,NaN,NaN,NaN,NaN,NaN,NaN,NaN,NaN,NaN,NaN,NaN,NaN
1781378036.3822796,NaN,NaN,NaN,NaN,NaN,NaN,NaN,NaN,NaN,NaN,NaN,NaN
1781378036.8811285,NaN,NaN,NaN,NaN,NaN,NaN,NaN,NaN,NaN,NaN,NaN,NaN
1781378037.381581,NaN,NaN,NaN,NaN,NaN,NaN,NaN,NaN,NaN,NaN,NaN,NaN
1781378037.8818054,NaN,NaN,NaN,NaN,NaN,NaN,NaN,NaN,NaN,NaN,NaN,NaN
1781378038.3830864,NaN,NaN,NaN,NaN,NaN,NaN,NaN,NaN,NaN,NaN,NaN,NaN
1781378038.8830783,NaN,NaN,NaN,NaN,NaN,NaN,NaN,NaN,NaN,NaN,NaN,NaN
1781378039.3815706,NaN,NaN,NaN,NaN,NaN,NaN,NaN,NaN,NaN,NaN,NaN,NaN
1781378039.882457,NaN,NaN,NaN,NaN,NaN,NaN,NaN,NaN,NaN,NaN,NaN,NaN
1781378040.3818026,NaN,NaN,NaN,NaN,NaN,NaN,NaN,NaN,NaN,NaN,NaN,NaN
1781378040.8822682,NaN,NaN,NaN,NaN,NaN,NaN,NaN,NaN,NaN,NaN,NaN,NaN
1781378041.381856,NaN,NaN,NaN,NaN,NaN,NaN,NaN,NaN,NaN,NaN,NaN,NaN
1781378041.8825085,NaN,NaN,NaN,NaN,NaN,NaN,NaN,NaN,NaN,NaN,NaN,NaN
1781378042.382831,NaN,NaN,NaN,NaN,NaN,NaN,NaN,NaN,NaN,NaN,NaN,NaN
1781378042.8829064,NaN,NaN,NaN,NaN,NaN,NaN,NaN,NaN,NaN,NaN,NaN,NaN
1781378043.3813229,NaN,NaN,NaN,NaN,NaN,NaN,NaN,NaN,NaN,NaN,NaN,NaN
1781378043.8811564,NaN,NaN,NaN,NaN,NaN,NaN,NaN,NaN,NaN,NaN,NaN,NaN
1781378044.3834376,NaN,NaN,NaN,NaN,NaN,NaN,NaN,NaN,NaN,NaN,NaN,NaN
1781378044.883113,NaN,NaN,NaN,NaN,NaN,NaN,NaN,NaN,NaN,NaN,NaN,NaN
1781378045.3818495,NaN,NaN,NaN,NaN,NaN,NaN,NaN,NaN,NaN,NaN,NaN,NaN
1781378045.8814383,NaN,NaN,NaN,NaN,NaN,NaN,NaN,NaN,NaN,NaN,NaN,NaN
1781378046.3819778,NaN,NaN,NaN,NaN,NaN,NaN,NaN,NaN,NaN,NaN,NaN,NaN
1781378046.8821135,NaN,NaN,NaN,NaN,NaN,NaN,NaN,NaN,NaN,NaN,NaN,NaN
1781378047.381571,NaN,NaN,NaN,NaN,NaN,NaN,NaN,NaN,NaN,NaN,NaN,NaN
1781378047.8811288,NaN,NaN,NaN,NaN,NaN,NaN,NaN,NaN,NaN,NaN,NaN,NaN
1781378048.3817885,NaN,NaN,NaN,NaN,NaN,NaN,NaN,NaN,NaN,NaN,NaN,NaN
1781378048.8828187,NaN,NaN,NaN,NaN,NaN,NaN,NaN,NaN,NaN,NaN,NaN,NaN
1781378049.3837755,NaN,NaN,NaN,NaN,NaN,NaN,NaN,NaN,NaN,NaN,NaN,NaN
1781378049.8817978,NaN,NaN,NaN,NaN,NaN,NaN,NaN,NaN,NaN,NaN,NaN,NaN
1781378050.3813555,NaN,NaN,NaN,NaN,NaN,NaN,NaN,NaN,NaN,NaN,NaN,NaN
1781378050.8819122,NaN,NaN,NaN,NaN,NaN,NaN,NaN,NaN,NaN,NaN,NaN,NaN
1781378051.3834596,NaN,NaN,NaN,NaN,NaN,NaN,NaN,NaN,NaN,NaN,NaN,NaN
1781378051.882199,NaN,NaN,NaN,NaN,NaN,NaN,NaN,NaN,NaN,NaN,NaN,NaN
1781378052.3809597,NaN,NaN,NaN,NaN,NaN,NaN,NaN,NaN,NaN,NaN,NaN,NaN
1781378052.881615,NaN,NaN,NaN,NaN,NaN,NaN,NaN,NaN,NaN,NaN,NaN,NaN
1781378053.3814502,NaN,NaN,NaN,NaN,NaN,NaN,NaN,NaN,NaN,NaN,NaN,NaN
1781378053.8816147,NaN,NaN,NaN,NaN,NaN,NaN,NaN,NaN,NaN,NaN,NaN,NaN
1781378054.383136,NaN,NaN,NaN,NaN,NaN,NaN,NaN,NaN,NaN,NaN,NaN,NaN
1781378054.881375,NaN,NaN,NaN,NaN,NaN,NaN,NaN,NaN,NaN,NaN,NaN,NaN
1781378055.382287,NaN,NaN,NaN,NaN,NaN,NaN,NaN,NaN,NaN,NaN,NaN,NaN
1781378055.8820624,NaN,NaN,NaN,NaN,NaN,NaN,NaN,NaN,NaN,NaN,NaN,NaN
1781378056.3820066,NaN,NaN,NaN,NaN,NaN,NaN,NaN,NaN,NaN,NaN,NaN,NaN
1781378056.8816912,NaN,NaN,NaN,NaN,NaN,NaN,NaN,NaN,NaN,NaN,NaN,NaN
1781378057.3817239,NaN,NaN,NaN,NaN,NaN,NaN,NaN,NaN,NaN,NaN,NaN,NaN
1781378057.8811307,NaN,NaN,NaN,NaN,NaN,NaN,NaN,NaN,NaN,NaN,NaN,NaN
1781378058.3825533,NaN,NaN,NaN,NaN,NaN,NaN,NaN,NaN,NaN,NaN,NaN,NaN
1781378058.8815465,NaN,NaN,NaN,NaN,NaN,NaN,NaN,NaN,NaN,NaN,NaN,NaN
1781378059.3812842,NaN,NaN,NaN,NaN,NaN,NaN,NaN,NaN,NaN,NaN,NaN,NaN
1781378059.8817127,NaN,NaN,NaN,NaN,NaN,NaN,NaN,NaN,NaN,NaN,NaN,NaN
1781378060.381657,NaN,NaN,NaN,NaN,NaN,NaN,NaN,NaN,NaN,NaN,NaN,NaN
1781378060.8844376,NaN,NaN,NaN,NaN,NaN,NaN,NaN,NaN,NaN,NaN,NaN,NaN
1781378061.3822136,NaN,NaN,NaN,NaN,NaN,NaN,NaN,NaN,NaN,NaN,NaN,NaN
1781378061.8813913,NaN,NaN,NaN,NaN,NaN,NaN,NaN,NaN,NaN,NaN,NaN,NaN
1781378062.3832364,NaN,NaN,NaN,NaN,NaN,NaN,NaN,NaN,NaN,NaN,NaN,NaN
1781378062.8828764,NaN,NaN,NaN,NaN,NaN,NaN,NaN,NaN,NaN,NaN,NaN,NaN
1781378063.3839,NaN,NaN,NaN,NaN,NaN,NaN,NaN,NaN,NaN,NaN,NaN,NaN
1781378063.882807,NaN,NaN,NaN,NaN,NaN,NaN,NaN,NaN,NaN,NaN,NaN,NaN
1781378064.3831682,NaN,NaN,NaN,NaN,NaN,NaN,NaN,NaN,NaN,NaN,NaN,NaN
1781378064.8816373,NaN,NaN,NaN,NaN,NaN,NaN,NaN,NaN,NaN,NaN,NaN,NaN
1781378065.382384,NaN,NaN,NaN,NaN,NaN,NaN,NaN,NaN,NaN,NaN,NaN,NaN
1781378065.883038,NaN,NaN,NaN,NaN,NaN,NaN,NaN,NaN,NaN,NaN,NaN,NaN
1781378066.3836179,NaN,NaN,NaN,NaN,NaN,NaN,NaN,NaN,NaN,NaN,NaN,NaN
1781378066.882732,NaN,NaN,NaN,NaN,NaN,NaN,NaN,NaN,NaN,NaN,NaN,NaN
1781378067.3859446,NaN,NaN,NaN,NaN,NaN,NaN,NaN,NaN,NaN,NaN,NaN,NaN
1781378067.8819067,NaN,NaN,NaN,NaN,NaN,NaN,NaN,NaN,NaN,NaN,NaN,NaN
1781378068.381367,NaN,NaN,NaN,NaN,NaN,NaN,NaN,NaN,NaN,NaN,NaN,NaN
1781378068.881304,NaN,NaN,NaN,NaN,NaN,NaN,NaN,NaN,NaN,NaN,NaN,NaN
1781378069.3815818,NaN,NaN,NaN,NaN,NaN,NaN,NaN,NaN,NaN,NaN,NaN,NaN
1781378069.8814678,NaN,NaN,NaN,NaN,NaN,NaN,NaN,NaN,NaN,NaN,NaN,NaN
1781378070.3841965,NaN,NaN,NaN,NaN,NaN,NaN,NaN,NaN,NaN,NaN,NaN,NaN
1781378070.8810272,NaN,NaN,NaN,NaN,NaN,NaN,NaN,NaN,NaN,NaN,NaN,NaN
1781378071.3810806,NaN,NaN,NaN,NaN,NaN,NaN,NaN,NaN,NaN,NaN,NaN,NaN
1781378071.8809981,NaN,NaN,NaN,NaN,NaN,NaN,NaN,NaN,NaN,NaN,NaN,NaN
1781378072.386134,NaN,NaN,NaN,NaN,NaN,NaN,NaN,NaN,NaN,NaN,NaN,NaN
1781378072.8813787,NaN,NaN,NaN,NaN,NaN,NaN,NaN,NaN,NaN,NaN,NaN,NaN
1781378073.3811762,NaN,NaN,NaN,NaN,NaN,NaN,NaN,NaN,NaN,NaN,NaN,NaN
1781378073.8845212,NaN,NaN,NaN,NaN,NaN,NaN,NaN,NaN,NaN,NaN,NaN,NaN
1781378074.381012,NaN,NaN,NaN,NaN,NaN,NaN,NaN,NaN,NaN,NaN,NaN,NaN
1781378074.8811467,NaN,NaN,NaN,NaN,NaN,NaN,NaN,NaN,NaN,NaN,NaN,NaN
1781378075.3811688,NaN,NaN,NaN,NaN,NaN,NaN,NaN,NaN,NaN,NaN,NaN,NaN
1781378075.881471,NaN,NaN,NaN,NaN,NaN,NaN,NaN,NaN,NaN,NaN,NaN,NaN
1781378076.3832796,NaN,NaN,NaN,NaN,NaN,NaN,NaN,NaN,NaN,NaN,NaN,NaN
1781378076.8841836,NaN,NaN,NaN,NaN,NaN,NaN,NaN,NaN,NaN,NaN,NaN,NaN
1781378077.3809078,NaN,NaN,NaN,NaN,NaN,NaN,NaN,NaN,NaN,NaN,NaN,NaN
1781378077.8821225,NaN,NaN,NaN,NaN,NaN,NaN,NaN,NaN,NaN,NaN,NaN,NaN
1781378078.384486,NaN,NaN,NaN,NaN,NaN,NaN,NaN,NaN,NaN,NaN,NaN,NaN
1781378078.8814886,NaN,NaN,NaN,NaN,NaN,NaN,NaN,NaN,NaN,NaN,NaN,NaN
1781378079.3816476,NaN,NaN,NaN,NaN,NaN,NaN,NaN,NaN,NaN,NaN,NaN,NaN
1781378079.881903,NaN,NaN,NaN,NaN,NaN,NaN,NaN,NaN,NaN,NaN,NaN,NaN
1781378080.382507,NaN,NaN,NaN,NaN,NaN,NaN,NaN,NaN,NaN,NaN,NaN,NaN
1781378080.8808396,NaN,NaN,NaN,NaN,NaN,NaN,NaN,NaN,NaN,NaN,NaN,NaN
1781378081.3810859,NaN,NaN,NaN,NaN,NaN,NaN,NaN,NaN,NaN,NaN,NaN,NaN
1781378081.8808906,NaN,NaN,NaN,NaN,NaN,NaN,NaN,NaN,NaN,NaN,NaN,NaN
1781378082.3849938,NaN,NaN,NaN,NaN,NaN,NaN,NaN,NaN,NaN,NaN,NaN,NaN
1781378082.8828413,NaN,NaN,NaN,NaN,NaN,NaN,NaN,NaN,NaN,NaN,NaN,NaN
1781378083.38365,NaN,NaN,NaN,NaN,NaN,NaN,NaN,NaN,NaN,NaN,NaN,NaN
1781378083.8817334,NaN,NaN,NaN,NaN,NaN,NaN,NaN,NaN,NaN,NaN,NaN,NaN
1781378084.3839822,NaN,NaN,NaN,NaN,NaN,NaN,NaN,NaN,NaN,NaN,NaN,NaN
1781378084.880987,NaN,NaN,NaN,NaN,NaN,NaN,NaN,NaN,NaN,NaN,NaN,NaN
1781378085.381005,NaN,NaN,NaN,NaN,NaN,NaN,NaN,NaN,NaN,NaN,NaN,NaN
1781378085.8807268,NaN,NaN,NaN,NaN,NaN,NaN,NaN,NaN,NaN,NaN,NaN,NaN
1781378086.3818972,NaN,NaN,NaN,NaN,NaN,NaN,NaN,NaN,NaN,NaN,NaN,NaN
1781378086.8807237,NaN,NaN,NaN,NaN,NaN,NaN,NaN,NaN,NaN,NaN,NaN,NaN
1781378087.3817813,NaN,NaN,NaN,NaN,NaN,NaN,NaN,NaN,NaN,NaN,NaN,NaN
1781378087.881891,NaN,NaN,NaN,NaN,NaN,NaN,NaN,NaN,NaN,NaN,NaN,NaN
1781378088.383135,NaN,NaN,NaN,NaN,NaN,NaN,NaN,NaN,NaN,NaN,NaN,NaN
1781378088.882935,NaN,NaN,NaN,NaN,NaN,NaN,NaN,NaN,NaN,NaN,NaN,NaN
1781378089.3811712,NaN,NaN,NaN,NaN,NaN,NaN,NaN,NaN,NaN,NaN,NaN,NaN
1781378089.8810892,NaN,NaN,NaN,NaN,NaN,NaN,NaN,NaN,NaN,NaN,NaN,NaN
1781378090.3838665,NaN,NaN,NaN,NaN,NaN,NaN,NaN,NaN,NaN,NaN,NaN,NaN
1781378090.881933,NaN,NaN,NaN,NaN,NaN,NaN,NaN,NaN,NaN,NaN,NaN,NaN
1781378091.381556,NaN,NaN,NaN,NaN,NaN,NaN,NaN,NaN,NaN,NaN,NaN,NaN
1781378091.8819559,NaN,NaN,NaN,NaN,NaN,NaN,NaN,NaN,NaN,NaN,NaN,NaN
1781378092.3816903,NaN,NaN,NaN,NaN,NaN,NaN,NaN,NaN,NaN,NaN,NaN,NaN
1781378092.8806822,NaN,NaN,NaN,NaN,NaN,NaN,NaN,NaN,NaN,NaN,NaN,NaN
1781378093.3811607,NaN,NaN,NaN,NaN,NaN,NaN,NaN,NaN,NaN,NaN,NaN,NaN
1781378093.8819149,NaN,NaN,NaN,NaN,NaN,NaN,NaN,NaN,NaN,NaN,NaN,NaN
1781378094.3809552,NaN,NaN,NaN,NaN,NaN,NaN,NaN,NaN,NaN,NaN,NaN,NaN
1781378094.882938,NaN,NaN,NaN,NaN,NaN,NaN,NaN,NaN,NaN,NaN,NaN,NaN
1781378095.381562,NaN,NaN,NaN,NaN,NaN,NaN,NaN,NaN,NaN,NaN,NaN,NaN
1781378095.8832376,NaN,NaN,NaN,NaN,NaN,NaN,NaN,NaN,NaN,NaN,NaN,NaN
1781378096.3811884,NaN,NaN,NaN,NaN,NaN,NaN,NaN,NaN,NaN,NaN,NaN,NaN
1781378096.8811593,NaN,NaN,NaN,NaN,NaN,NaN,NaN,NaN,NaN,NaN,NaN,NaN
1781378097.3829224,NaN,NaN,NaN,NaN,NaN,NaN,NaN,NaN,NaN,NaN,NaN,NaN
1781378097.8818324,NaN,NaN,NaN,NaN,NaN,NaN,NaN,NaN,NaN,NaN,NaN,NaN
1781378098.3813741,NaN,NaN,NaN,NaN,NaN,NaN,NaN,NaN,NaN,NaN,NaN,NaN
1781378098.8817039,NaN,NaN,NaN,NaN,NaN,NaN,NaN,NaN,NaN,NaN,NaN,NaN
1781378099.3818758,NaN,NaN,NaN,NaN,NaN,NaN,NaN,NaN,NaN,NaN,NaN,NaN
1781378099.881102,NaN,NaN,NaN,NaN,NaN,NaN,NaN,NaN,NaN,NaN,NaN,NaN
1781378100.3808172,NaN,NaN,NaN,NaN,NaN,NaN,NaN,NaN,NaN,NaN,NaN,NaN
1781378100.8818057,NaN,NaN,NaN,NaN,NaN,NaN,NaN,NaN,NaN,NaN,NaN,NaN
1781378101.382582,NaN,NaN,NaN,NaN,NaN,NaN,NaN,NaN,NaN,NaN,NaN,NaN
1781378101.8813632,NaN,NaN,NaN,NaN,NaN,NaN,NaN,NaN,NaN,NaN,NaN,NaN
1781378102.3821325,NaN,NaN,NaN,NaN,NaN,NaN,NaN,NaN,NaN,NaN,NaN,NaN
1781378102.8818517,NaN,NaN,NaN,NaN,NaN,NaN,NaN,NaN,NaN,NaN,NaN,NaN
1781378103.3821843,NaN,NaN,NaN,NaN,NaN,NaN,NaN,NaN,NaN,NaN,NaN,NaN
1781378103.8816717,NaN,NaN,NaN,NaN,NaN,NaN,NaN,NaN,NaN,NaN,NaN,NaN
1781378104.3810835,NaN,NaN,NaN,NaN,NaN,NaN,NaN,NaN,NaN,NaN,NaN,NaN
1781378104.880732,NaN,NaN,NaN,NaN,NaN,NaN,NaN,NaN,NaN,NaN,NaN,NaN
1781378105.3811126,NaN,NaN,NaN,NaN,NaN,NaN,NaN,NaN,NaN,NaN,NaN,NaN
1781378105.8821163,NaN,NaN,NaN,NaN,NaN,NaN,NaN,NaN,NaN,NaN,NaN,NaN
1781378106.3821554,NaN,NaN,NaN,NaN,NaN,NaN,NaN,NaN,NaN,NaN,NaN,NaN
1781378106.8806517,NaN,NaN,NaN,NaN,NaN,NaN,NaN,NaN,NaN,NaN,NaN,NaN
1781378107.3824203,NaN,NaN,NaN,NaN,NaN,NaN,NaN,NaN,NaN,NaN,NaN,NaN
1781378107.8810062,NaN,NaN,NaN,NaN,NaN,NaN,NaN,NaN,NaN,NaN,NaN,NaN
1781378108.3817039,NaN,NaN,NaN,NaN,NaN,NaN,NaN,NaN,NaN,NaN,NaN,NaN
1781378108.8816724,NaN,NaN,NaN,NaN,NaN,NaN,NaN,NaN,NaN,NaN,NaN,NaN
1781378109.3816326,NaN,NaN,NaN,NaN,NaN,NaN,NaN,NaN,NaN,NaN,NaN,NaN
1781378109.8843102,NaN,NaN,NaN,NaN,NaN,NaN,NaN,NaN,NaN,NaN,NaN,NaN
1781378110.3819864,NaN,NaN,NaN,NaN,NaN,NaN,NaN,NaN,NaN,NaN,NaN,NaN
1781378110.881571,NaN,NaN,NaN,NaN,NaN,NaN,NaN,NaN,NaN,NaN,NaN,NaN
1781378111.3819432,NaN,NaN,NaN,NaN,NaN,NaN,NaN,NaN,NaN,NaN,NaN,NaN
1781378131.248888,NaN,NaN,NaN,NaN,NaN,NaN,NaN,NaN,NaN,NaN,NaN,NaN
1781378131.7514968,NaN,NaN,NaN,NaN,NaN,NaN,NaN,NaN,NaN,NaN,NaN,NaN
1781378132.2498257,NaN,NaN,NaN,NaN,NaN,NaN,NaN,NaN,NaN,NaN,NaN,NaN
1781378132.7488632,NaN,NaN,NaN,NaN,NaN,NaN,NaN,NaN,NaN,NaN,NaN,NaN
1781378133.2488022,NaN,NaN,NaN,NaN,NaN,NaN,NaN,NaN,NaN,NaN,NaN,NaN
1781378133.7491734,NaN,NaN,NaN,NaN,NaN,NaN,NaN,NaN,NaN,NaN,NaN,NaN
1781378134.249873,NaN,NaN,NaN,NaN,NaN,NaN,NaN,NaN,NaN,NaN,NaN,NaN
1781378134.7496471,NaN,NaN,NaN,NaN,NaN,NaN,NaN,NaN,NaN,NaN,NaN,NaN
1781378135.2494102,NaN,NaN,NaN,NaN,NaN,NaN,NaN,NaN,NaN,NaN,NaN,NaN
1781378135.7495594,NaN,NaN,NaN,NaN,NaN,NaN,NaN,NaN,NaN,NaN,NaN,NaN
1781378136.2488494,NaN,NaN,NaN,NaN,NaN,NaN,NaN,NaN,NaN,NaN,NaN,NaN
1781378136.7488844,NaN,NaN,NaN,NaN,NaN,NaN,NaN,NaN,NaN,NaN,NaN,NaN
1781378137.2492917,NaN,NaN,NaN,NaN,NaN,NaN,NaN,NaN,NaN,NaN,NaN,NaN
1781378137.749211,NaN,NaN,NaN,NaN,NaN,NaN,NaN,NaN,NaN,NaN,NaN,NaN
1781378138.2494545,NaN,NaN,NaN,NaN,NaN,NaN,NaN,NaN,NaN,NaN,NaN,NaN
1781378138.7497282,NaN,NaN,NaN,NaN,NaN,NaN,NaN,NaN,NaN,NaN,NaN,NaN
1781378139.2492805,NaN,NaN,NaN,NaN,NaN,NaN,NaN,NaN,NaN,NaN,NaN,NaN
1781378139.752442,NaN,NaN,NaN,NaN,NaN,NaN,NaN,NaN,NaN,NaN,NaN,NaN
1781378140.2538931,NaN,NaN,NaN,NaN,NaN,NaN,NaN,NaN,NaN,NaN,NaN,NaN
1781378140.7645307,NaN,NaN,NaN,NaN,NaN,NaN,NaN,NaN,NaN,NaN,NaN,NaN
1781378141.2635071,NaN,NaN,NaN,NaN,NaN,NaN,NaN,NaN,NaN,NaN,NaN,NaN
1781378141.7543867,NaN,NaN,NaN,NaN,NaN,NaN,NaN,NaN,NaN,NaN,NaN,NaN
1781378142.2526474,NaN,NaN,NaN,NaN,NaN,NaN,NaN,NaN,NaN,NaN,NaN,NaN
1781378142.7535632,NaN,NaN,NaN,NaN,NaN,NaN,NaN,NaN,NaN,NaN,NaN,NaN
1781378143.2521284,NaN,NaN,NaN,NaN,NaN,NaN,NaN,NaN,NaN,NaN,NaN,NaN
1781378143.7494621,NaN,NaN,NaN,NaN,NaN,NaN,NaN,NaN,NaN,NaN,NaN,NaN
1781378144.2494934,NaN,NaN,NaN,NaN,NaN,NaN,NaN,NaN,NaN,NaN,NaN,NaN
1781378144.751632,NaN,NaN,NaN,NaN,NaN,NaN,NaN,NaN,NaN,NaN,NaN,NaN
1781378145.2542722,NaN,NaN,NaN,NaN,NaN,NaN,NaN,NaN,NaN,NaN,NaN,NaN
1781378145.7506125,NaN,NaN,NaN,NaN,NaN,NaN,NaN,NaN,NaN,NaN,NaN,NaN
1781378146.250602,NaN,NaN,NaN,NaN,NaN,NaN,NaN,NaN,NaN,NaN,NaN,NaN
1781378146.750536,NaN,NaN,NaN,NaN,NaN,NaN,NaN,NaN,NaN,NaN,NaN,NaN
1781378147.2511022,NaN,NaN,NaN,NaN,NaN,NaN,NaN,NaN,NaN,NaN,NaN,NaN
1781378147.7494674,NaN,NaN,NaN,NaN,NaN,NaN,NaN,NaN,NaN,NaN,NaN,NaN
1781378148.24929,NaN,NaN,NaN,NaN,NaN,NaN,NaN,NaN,NaN,NaN,NaN,NaN
1781378148.7541187,NaN,NaN,NaN,NaN,NaN,NaN,NaN,NaN,NaN,NaN,NaN,NaN
1781378149.2519472,NaN,NaN,NaN,NaN,NaN,NaN,NaN,NaN,NaN,NaN,NaN,NaN
1781378149.7523942,NaN,NaN,NaN,NaN,NaN,NaN,NaN,NaN,NaN,NaN,NaN,NaN
1781378150.2497668,NaN,NaN,NaN,NaN,NaN,NaN,NaN,NaN,NaN,NaN,NaN,NaN
1781378150.7519557,NaN,NaN,NaN,NaN,NaN,NaN,NaN,NaN,NaN,NaN,NaN,NaN
1781378151.249787,NaN,NaN,NaN,NaN,NaN,NaN,NaN,NaN,NaN,NaN,NaN,NaN
1781378151.7491384,NaN,NaN,NaN,NaN,NaN,NaN,NaN,NaN,NaN,NaN,NaN,NaN
1781378152.2638228,NaN,NaN,NaN,NaN,NaN,NaN,NaN,NaN,NaN,NaN,NaN,NaN
1781378152.749921,NaN,NaN,NaN,NaN,NaN,NaN,NaN,NaN,NaN,NaN,NaN,NaN
1781378153.2492597,NaN,NaN,NaN,NaN,NaN,NaN,NaN,NaN,NaN,NaN,NaN,NaN
1781378153.7511866,NaN,NaN,NaN,NaN,NaN,NaN,NaN,NaN,NaN,NaN,NaN,NaN
1781378154.2492688,NaN,NaN,NaN,NaN,NaN,NaN,NaN,NaN,NaN,NaN,NaN,NaN
1781378154.7500072,NaN,NaN,NaN,NaN,NaN,NaN,NaN,NaN,NaN,NaN,NaN,NaN
1781378155.2490087,NaN,NaN,NaN,NaN,NaN,NaN,NaN,NaN,NaN,NaN,NaN,NaN
1781378155.7493773,NaN,NaN,NaN,NaN,NaN,NaN,NaN,NaN,NaN,NaN,NaN,NaN
1781378156.2501166,NaN,NaN,NaN,NaN,NaN,NaN,NaN,NaN,NaN,NaN,NaN,NaN
1781378156.7493112,NaN,NaN,NaN,NaN,NaN,NaN,NaN,NaN,NaN,NaN,NaN,NaN
1781378157.2501876,NaN,NaN,NaN,NaN,NaN,NaN,NaN,NaN,NaN,NaN,NaN,NaN
1781378157.7494402,NaN,NaN,NaN,NaN,NaN,NaN,NaN,NaN,NaN,NaN,NaN,NaN
1781378158.2495122,NaN,NaN,NaN,NaN,NaN,NaN,NaN,NaN,NaN,NaN,NaN,NaN
1781378158.7509167,NaN,NaN,NaN,NaN,NaN,NaN,NaN,NaN,NaN,NaN,NaN,NaN
1781378159.2492168,NaN,NaN,NaN,NaN,NaN,NaN,NaN,NaN,NaN,NaN,NaN,NaN
1781378159.7514412,NaN,NaN,NaN,NaN,NaN,NaN,NaN,NaN,NaN,NaN,NaN,NaN
1781378160.249847,NaN,NaN,NaN,NaN,NaN,NaN,NaN,NaN,NaN,NaN,NaN,NaN
1781378160.7506168,NaN,NaN,NaN,NaN,NaN,NaN,NaN,NaN,NaN,NaN,NaN,NaN
1781378161.252669,NaN,NaN,NaN,NaN,NaN,NaN,NaN,NaN,NaN,NaN,NaN,NaN
1781378161.7492461,NaN,NaN,NaN,NaN,NaN,NaN,NaN,NaN,NaN,NaN,NaN,NaN
1781378162.2493088,NaN,NaN,NaN,NaN,NaN,NaN,NaN,NaN,NaN,NaN,NaN,NaN
1781378162.7495985,NaN,NaN,NaN,NaN,NaN,NaN,NaN,NaN,NaN,NaN,NaN,NaN
1781378163.2489638,NaN,NaN,NaN,NaN,NaN,NaN,NaN,NaN,NaN,NaN,NaN,NaN
1781378163.7503762,NaN,NaN,NaN,NaN,NaN,NaN,NaN,NaN,NaN,NaN,NaN,NaN
1781378164.2520015,NaN,NaN,NaN,NaN,NaN,NaN,NaN,NaN,NaN,NaN,NaN,NaN
1781378164.7495918,NaN,NaN,NaN,NaN,NaN,NaN,NaN,NaN,NaN,NaN,NaN,NaN
1781378165.249116,NaN,NaN,NaN,NaN,NaN,NaN,NaN,NaN,NaN,NaN,NaN,NaN
1781378165.7495344,NaN,NaN,NaN,NaN,NaN,NaN,NaN,NaN,NaN,NaN,NaN,NaN
1781378166.2500176,NaN,NaN,NaN,NaN,NaN,NaN,NaN,NaN,NaN,NaN,NaN,NaN
1781378166.7490966,NaN,NaN,NaN,NaN,NaN,NaN,NaN,NaN,NaN,NaN,NaN,NaN
1781378167.2493267,NaN,NaN,NaN,NaN,NaN,NaN,NaN,NaN,NaN,NaN,NaN,NaN
1781378167.749099,NaN,NaN,NaN,NaN,NaN,NaN,NaN,NaN,NaN,NaN,NaN,NaN
1781378168.2510011,NaN,NaN,NaN,NaN,NaN,NaN,NaN,NaN,NaN,NaN,NaN,NaN
1781378168.7500818,NaN,NaN,NaN,NaN,NaN,NaN,NaN,NaN,NaN,NaN,NaN,NaN
1781378169.250013,NaN,NaN,NaN,NaN,NaN,NaN,NaN,NaN,NaN,NaN,NaN,NaN
1781378169.7497861,NaN,NaN,NaN,NaN,NaN,NaN,NaN,NaN,NaN,NaN,NaN,NaN
1781378170.2496657,NaN,NaN,NaN,NaN,NaN,NaN,NaN,NaN,NaN,NaN,NaN,NaN
1781378170.7495062,NaN,NaN,NaN,NaN,NaN,NaN,NaN,NaN,NaN,NaN,NaN,NaN
1781378171.2508328,NaN,NaN,NaN,NaN,NaN,NaN,NaN,NaN,NaN,NaN,NaN,NaN
1781378171.7531753,NaN,NaN,NaN,NaN,NaN,NaN,NaN,NaN,NaN,NaN,NaN,NaN
1781378172.2510283,NaN,NaN,NaN,NaN,NaN,NaN,NaN,NaN,NaN,NaN,NaN,NaN
1781378172.751212,NaN,NaN,NaN,NaN,NaN,NaN,NaN,NaN,NaN,NaN,NaN,NaN
1781378173.249853,NaN,NaN,NaN,NaN,NaN,NaN,NaN,NaN,NaN,NaN,NaN,NaN
1781378173.7494705,NaN,NaN,NaN,NaN,NaN,NaN,NaN,NaN,NaN,NaN,NaN,NaN
1781378174.2511418,NaN,NaN,NaN,NaN,NaN,NaN,NaN,NaN,NaN,NaN,NaN,NaN
1781378174.7495365,NaN,NaN,NaN,NaN,NaN,NaN,NaN,NaN,NaN,NaN,NaN,NaN
1781378175.2503905,NaN,NaN,NaN,NaN,NaN,NaN,NaN,NaN,NaN,NaN,NaN,NaN
1781378175.7506208,NaN,NaN,NaN,NaN,NaN,NaN,NaN,NaN,NaN,NaN,NaN,NaN
1781378176.2512178,NaN,NaN,NaN,NaN,NaN,NaN,NaN,NaN,NaN,NaN,NaN,NaN
1781378176.7493596,NaN,NaN,NaN,NaN,NaN,NaN,NaN,NaN,NaN,NaN,NaN,NaN
1781378177.2500477,NaN,NaN,NaN,NaN,NaN,NaN,NaN,NaN,NaN,NaN,NaN,NaN
1781378177.7491324,NaN,NaN,NaN,NaN,NaN,NaN,NaN,NaN,NaN,NaN,NaN,NaN
1781378178.2494981,NaN,NaN,NaN,NaN,NaN,NaN,NaN,NaN,NaN,NaN,NaN,NaN
1781378178.7533514,NaN,NaN,NaN,NaN,NaN,NaN,NaN,NaN,NaN,NaN,NaN,NaN
1781378179.2505584,NaN,NaN,NaN,NaN,NaN,NaN,NaN,NaN,NaN,NaN,NaN,NaN
1781378179.751666,NaN,NaN,NaN,NaN,NaN,NaN,NaN,NaN,NaN,NaN,NaN,NaN
1781378180.2516932,NaN,NaN,NaN,NaN,NaN,NaN,NaN,NaN,NaN,NaN,NaN,NaN
1781378180.7499843,NaN,NaN,NaN,NaN,NaN,NaN,NaN,NaN,NaN,NaN,NaN,NaN
1781378181.2494597,NaN,NaN,NaN,NaN,NaN,NaN,NaN,NaN,NaN,NaN,NaN,NaN
1781378181.751291,NaN,NaN,NaN,NaN,NaN,NaN,NaN,NaN,NaN,NaN,NaN,NaN
1781378182.2503173,NaN,NaN,NaN,NaN,NaN,NaN,NaN,NaN,NaN,NaN,NaN,NaN
1781378182.749081,NaN,NaN,NaN,NaN,NaN,NaN,NaN,NaN,NaN,NaN,NaN,NaN
1781378183.2492695,NaN,NaN,NaN,NaN,NaN,NaN,NaN,NaN,NaN,NaN,NaN,NaN
1781378183.7495806,NaN,NaN,NaN,NaN,NaN,NaN,NaN,NaN,NaN,NaN,NaN,NaN
1781378184.250464,NaN,NaN,NaN,NaN,NaN,NaN,NaN,NaN,NaN,NaN,NaN,NaN
1781378184.749357,NaN,NaN,NaN,NaN,NaN,NaN,NaN,NaN,NaN,NaN,NaN,NaN
1781378185.2489493,NaN,NaN,NaN,NaN,NaN,NaN,NaN,NaN,NaN,NaN,NaN,NaN
1781378185.749107,NaN,NaN,NaN,NaN,NaN,NaN,NaN,NaN,NaN,NaN,NaN,NaN
1781378186.2498922,NaN,NaN,NaN,NaN,NaN,NaN,NaN,NaN,NaN,NaN,NaN,NaN
1781378186.7525854,NaN,NaN,NaN,NaN,NaN,NaN,NaN,NaN,NaN,NaN,NaN,NaN
1781378187.2506018,NaN,NaN,NaN,NaN,NaN,NaN,NaN,NaN,NaN,NaN,NaN,NaN
1781378187.7519133,NaN,NaN,NaN,NaN,NaN,NaN,NaN,NaN,NaN,NaN,NaN,NaN
1781378188.2511926,NaN,NaN,NaN,NaN,NaN,NaN,NaN,NaN,NaN,NaN,NaN,NaN
1781378188.7494755,NaN,NaN,NaN,NaN,NaN,NaN,NaN,NaN,NaN,NaN,NaN,NaN
1781378189.251698,NaN,NaN,NaN,NaN,NaN,NaN,NaN,NaN,NaN,NaN,NaN,NaN
1781378189.7498152,NaN,NaN,NaN,NaN,NaN,NaN,NaN,NaN,NaN,NaN,NaN,NaN
1781378190.2501097,NaN,NaN,NaN,NaN,NaN,NaN,NaN,NaN,NaN,NaN,NaN,NaN
1781378190.7488608,NaN,NaN,NaN,NaN,NaN,NaN,NaN,NaN,NaN,NaN,NaN,NaN
1781378191.2491627,NaN,NaN,NaN,NaN,NaN,NaN,NaN,NaN,NaN,NaN,NaN,NaN
1781378191.7500012,NaN,NaN,NaN,NaN,NaN,NaN,NaN,NaN,NaN,NaN,NaN,NaN
1781378192.249178,NaN,NaN,NaN,NaN,NaN,NaN,NaN,NaN,NaN,NaN,NaN,NaN
1781378192.7494838,NaN,NaN,NaN,NaN,NaN,NaN,NaN,NaN,NaN,NaN,NaN,NaN
1781378193.249735,NaN,NaN,NaN,NaN,NaN,NaN,NaN,NaN,NaN,NaN,NaN,NaN
1781378193.7498918,NaN,NaN,NaN,NaN,NaN,NaN,NaN,NaN,NaN,NaN,NaN,NaN
1781378194.2507231,NaN,NaN,NaN,NaN,NaN,NaN,NaN,NaN,NaN,NaN,NaN,NaN
1781378194.750956,NaN,NaN,NaN,NaN,NaN,NaN,NaN,NaN,NaN,NaN,NaN,NaN
1781378195.2511878,NaN,NaN,NaN,NaN,NaN,NaN,NaN,NaN,NaN,NaN,NaN,NaN
1781378195.7490325,NaN,NaN,NaN,NaN,NaN,NaN,NaN,NaN,NaN,NaN,NaN,NaN
1781378196.2501066,NaN,NaN,NaN,NaN,NaN,NaN,NaN,NaN,NaN,NaN,NaN,NaN
1781378196.7505581,NaN,NaN,NaN,NaN,NaN,NaN,NaN,NaN,NaN,NaN,NaN,NaN
1781378197.2531185,NaN,NaN,NaN,NaN,NaN,NaN,NaN,NaN,NaN,NaN,NaN,NaN
1781378197.749378,NaN,NaN,NaN,NaN,NaN,NaN,NaN,NaN,NaN,NaN,NaN,NaN
1781378198.252245,NaN,NaN,NaN,NaN,NaN,NaN,NaN,NaN,NaN,NaN,NaN,NaN
1781378198.750471,NaN,NaN,NaN,NaN,NaN,NaN,NaN,NaN,NaN,NaN,NaN,NaN
1781378199.250895,NaN,NaN,NaN,NaN,NaN,NaN,NaN,NaN,NaN,NaN,NaN,NaN
1781378199.7501853,NaN,NaN,NaN,NaN,NaN,NaN,NaN,NaN,NaN,NaN,NaN,NaN
1781378200.2498055,NaN,NaN,NaN,NaN,NaN,NaN,NaN,NaN,NaN,NaN,NaN,NaN
1781378200.7534199,NaN,NaN,NaN,NaN,NaN,NaN,NaN,NaN,NaN,NaN,NaN,NaN
1781378201.2496898,NaN,NaN,NaN,NaN,NaN,NaN,NaN,NaN,NaN,NaN,NaN,NaN
1781378201.752203,NaN,NaN,NaN,NaN,NaN,NaN,NaN,NaN,NaN,NaN,NaN,NaN
1781378202.252348,NaN,NaN,NaN,NaN,NaN,NaN,NaN,NaN,NaN,NaN,NaN,NaN
1781378202.7494032,NaN,NaN,NaN,NaN,NaN,NaN,NaN,NaN,NaN,NaN,NaN,NaN
1781378203.2509427,NaN,NaN,NaN,NaN,NaN,NaN,NaN,NaN,NaN,NaN,NaN,NaN
1781378203.751205,NaN,NaN,NaN,NaN,NaN,NaN,NaN,NaN,NaN,NaN,NaN,NaN
1781378204.2497857,NaN,NaN,NaN,NaN,NaN,NaN,NaN,NaN,NaN,NaN,NaN,NaN
1781378204.7496681,NaN,NaN,NaN,NaN,NaN,NaN,NaN,NaN,NaN,NaN,NaN,NaN
1781378205.2497504,NaN,NaN,NaN,NaN,NaN,NaN,NaN,NaN,NaN,NaN,NaN,NaN
1781378205.748931,NaN,NaN,NaN,NaN,NaN,NaN,NaN,NaN,NaN,NaN,NaN,NaN
1781378206.2488887,NaN,NaN,NaN,NaN,NaN,NaN,NaN,NaN,NaN,NaN,NaN,NaN
1781378206.7494712,NaN,NaN,NaN,NaN,NaN,NaN,NaN,NaN,NaN,NaN,NaN,NaN
1781378207.2496855,NaN,NaN,NaN,NaN,NaN,NaN,NaN,NaN,NaN,NaN,NaN,NaN
1781378207.7500796,NaN,NaN,NaN,NaN,NaN,NaN,NaN,NaN,NaN,NaN,NaN,NaN
1781378208.2499783,NaN,NaN,NaN,NaN,NaN,NaN,NaN,NaN,NaN,NaN,NaN,NaN
1781378208.7514482,NaN,NaN,NaN,NaN,NaN,NaN,NaN,NaN,NaN,NaN,NaN,NaN
1781378209.2498105,NaN,NaN,NaN,NaN,NaN,NaN,NaN,NaN,NaN,NaN,NaN,NaN
1781378209.7518892,NaN,NaN,NaN,NaN,NaN,NaN,NaN,NaN,NaN,NaN,NaN,NaN
1781378210.2490547,NaN,NaN,NaN,NaN,NaN,NaN,NaN,NaN,NaN,NaN,NaN,NaN
1781378210.7491202,NaN,NaN,NaN,NaN,NaN,NaN,NaN,NaN,NaN,NaN,NaN,NaN
1781378211.2507758,NaN,NaN,NaN,NaN,NaN,NaN,NaN,NaN,NaN,NaN,NaN,NaN
1781378211.7495623,NaN,NaN,NaN,NaN,NaN,NaN,NaN,NaN,NaN,NaN,NaN,NaN
1781378212.2545116,NaN,NaN,NaN,NaN,NaN,NaN,NaN,NaN,NaN,NaN,NaN,NaN
1781378212.749444,NaN,NaN,NaN,NaN,NaN,NaN,NaN,NaN,NaN,NaN,NaN,NaN
1781378213.2498753,NaN,NaN,NaN,NaN,NaN,NaN,NaN,NaN,NaN,NaN,NaN,NaN
1781378213.7515967,NaN,NaN,NaN,NaN,NaN,NaN,NaN,NaN,NaN,NaN,NaN,NaN
1781378214.2505488,NaN,NaN,NaN,NaN,NaN,NaN,NaN,NaN,NaN,NaN,NaN,NaN
1781378214.74988,NaN,NaN,NaN,NaN,NaN,NaN,NaN,NaN,NaN,NaN,NaN,NaN
1781378215.2508798,NaN,NaN,NaN,NaN,NaN,NaN,NaN,NaN,NaN,NaN,NaN,NaN
1781378215.7512512,NaN,NaN,NaN,NaN,NaN,NaN,NaN,NaN,NaN,NaN,NaN,NaN
1781378216.2504177,NaN,NaN,NaN,NaN,NaN,NaN,NaN,NaN,NaN,NaN,NaN,NaN
1781378216.7503414,NaN,NaN,NaN,NaN,NaN,NaN,NaN,NaN,NaN,NaN,NaN,NaN
1781378217.250157,NaN,NaN,NaN,NaN,NaN,NaN,NaN,NaN,NaN,NaN,NaN,NaN
1781378217.7500546,NaN,NaN,NaN,NaN,NaN,NaN,NaN,NaN,NaN,NaN,NaN,NaN
1781378218.2523012,NaN,NaN,NaN,NaN,NaN,NaN,NaN,NaN,NaN,NaN,NaN,NaN
1781378218.7500443,NaN,NaN,NaN,NaN,NaN,NaN,NaN,NaN,NaN,NaN,NaN,NaN
1781378219.250181,NaN,NaN,NaN,NaN,NaN,NaN,NaN,NaN,NaN,NaN,NaN,NaN
1781378219.7498121,NaN,NaN,NaN,NaN,NaN,NaN,NaN,NaN,NaN,NaN,NaN,NaN
1781378220.252775,NaN,NaN,NaN,NaN,NaN,NaN,NaN,NaN,NaN,NaN,NaN,NaN
1781378309.9749002,NaN,NaN,NaN,NaN,NaN,NaN,NaN,NaN,NaN,NaN,NaN,NaN
1781378310.4749224,NaN,NaN,NaN,NaN,NaN,NaN,NaN,NaN,NaN,NaN,NaN,NaN
1781378310.9752972,NaN,NaN,NaN,NaN,NaN,NaN,NaN,NaN,NaN,NaN,NaN,NaN
1781378311.47596,NaN,NaN,NaN,NaN,NaN,NaN,NaN,NaN,NaN,NaN,NaN,NaN
1781378311.9748507,NaN,NaN,NaN,NaN,NaN,NaN,NaN,NaN,NaN,NaN,NaN,NaN
1781378312.4748592,NaN,NaN,NaN,NaN,NaN,NaN,NaN,NaN,NaN,NaN,NaN,NaN
1781378312.9748306,NaN,NaN,NaN,NaN,NaN,NaN,NaN,NaN,NaN,NaN,NaN,NaN
1781378313.475477,NaN,NaN,NaN,NaN,NaN,NaN,NaN,NaN,NaN,NaN,NaN,NaN
1781378313.9750476,NaN,NaN,NaN,NaN,NaN,NaN,NaN,NaN,NaN,NaN,NaN,NaN
1781378314.4748733,NaN,NaN,NaN,NaN,NaN,NaN,NaN,NaN,NaN,NaN,NaN,NaN
1781378314.9748735,NaN,NaN,NaN,NaN,NaN,NaN,NaN,NaN,NaN,NaN,NaN,NaN
1781378315.4755337,NaN,NaN,NaN,NaN,NaN,NaN,NaN,NaN,NaN,NaN,NaN,NaN
1781378315.9753313,NaN,NaN,NaN,NaN,NaN,NaN,NaN,NaN,NaN,NaN,NaN,NaN
1781378316.4752374,NaN,NaN,NaN,NaN,NaN,NaN,NaN,NaN,NaN,NaN,NaN,NaN
1781378316.9753807,NaN,NaN,NaN,NaN,NaN,NaN,NaN,NaN,NaN,NaN,NaN,NaN
1781378317.4757228,NaN,NaN,NaN,NaN,NaN,NaN,NaN,NaN,NaN,NaN,NaN,NaN
1781378317.9752834,NaN,NaN,NaN,NaN,NaN,NaN,NaN,NaN,NaN,NaN,NaN,NaN
1781378318.4764168,NaN,NaN,NaN,NaN,NaN,NaN,NaN,NaN,NaN,NaN,NaN,NaN
1781378318.9813464,NaN,NaN,NaN,NaN,NaN,NaN,NaN,NaN,NaN,NaN,NaN,NaN
1781378319.4799767,NaN,NaN,NaN,NaN,NaN,NaN,NaN,NaN,NaN,NaN,NaN,NaN
1781378319.9797215,NaN,NaN,NaN,NaN,NaN,NaN,NaN,NaN,NaN,NaN,NaN,NaN
1781378320.4821992,NaN,NaN,NaN,NaN,NaN,NaN,NaN,NaN,NaN,NaN,NaN,NaN
1781378320.9771643,NaN,NaN,NaN,NaN,NaN,NaN,NaN,NaN,NaN,NaN,NaN,NaN
1781378321.4841883,NaN,NaN,NaN,NaN,NaN,NaN,NaN,NaN,NaN,NaN,NaN,NaN
1781378321.978522,NaN,NaN,NaN,NaN,NaN,NaN,NaN,NaN,NaN,NaN,NaN,NaN
1781378322.4753468,NaN,NaN,NaN,NaN,NaN,NaN,NaN,NaN,NaN,NaN,NaN,NaN
1781378322.9754326,NaN,NaN,NaN,NaN,NaN,NaN,NaN,NaN,NaN,NaN,NaN,NaN
1781378323.476796,NaN,NaN,NaN,NaN,NaN,NaN,NaN,NaN,NaN,NaN,NaN,NaN
1781378323.9767044,NaN,NaN,NaN,NaN,NaN,NaN,NaN,NaN,NaN,NaN,NaN,NaN
1781378324.4786756,NaN,NaN,NaN,NaN,NaN,NaN,NaN,NaN,NaN,NaN,NaN,NaN
1781378324.9786172,NaN,NaN,NaN,NaN,NaN,NaN,NaN,NaN,NaN,NaN,NaN,NaN
1781378325.4759493,NaN,NaN,NaN,NaN,NaN,NaN,NaN,NaN,NaN,NaN,NaN,NaN
1781378325.981175,NaN,NaN,NaN,NaN,NaN,NaN,NaN,NaN,NaN,NaN,NaN,NaN
1781378326.4764261,NaN,NaN,NaN,NaN,NaN,NaN,NaN,NaN,NaN,NaN,NaN,NaN
1781378326.9752855,NaN,NaN,NaN,NaN,NaN,NaN,NaN,NaN,NaN,NaN,NaN,NaN
1781378327.4778094,NaN,NaN,NaN,NaN,NaN,NaN,NaN,NaN,NaN,NaN,NaN,NaN
1781378327.9830825,NaN,NaN,NaN,NaN,NaN,NaN,NaN,NaN,NaN,NaN,NaN,NaN
1781378328.477116,NaN,NaN,NaN,NaN,NaN,NaN,NaN,NaN,NaN,NaN,NaN,NaN
1781378328.9773374,NaN,NaN,NaN,NaN,NaN,NaN,NaN,NaN,NaN,NaN,NaN,NaN
1781378329.4764512,NaN,NaN,NaN,NaN,NaN,NaN,NaN,NaN,NaN,NaN,NaN,NaN
1781378329.9766731,NaN,NaN,NaN,NaN,NaN,NaN,NaN,NaN,NaN,NaN,NaN,NaN
1781378330.4760733,NaN,NaN,NaN,NaN,NaN,NaN,NaN,NaN,NaN,NaN,NaN,NaN
1781378330.99078,NaN,NaN,NaN,NaN,NaN,NaN,NaN,NaN,NaN,NaN,NaN,NaN
1781378331.4912868,NaN,NaN,NaN,NaN,NaN,NaN,NaN,NaN,NaN,NaN,NaN,NaN
1781378331.98303,NaN,NaN,NaN,NaN,NaN,NaN,NaN,NaN,NaN,NaN,NaN,NaN
1781378332.4801455,NaN,NaN,NaN,NaN,NaN,NaN,NaN,NaN,NaN,NaN,NaN,NaN
1781378332.9792085,NaN,NaN,NaN,NaN,NaN,NaN,NaN,NaN,NaN,NaN,NaN,NaN
1781378333.4757268,NaN,NaN,NaN,NaN,NaN,NaN,NaN,NaN,NaN,NaN,NaN,NaN
1781378333.9765866,NaN,NaN,NaN,NaN,NaN,NaN,NaN,NaN,NaN,NaN,NaN,NaN
1781378334.476049,NaN,NaN,NaN,NaN,NaN,NaN,NaN,NaN,NaN,NaN,NaN,NaN
1781378334.9767995,NaN,NaN,NaN,NaN,NaN,NaN,NaN,NaN,NaN,NaN,NaN,NaN
1781378335.478059,NaN,NaN,NaN,NaN,NaN,NaN,NaN,NaN,NaN,NaN,NaN,NaN
1781378335.9758034,NaN,NaN,NaN,NaN,NaN,NaN,NaN,NaN,NaN,NaN,NaN,NaN
1781378336.478417,NaN,NaN,NaN,NaN,NaN,NaN,NaN,NaN,NaN,NaN,NaN,NaN
1781378336.9795127,NaN,NaN,NaN,NaN,NaN,NaN,NaN,NaN,NaN,NaN,NaN,NaN
1781378337.4766145,NaN,NaN,NaN,NaN,NaN,NaN,NaN,NaN,NaN,NaN,NaN,NaN
1781378337.9777057,NaN,NaN,NaN,NaN,NaN,NaN,NaN,NaN,NaN,NaN,NaN,NaN
1781378338.4781246,NaN,NaN,NaN,NaN,NaN,NaN,NaN,NaN,NaN,NaN,NaN,NaN
1781378338.9778228,NaN,NaN,NaN,NaN,NaN,NaN,NaN,NaN,NaN,NaN,NaN,NaN
1781378339.475366,NaN,NaN,NaN,NaN,NaN,NaN,NaN,NaN,NaN,NaN,NaN,NaN
1781378339.977425,NaN,NaN,NaN,NaN,NaN,NaN,NaN,NaN,NaN,NaN,NaN,NaN
1781378340.4771948,NaN,NaN,NaN,NaN,NaN,NaN,NaN,NaN,NaN,NaN,NaN,NaN
1781378340.9789174,NaN,NaN,NaN,NaN,NaN,NaN,NaN,NaN,NaN,NaN,NaN,NaN
1781378341.4757824,NaN,NaN,NaN,NaN,NaN,NaN,NaN,NaN,NaN,NaN,NaN,NaN
1781378341.9782,NaN,NaN,NaN,NaN,NaN,NaN,NaN,NaN,NaN,NaN,NaN,NaN
1781378342.4761212,NaN,NaN,NaN,NaN,NaN,NaN,NaN,NaN,NaN,NaN,NaN,NaN
1781378342.97715,NaN,NaN,NaN,NaN,NaN,NaN,NaN,NaN,NaN,NaN,NaN,NaN
1781378343.4807627,NaN,NaN,NaN,NaN,NaN,NaN,NaN,NaN,NaN,NaN,NaN,NaN
1781378343.9772713,NaN,NaN,NaN,NaN,NaN,NaN,NaN,NaN,NaN,NaN,NaN,NaN
1781378344.4768279,NaN,NaN,NaN,NaN,NaN,NaN,NaN,NaN,NaN,NaN,NaN,NaN
1781378344.9760659,NaN,NaN,NaN,NaN,NaN,NaN,NaN,NaN,NaN,NaN,NaN,NaN
1781378345.4757867,NaN,NaN,NaN,NaN,NaN,NaN,NaN,NaN,NaN,NaN,NaN,NaN
1781378345.9801376,-5.999999999999445,7.499999999999318,0.0,NaN,NaN,NaN,NaN,NaN,NaN,NaN,NaN,NaN
1781378346.4766145,-5.999999999999445,7.499999999999318,0.0,NaN,NaN,NaN,NaN,NaN,NaN,NaN,NaN,NaN
1781378346.978266,-5.999999999999445,7.499999999999318,0.0,NaN,NaN,NaN,NaN,NaN,NaN,NaN,NaN,NaN
1781378347.4813156,-5.999999999999445,7.499999999999318,0.0,NaN,NaN,NaN,NaN,NaN,NaN,NaN,NaN,NaN
1781378347.9779418,-5.999999999999445,7.499999999999318,0.0,NaN,NaN,NaN,NaN,NaN,NaN,NaN,NaN,NaN
1781378348.4779818,-5.999999999999445,7.499999999999318,0.0,NaN,NaN,NaN,NaN,NaN,NaN,NaN,NaN,NaN
1781378348.9823117,-5.999999999999445,7.499999999999318,0.0,NaN,NaN,NaN,NaN,NaN,NaN,NaN,NaN,NaN
1781378349.477081,-5.999999999999444,7.499999999999318,0.0,NaN,NaN,NaN,NaN,NaN,NaN,NaN,NaN,NaN
1781378349.9760292,-5.999999999999445,7.499999999999318,0.0,NaN,NaN,NaN,NaN,NaN,NaN,NaN,NaN,NaN
1781378350.4761097,-5.999999999999445,7.499999999999318,0.0,NaN,NaN,NaN,NaN,NaN,NaN,NaN,NaN,NaN
1781378350.9758625,-5.999999999999445,7.499999999999318,0.0,NaN,NaN,NaN,NaN,NaN,NaN,NaN,NaN,NaN
1781378351.4777877,-5.999999999999445,7.499999999999318,0.0,-5.999999999999445,8.49999999999816,0.0,NaN,NaN,NaN,NaN,NaN,NaN
1781378351.979497,-5.999999999999445,7.499999999999318,0.0,-5.999999999999445,8.49999999999816,0.0,NaN,NaN,NaN,NaN,NaN,NaN
1781378352.4798667,-5.999999999999445,7.499999999999318,0.0,-5.999999999999445,8.49999999999816,0.0,NaN,NaN,NaN,NaN,NaN,NaN
1781378352.980033,-5.999999999999444,7.499999999999318,0.0,-5.999999999999444,8.49999999999816,0.0,NaN,NaN,NaN,NaN,NaN,NaN
1781378353.4813075,-5.999999999999445,7.499999999999318,0.0,-5.999999999999445,8.49999999999816,0.0,NaN,NaN,NaN,NaN,NaN,NaN
1781378353.9757302,-5.999999999999445,7.499999999999318,0.0,-5.999999999999445,8.49999999999816,0.0,NaN,NaN,NaN,NaN,NaN,NaN
1781378354.4765522,-5.999999999999445,7.499999999999318,0.0,-5.999999999999445,8.49999999999816,0.0,NaN,NaN,NaN,NaN,NaN,NaN
1781378354.9815123,-5.999999999999445,7.499999999999318,0.0,-5.999999999999445,8.49999999999816,0.0,NaN,NaN,NaN,NaN,NaN,NaN
1781378355.478695,-5.999999999999445,7.499999999999318,0.0,-5.999999999999445,8.49999999999816,0.0,NaN,NaN,NaN,NaN,NaN,NaN
1781378355.9813523,-5.999999999999445,7.499999999999318,0.0,-5.999999999999445,8.49999999999816,0.0,NaN,NaN,NaN,NaN,NaN,NaN
1781378356.4770832,-5.999999999999444,7.499999999999318,0.0,-5.999999999999444,8.49999999999816,0.0,NaN,NaN,NaN,NaN,NaN,NaN
1781378356.9792829,-5.999999999999445,7.499999999999318,0.0,-5.999999999999445,8.49999999999816,0.0,NaN,NaN,NaN,NaN,NaN,NaN
1781378357.4779627,-5.999999999999445,7.499999999999318,0.0,-5.999999999999445,8.49999999999816,0.0,NaN,NaN,NaN,NaN,NaN,NaN
1781378357.9779696,-5.999999999999445,7.499999999999318,0.0,-5.999999999999445,8.49999999999816,0.0,-6.9999999999985665,7.499999999999318,0.0,NaN,NaN,NaN
1781378358.478619,-5.999999999999445,7.499999999999318,0.0,-5.999999999999445,8.49999999999816,0.0,-6.9999999999985665,7.499999999999318,0.0,NaN,NaN,NaN
1781378358.974992,-5.999999999999445,7.499999999999318,0.0,-5.999999999999445,8.49999999999816,0.0,-6.999999999998566,7.499999999999318,0.0,NaN,NaN,NaN
1781378359.4778953,-5.999999999999444,7.499999999999318,0.0,-5.999999999999444,8.49999999999816,0.0,-6.999999999998566,7.499999999999318,0.0,NaN,NaN,NaN
1781378359.978372,-5.999999999999445,7.499999999999318,0.0,-5.999999999999445,8.49999999999816,0.0,-6.9999999999985665,7.499999999999318,0.0,NaN,NaN,NaN
1781378360.4766765,-5.999999999999445,7.499999999999318,0.0,-5.999999999999445,8.49999999999816,0.0,-6.999999999998566,7.499999999999318,0.0,NaN,NaN,NaN
1781378360.9763176,-5.999999999999445,7.499999999999318,0.0,-5.999999999999445,8.49999999999816,0.0,-6.9999999999985665,7.499999999999318,0.0,NaN,NaN,NaN
1781378361.4756267,-5.999999999999445,7.499999999999318,0.0,-5.999999999999445,8.49999999999816,0.0,-6.9999999999985665,7.499999999999318,0.0,NaN,NaN,NaN
1781378361.9772112,-5.999999999999444,7.499999999999318,0.0,-5.999999999999444,8.49999999999816,0.0,-6.999999999998566,7.499999999999318,0.0,NaN,NaN,NaN
1781378362.479719,-5.999999999999445,7.499999999999318,0.0,-5.999999999999445,8.49999999999816,0.0,-6.9999999999985665,7.499999999999318,0.0,NaN,NaN,NaN
1781378362.975352,-5.999999999999445,7.499999999999318,0.0,-5.999999999999445,8.49999999999816,0.0,-6.9999999999985665,7.499999999999318,0.0,NaN,NaN,NaN
1781378363.4765236,-5.999999999999444,7.499999999999318,0.0,-5.999999999999444,8.49999999999816,0.0,-6.999999999998566,7.499999999999318,0.0,NaN,NaN,NaN
1781378363.9774187,-5.999999999999445,7.499999999999318,0.0,-5.999999999999445,8.49999999999816,0.0,-6.9999999999985665,7.499999999999318,0.0,NaN,NaN,NaN
1781378364.4774826,-5.999999999999445,7.499999999999318,0.0,-5.999999999999445,8.49999999999816,0.0,-6.9999999999985665,7.499999999999318,0.0,NaN,NaN,NaN
1781378364.9755406,-5.999999999999444,7.499999999999318,0.0,-5.999999999999444,8.49999999999816,0.0,-6.999999999998566,7.499999999999318,0.0,NaN,NaN,NaN
1781378365.4757643,-5.999999999999445,7.499999999999318,0.0,-5.999999999999445,8.49999999999816,0.0,-6.999999999998566,7.499999999999318,0.0,NaN,NaN,NaN
1781378365.9772444,-5.999999999999445,7.499999999999318,0.0,-5.999999999999445,8.49999999999816,0.0,-6.9999999999985665,7.499999999999318,0.0,NaN,NaN,NaN
1781378366.4761665,-5.999999999999445,7.499999999999318,0.0,-5.999999999999444,8.49999999999816,0.0,-6.9999999999985665,7.499999999999318,0.0,NaN,NaN,NaN
1781378366.975268,-5.999999999999445,7.499999999999318,0.0,-5.999999999999445,8.49999999999816,0.0,-6.999999999998566,7.499999999999318,0.0,NaN,NaN,NaN
1781378367.4756596,-5.999999999999445,7.499999999999318,0.0,-5.999999999999445,8.49999999999816,0.0,-6.9999999999985665,7.499999999999318,0.0,NaN,NaN,NaN
1781378367.9802618,-5.999999999999445,7.499999999999318,0.0,-5.999999999999445,8.49999999999816,0.0,-6.9999999999985665,7.499999999999318,0.0,NaN,NaN,NaN
1781378368.4766195,-5.999999999999444,7.499999999999318,0.0,-5.999999999999444,8.49999999999816,0.0,-6.999999999998566,7.499999999999318,0.0,NaN,NaN,NaN
1781378368.9756176,-5.999999999999445,7.499999999999318,0.0,-5.999999999999445,8.49999999999816,0.0,-6.999999999998566,7.499999999999318,0.0,NaN,NaN,NaN
1781378369.4784942,-5.999999999999445,7.499999999999318,0.0,-5.999999999999445,8.49999999999816,0.0,-6.9999999999985665,7.499999999999318,0.0,NaN,NaN,NaN
1781378369.976358,-5.999999999999444,7.499999999999318,0.0,-5.999999999999444,8.49999999999816,0.0,-6.999999999998566,7.499999999999318,0.0,NaN,NaN,NaN
1781378370.476127,-5.999999999999445,7.499999999999318,0.0,-5.999999999999445,8.49999999999816,0.0,-6.999999999998566,7.499999999999318,0.0,NaN,NaN,NaN
1781378370.9785523,-5.999999999999445,7.499999999999318,0.0,-5.999999999999445,8.49999999999816,0.0,-6.9999999999985665,7.499999999999318,0.0,NaN,NaN,NaN
1781378371.476204,-5.999999999999444,7.499999999999318,0.0,-5.999999999999445,8.49999999999816,0.0,-6.9999999999985665,7.499999999999318,0.0,NaN,NaN,NaN
1781378371.9749522,-5.999999999999445,7.499999999999318,0.0,-5.999999999999445,8.49999999999816,0.0,-6.999999999998566,7.499999999999318,0.0,NaN,NaN,NaN
1781378372.475684,-5.999999999999445,7.499999999999318,0.0,-5.999999999999445,8.49999999999816,0.0,-6.9999999999985665,7.499999999999318,0.0,NaN,NaN,NaN
1781378372.97693,-5.999999999999445,7.499999999999318,0.0,-5.999999999999445,8.49999999999816,0.0,-6.9999999999985665,7.499999999999318,0.0,NaN,NaN,NaN
1781378373.475963,-5.999999999999445,7.499999999999318,0.0,-5.999999999999445,8.49999999999816,0.0,-6.999999999998566,7.499999999999318,0.0,NaN,NaN,NaN
1781378373.9773958,-5.999999999999445,7.499999999999318,0.0,-5.999999999999445,8.49999999999816,0.0,-6.9999999999985665,7.499999999999318,0.0,NaN,NaN,NaN
1781378374.4781423,-5.999999999999445,7.499999999999318,0.0,-5.999999999999445,8.49999999999816,0.0,-6.9999999999985665,7.499999999999318,0.0,NaN,NaN,NaN
1781378374.9762337,-5.999999999999445,7.499999999999318,0.0,-5.999999999999445,8.49999999999816,0.0,-6.999999999998566,7.499999999999318,0.0,NaN,NaN,NaN
1781378375.477094,-5.999999999999445,7.499999999999318,0.0,-5.999999999999445,8.49999999999816,0.0,-6.9999999999985665,7.499999999999318,0.0,NaN,NaN,NaN
1781378375.976716,-5.999999999999445,7.499999999999318,0.0,-5.999999999999445,8.49999999999816,0.0,-6.9999999999985665,7.499999999999318,0.0,NaN,NaN,NaN
1781378376.4754875,-5.999999999999445,7.499999999999318,0.0,-5.999999999999445,8.49999999999816,0.0,-6.9999999999985665,7.499999999999318,0.0,NaN,NaN,NaN
1781378376.9754121,-5.999999999999445,7.499999999999318,0.0,-5.999999999999445,8.49999999999816,0.0,-6.9999999999985665,7.499999999999318,0.0,NaN,NaN,NaN
1781378377.4784367,-5.999999999999444,7.499999999999318,0.0,-5.999999999999444,8.49999999999816,0.0,-6.999999999998566,7.499999999999318,0.0,NaN,NaN,NaN
1781378377.9790392,-5.999999999999445,7.499999999999318,0.0,-5.999999999999445,8.49999999999816,0.0,-6.999999999998566,7.499999999999318,0.0,NaN,NaN,NaN
1781378378.4772341,-5.999999999999445,7.499999999999318,0.0,-5.999999999999445,8.49999999999816,0.0,-6.9999999999985665,7.499999999999318,0.0,NaN,NaN,NaN
1781378378.9769607,-5.999999999999445,7.499999999999318,0.0,-5.999999999999445,8.49999999999816,0.0,-6.9999999999985665,7.499999999999318,0.0,NaN,NaN,NaN
1781378379.48189,-5.999999999999445,7.499999999999318,0.0,-5.999999999999445,8.49999999999816,0.0,-6.999999999998566,7.499999999999318,0.0,NaN,NaN,NaN
1781378379.9761956,-5.999999999999445,7.499999999999318,0.0,-5.999999999999445,8.49999999999816,0.0,-6.9999999999985665,7.499999999999318,0.0,NaN,NaN,NaN
1781378380.4791033,-5.999999999999445,7.499999999999318,0.0,-5.999999999999445,8.49999999999816,0.0,-6.9999999999985665,7.499999999999318,0.0,NaN,NaN,NaN
1781378380.9752998,-5.999999999999444,7.499999999999318,0.0,-5.999999999999444,8.49999999999816,0.0,-6.999999999998566,7.499999999999318,0.0,NaN,NaN,NaN
1781378381.4790814,-5.999999999999445,7.499999999999318,0.0,-5.999999999999445,8.49999999999816,0.0,-6.999999999998566,7.499999999999318,0.0,NaN,NaN,NaN
1781378381.9754841,-5.999999999999445,7.499999999999318,0.0,-5.999999999999445,8.49999999999816,0.0,-6.9999999999985665,7.499999999999318,0.0,NaN,NaN,NaN
1781378382.4785378,-5.999999999999445,7.499999999999318,0.0,-5.999999999999445,8.49999999999816,0.0,-6.9999999999985665,7.499999999999318,0.0,NaN,NaN,NaN
1781378382.9759192,-5.999999999999445,7.499999999999318,0.0,-5.999999999999445,8.49999999999816,0.0,-6.9999999999985665,7.499999999999318,0.0,NaN,NaN,NaN
1781378383.4779356,-5.999999999999445,7.499999999999318,0.0,-5.999999999999445,8.49999999999816,0.0,-6.9999999999985665,7.499999999999318,0.0,NaN,NaN,NaN
1781378383.9769611,-5.999999999999445,7.499999999999318,0.0,-5.999999999999445,8.49999999999816,0.0,-6.999999999998566,7.499999999999318,0.0,NaN,NaN,NaN
1781378384.4795358,-5.999999999999445,7.499999999999318,0.0,-5.999999999999445,8.49999999999816,0.0,-6.9999999999985665,7.499999999999318,0.0,NaN,NaN,NaN
1781378384.980601,-5.999999999999445,7.499999999999318,0.0,-5.999999999999445,8.49999999999816,0.0,-6.9999999999985665,7.499999999999318,0.0,NaN,NaN,NaN
1781378385.4775586,-5.999999999999445,7.499999999999318,0.0,-5.999999999999445,8.49999999999816,0.0,-6.9999999999985665,7.499999999999318,0.0,NaN,NaN,NaN
1781378385.9764674,-5.999999999999445,7.499999999999318,0.0,-5.999999999999445,8.49999999999816,0.0,-6.9999999999985665,7.499999999999318,0.0,NaN,NaN,NaN
1781378386.47587,-5.999999999999444,7.499999999999318,0.0,-5.999999999999444,8.49999999999816,0.0,-6.999999999998566,7.499999999999318,0.0,NaN,NaN,NaN
1781378386.976837,-5.999999999999445,7.499999999999318,0.0,-5.999999999999445,8.49999999999816,0.0,-6.999999999998566,7.499999999999318,0.0,NaN,NaN,NaN
1781378387.4763436,-5.999999999999445,7.499999999999318,0.0,-5.999999999999445,8.49999999999816,0.0,-6.9999999999985665,7.499999999999318,0.0,NaN,NaN,NaN
1781378387.9786627,-5.999999999999445,7.499999999999318,0.0,-5.999999999999445,8.49999999999816,0.0,-6.9999999999985665,7.499999999999318,0.0,NaN,NaN,NaN
1781378388.475486,-5.999999999999445,7.499999999999318,0.0,-5.999999999999445,8.49999999999816,0.0,-6.999999999998566,7.499999999999318,0.0,NaN,NaN,NaN
1781378388.9759128,-5.999999999999445,7.499999999999318,0.0,-5.999999999999445,8.49999999999816,0.0,-6.9999999999985665,7.499999999999318,0.0,NaN,NaN,NaN
1781378389.4775825,-5.999999999999445,7.499999999999318,0.0,-5.999999999999445,8.49999999999816,0.0,-6.9999999999985665,7.499999999999318,0.0,NaN,NaN,NaN
1781378389.9759238,-5.999999999999445,7.499999999999318,0.0,-5.999999999999444,8.49999999999816,0.0,-6.999999999998566,7.499999999999318,0.0,NaN,NaN,NaN
1781378390.4778383,-5.999999999999445,7.499999999999318,0.0,-5.999999999999445,8.49999999999816,0.0,-6.999999999998566,7.499999999999318,0.0,NaN,NaN,NaN
1781378390.9769802,-5.999999999999445,7.499999999999318,0.0,-5.999999999999445,8.49999999999816,0.0,-6.9999999999985665,7.499999999999318,0.0,NaN,NaN,NaN
1781378391.4778807,-5.999999999999445,7.499999999999318,0.0,-5.999999999999445,8.49999999999816,0.0,-6.9999999999985665,7.499999999999318,0.0,NaN,NaN,NaN
1781378391.9762595,-5.999999999999445,7.499999999999318,0.0,-5.999999999999445,8.49999999999816,0.0,-6.9999999999985665,7.499999999999318,0.0,NaN,NaN,NaN
1781378392.475525,-5.999999999999445,7.499999999999318,0.0,-5.999999999999445,8.49999999999816,0.0,-6.9999999999985665,7.499999999999318,0.0,NaN,NaN,NaN
1781378392.977172,-5.999999999999444,7.499999999999318,0.0,-5.999999999999445,8.49999999999816,0.0,-6.9999999999985665,7.499999999999318,0.0,NaN,NaN,NaN
1781378393.4787815,-5.999999999999444,7.499999999999318,0.0,-5.999999999999444,8.49999999999816,0.0,-6.999999999998566,7.499999999999318,0.0,NaN,NaN,NaN
1781378393.9758658,-5.999999999999445,7.499999999999318,0.0,-5.999999999999445,8.49999999999816,0.0,-6.999999999998566,7.499999999999318,0.0,NaN,NaN,NaN
1781378394.4777508,-5.999999999999445,7.499999999999318,0.0,-5.999999999999445,8.49999999999816,0.0,-6.9999999999985665,7.499999999999318,0.0,NaN,NaN,NaN
1781378394.9763718,-5.999999999999445,7.499999999999318,0.0,-5.999999999999445,8.49999999999816,0.0,-6.9999999999985665,7.499999999999318,0.0,NaN,NaN,NaN
1781378395.4783795,-5.999999999999444,7.499999999999318,0.0,-5.999999999999444,8.49999999999816,0.0,-6.999999999998566,7.499999999999318,0.0,NaN,NaN,NaN
1781378395.9772398,-5.999999999999445,7.499999999999318,0.0,-5.999999999999445,8.49999999999816,0.0,-6.999999999998566,7.499999999999318,0.0,NaN,NaN,NaN
1781378396.4800787,-5.999999999999445,7.499999999999318,0.0,-5.999999999999445,8.49999999999816,0.0,-6.9999999999985665,7.499999999999318,0.0,NaN,NaN,NaN
1781378396.9759247,-5.999999999999444,7.499999999999318,0.0,-5.999999999999444,8.49999999999816,0.0,-6.999999999998566,7.499999999999318,0.0,NaN,NaN,NaN
1781378397.476569,-5.999999999999445,7.499999999999318,0.0,-5.999999999999445,8.49999999999816,0.0,-6.9999999999985665,7.499999999999318,0.0,NaN,NaN,NaN
1781378397.9758425,-5.999999999999445,7.499999999999318,0.0,-5.999999999999445,8.49999999999816,0.0,-6.9999999999985665,7.499999999999318,0.0,NaN,NaN,NaN
1781378398.4755301,-5.999999999999444,7.499999999999318,0.0,-5.999999999999444,8.49999999999816,0.0,-6.999999999998566,7.499999999999318,0.0,NaN,NaN,NaN
1781378398.975315,-5.999999999999445,7.499999999999318,0.0,-5.999999999999445,8.49999999999816,0.0,-6.9999999999985665,7.499999999999318,0.0,NaN,NaN,NaN
1781378399.4765134,-5.999999999999444,7.499999999999318,0.0,-5.999999999999444,8.49999999999816,0.0,-6.999999999998566,7.499999999999318,0.0,NaN,NaN,NaN
1781378399.9768467,-5.999999999999445,7.499999999999318,0.0,-5.999999999999445,8.49999999999816,0.0,-6.9999999999985665,7.499999999999318,0.0,NaN,NaN,NaN
1781378400.4794545,-5.999999999999445,7.499999999999318,0.0,-5.999999999999445,8.49999999999816,0.0,-6.9999999999985665,7.499999999999318,0.0,NaN,NaN,NaN
1781378400.9798143,-5.999999999999444,7.499999999999318,0.0,-5.999999999999444,8.49999999999816,0.0,-6.999999999998566,7.499999999999318,0.0,NaN,NaN,NaN
1781378401.477015,-5.999999999999445,7.499999999999318,0.0,-5.999999999999445,8.49999999999816,0.0,-6.999999999998566,7.499999999999318,0.0,NaN,NaN,NaN
1781378401.976804,-5.999999999999445,7.499999999999318,0.0,-5.999999999999445,8.49999999999816,0.0,-6.9999999999985665,7.499999999999318,0.0,NaN,NaN,NaN
1781378402.4759026,-5.999999999999445,7.499999999999318,0.0,-5.999999999999445,8.49999999999816,0.0,-6.9999999999985665,7.499999999999318,0.0,NaN,NaN,NaN
1781378402.9759915,-5.999999999999445,7.499999999999318,0.0,-5.999999999999445,8.49999999999816,0.0,-6.999999999998566,7.499999999999318,0.0,NaN,NaN,NaN
1781378403.48491,-5.999999999999445,7.499999999999318,0.0,-5.999999999999445,8.49999999999816,0.0,-6.9999999999985665,7.499999999999318,0.0,NaN,NaN,NaN
1781378403.9789593,-5.999999999999445,7.499999999999318,0.0,-5.999999999999445,8.49999999999816,0.0,-6.9999999999985665,7.499999999999318,0.0,NaN,NaN,NaN
1781378404.4755945,-5.999999999999444,7.499999999999318,0.0,-5.999999999999444,8.49999999999816,0.0,-6.999999999998566,7.499999999999318,0.0,NaN,NaN,NaN
1781378404.9819736,-5.999999999999445,7.499999999999318,0.0,-5.999999999999445,8.49999999999816,0.0,-6.9999999999985665,7.499999999999318,0.0,NaN,NaN,NaN
1781378405.4769635,-5.999999999999445,7.499999999999318,0.0,-5.999999999999445,8.49999999999816,0.0,-6.9999999999985665,7.499999999999318,0.0,NaN,NaN,NaN
1781378405.9762812,-5.999999999999445,7.499999999999318,0.0,-5.999999999999445,8.49999999999816,0.0,-6.999999999998566,7.499999999999318,0.0,NaN,NaN,NaN
1781378406.4765778,-5.999999999999445,7.499999999999318,0.0,-5.999999999999445,8.49999999999816,0.0,-6.9999999999985665,7.499999999999318,0.0,NaN,NaN,NaN
1781378406.9772737,-5.999999999999445,7.499999999999318,0.0,-5.999999999999445,8.49999999999816,0.0,-6.999999999998566,7.499999999999318,0.0,NaN,NaN,NaN
1781378407.4755628,-5.999999999999445,7.499999999999318,0.0,-5.999999999999445,8.49999999999816,0.0,-6.9999999999985665,7.499999999999318,0.0,NaN,NaN,NaN
1781378407.9754827,-5.999999999999445,7.499999999999318,0.0,-5.999999999999445,8.49999999999816,0.0,-6.9999999999985665,7.499999999999318,0.0,NaN,NaN,NaN
1781378408.4858034,-5.999999999999445,7.499999999999318,0.0,-5.999999999999445,8.49999999999816,0.0,-6.999999999998566,7.499999999999318,0.0,NaN,NaN,NaN
1781378408.9768095,-5.999999999999445,7.499999999999318,0.0,-5.999999999999445,8.49999999999816,0.0,-6.9999999999985665,7.499999999999318,0.0,NaN,NaN,NaN
1781378409.4765995,-5.999999999999445,7.499999999999318,0.0,-5.999999999999445,8.49999999999816,0.0,-6.9999999999985665,7.499999999999318,0.0,NaN,NaN,NaN
1781378409.9778965,-5.999999999999445,7.499999999999318,0.0,-5.999999999999445,8.49999999999816,0.0,-6.9999999999985665,7.499999999999318,0.0,NaN,NaN,NaN
1781378410.478521,-5.999999999999445,7.499999999999318,0.0,-5.999999999999445,8.49999999999816,0.0,-6.999999999998566,7.499999999999318,0.0,NaN,NaN,NaN
1781378410.9763577,-5.999999999999445,7.499999999999318,0.0,-5.999999999999445,8.49999999999816,0.0,-6.9999999999985665,7.499999999999318,0.0,NaN,NaN,NaN
1781378411.4753377,-5.999999999999444,7.499999999999318,0.0,-5.999999999999444,8.49999999999816,0.0,-6.999999999998566,7.499999999999318,0.0,NaN,NaN,NaN
1781378411.97583,-5.999999999999445,7.499999999999318,0.0,-5.999999999999445,8.49999999999816,0.0,-6.9999999999985665,7.499999999999318,0.0,NaN,NaN,NaN
1781378412.4755006,-5.999999999999445,7.499999999999318,0.0,-5.999999999999445,8.49999999999816,0.0,-6.9999999999985665,7.499999999999318,0.0,NaN,NaN,NaN
1781378412.9777277,-5.999999999999444,7.499999999999318,0.0,-5.999999999999444,8.49999999999816,0.0,-6.999999999998566,7.499999999999318,0.0,NaN,NaN,NaN
1781378413.475979,-5.999999999999445,7.499999999999318,0.0,-5.999999999999445,8.49999999999816,0.0,-6.999999999998566,7.499999999999318,0.0,NaN,NaN,NaN
1781378413.9756064,-5.999999999999445,7.499999999999318,0.0,-5.999999999999445,8.49999999999816,0.0,-6.9999999999985665,7.499999999999318,0.0,NaN,NaN,NaN
1781378414.4763324,-5.999999999999444,7.499999999999318,0.0,-5.999999999999444,8.49999999999816,0.0,-6.999999999998566,7.499999999999318,0.0,NaN,NaN,NaN
1781378414.9771864,-5.999999999999445,7.499999999999318,0.0,-5.999999999999445,8.49999999999816,0.0,-6.999999999998566,7.499999999999318,0.0,NaN,NaN,NaN
1781378415.4757907,-5.999999999999445,7.499999999999318,0.0,-5.999999999999445,8.49999999999816,0.0,-6.9999999999985665,7.499999999999318,0.0,NaN,NaN,NaN
1781378415.9789777,-5.999999999999445,7.499999999999318,0.0,-5.999999999999445,8.49999999999816,0.0,-6.9999999999985665,7.499999999999318,0.0,NaN,NaN,NaN
1781378416.4755251,-5.999999999999445,7.499999999999318,0.0,-5.999999999999445,8.49999999999816,0.0,-6.999999999998566,7.499999999999318,0.0,NaN,NaN,NaN
1781378416.9755223,-5.999999999999445,7.499999999999318,0.0,-5.999999999999445,8.49999999999816,0.0,-6.9999999999985665,7.499999999999318,0.0,NaN,NaN,NaN
1781378417.4762554,-5.999999999999444,7.499999999999318,0.0,-5.999999999999444,8.49999999999816,0.0,-6.999999999998566,7.499999999999318,0.0,NaN,NaN,NaN
1781378417.9762814,-5.999999999999445,7.499999999999318,0.0,-5.999999999999445,8.49999999999816,0.0,-6.999999999998566,7.499999999999318,0.0,NaN,NaN,NaN
1781378418.4773386,-5.999999999999445,7.499999999999318,0.0,-5.999999999999445,8.49999999999816,0.0,-6.9999999999985665,7.499999999999318,0.0,NaN,NaN,NaN
1781378418.976834,-5.999999999999445,7.499999999999318,0.0,-5.999999999999445,8.49999999999816,0.0,-6.9999999999985665,7.499999999999318,0.0,NaN,NaN,NaN
1781378419.4826517,-5.999999999999444,7.499999999999318,0.0,-5.999999999999444,8.49999999999816,0.0,-6.999999999998566,7.499999999999318,0.0,NaN,NaN,NaN
1781378419.9760733,-5.999999999999445,7.499999999999318,0.0,-5.999999999999445,8.49999999999816,0.0,-6.9999999999985665,7.499999999999318,0.0,NaN,NaN,NaN
1781378420.477731,-5.999999999999445,7.499999999999318,0.0,-5.999999999999445,8.49999999999816,0.0,-6.9999999999985665,7.499999999999318,0.0,NaN,NaN,NaN
1781378420.9765742,-5.999999999999445,7.499999999999318,0.0,-5.999999999999445,8.49999999999816,0.0,-6.999999999998566,7.499999999999318,0.0,NaN,NaN,NaN
1781378421.475618,-5.999999999999445,7.499999999999318,0.0,-5.999999999999445,8.49999999999816,0.0,-6.9999999999985665,7.499999999999318,0.0,NaN,NaN,NaN
1781378421.9795659,-5.999999999999444,7.499999999999318,0.0,-5.999999999999444,8.49999999999816,0.0,-6.999999999998566,7.499999999999318,0.0,NaN,NaN,NaN
1781378422.4787192,-5.999999999999445,7.499999999999318,0.0,-5.999999999999444,8.49999999999816,0.0,-6.999999999998566,7.499999999999318,0.0,NaN,NaN,NaN
1781378422.9782228,-5.999999999999445,7.499999999999318,0.0,-5.999999999999445,8.49999999999816,0.0,-6.999999999998566,7.499999999999318,0.0,NaN,NaN,NaN
1781378423.4802165,-5.999999999999445,7.499999999999318,0.0,-5.999999999999445,8.49999999999816,0.0,-6.9999999999985665,7.499999999999318,0.0,NaN,NaN,NaN
1781378423.9831998,-5.999999999999445,7.499999999999318,0.0,-5.999999999999445,8.49999999999816,0.0,-6.9999999999985665,7.499999999999318,0.0,NaN,NaN,NaN
1781378424.4756181,-5.999999999999444,7.499999999999318,0.0,-5.999999999999444,8.49999999999816,0.0,-6.999999999998566,7.499999999999318,0.0,NaN,NaN,NaN
1781378424.9773576,-5.999999999999445,7.499999999999318,0.0,-5.999999999999445,8.49999999999816,0.0,-6.999999999998566,7.499999999999318,0.0,NaN,NaN,NaN
1781378425.4788423,-5.999999999999445,7.499999999999318,0.0,-5.999999999999445,8.49999999999816,0.0,-6.9999999999985665,7.499999999999318,0.0,NaN,NaN,NaN
1781378425.9777033,-5.999999999999445,7.499999999999318,0.0,-5.999999999999445,8.49999999999816,0.0,-6.9999999999985665,7.499999999999318,0.0,NaN,NaN,NaN
1781378426.4779327,-5.999999999999444,7.499999999999318,0.0,-5.999999999999444,8.49999999999816,0.0,-6.999999999998566,7.499999999999318,0.0,NaN,NaN,NaN
1781378426.975636,-5.999999999999445,7.499999999999318,0.0,-5.999999999999445,8.49999999999816,0.0,-6.999999999998566,7.499999999999318,0.0,NaN,NaN,NaN
1781378427.4776914,-5.999999999999445,7.499999999999318,0.0,-5.999999999999445,8.49999999999816,0.0,-6.9999999999985665,7.499999999999318,0.0,NaN,NaN,NaN
1781378427.9755678,-5.999999999999445,7.499999999999318,0.0,-5.999999999999445,8.49999999999816,0.0,-6.9999999999985665,7.499999999999318,0.0,NaN,NaN,NaN
1781378428.477012,-5.999999999999444,7.499999999999318,0.0,-5.999999999999444,8.49999999999816,0.0,-6.999999999998566,7.499999999999318,0.0,NaN,NaN,NaN
1781378428.9767327,-5.999999999999445,7.499999999999318,0.0,-5.999999999999445,8.49999999999816,0.0,-6.999999999998566,7.499999999999318,0.0,NaN,NaN,NaN
1781378429.478104,-5.999999999999445,7.499999999999318,0.0,-5.999999999999445,8.49999999999816,0.0,-6.9999999999985665,7.499999999999318,0.0,NaN,NaN,NaN
1781378429.9793663,-5.999999999999445,7.499999999999318,0.0,-5.999999999999445,8.49999999999816,0.0,-6.9999999999985665,7.499999999999318,0.0,NaN,NaN,NaN
1781378430.4780374,-5.999999999999445,7.499999999999318,0.0,-5.999999999999445,8.49999999999816,0.0,-6.9999999999985665,7.499999999999318,0.0,NaN,NaN,NaN
1781378430.9759157,-5.999999999999445,7.499999999999318,0.0,-5.999999999999445,8.49999999999816,0.0,-6.9999999999985665,7.499999999999318,0.0,NaN,NaN,NaN
1781378431.4790566,-5.999999999999445,7.499999999999318,0.0,-5.999999999999445,8.49999999999816,0.0,-6.999999999998566,7.499999999999318,0.0,NaN,NaN,NaN
1781378431.9783683,-5.999999999999445,7.499999999999318,0.0,-5.999999999999445,8.49999999999816,0.0,-6.9999999999985665,7.499999999999318,0.0,NaN,NaN,NaN
1781378432.475788,-5.999999999999444,7.499999999999318,0.0,-5.999999999999445,8.49999999999816,0.0,-6.9999999999985665,7.499999999999318,0.0,NaN,NaN,NaN
1781378432.977206,-5.999999999999445,7.499999999999318,0.0,-5.999999999999445,8.49999999999816,0.0,-6.999999999998566,7.499999999999318,0.0,NaN,NaN,NaN
1781378433.4765806,-5.999999999999445,7.499999999999318,0.0,-5.999999999999445,8.49999999999816,0.0,-6.9999999999985665,7.499999999999318,0.0,NaN,NaN,NaN
1781378433.9812665,-5.999999999999445,7.499999999999318,0.0,-5.999999999999445,8.49999999999816,0.0,-6.999999999998566,7.499999999999318,0.0,NaN,NaN,NaN
1781378434.479889,-5.999999999999445,7.499999999999318,0.0,-5.999999999999445,8.49999999999816,0.0,-6.9999999999985665,7.499999999999318,0.0,NaN,NaN,NaN
1781378434.97616,-5.999999999999445,7.499999999999318,0.0,-5.999999999999445,8.49999999999816,0.0,-6.9999999999985665,7.499999999999318,0.0,NaN,NaN,NaN
1781378435.4759164,-5.999999999999445,7.499999999999318,0.0,-5.999999999999445,8.49999999999816,0.0,-6.999999999998566,7.499999999999318,0.0,NaN,NaN,NaN
1781378452.2335818,NaN,NaN,NaN,NaN,NaN,NaN,NaN,NaN,NaN,NaN,NaN,NaN
1781378452.7335994,NaN,NaN,NaN,NaN,NaN,NaN,NaN,NaN,NaN,NaN,NaN,NaN
1781378453.2370677,NaN,NaN,NaN,NaN,NaN,NaN,NaN,NaN,NaN,NaN,NaN,NaN
1781378453.7341688,NaN,NaN,NaN,NaN,NaN,NaN,NaN,NaN,NaN,NaN,NaN,NaN
1781378454.2334843,NaN,NaN,NaN,NaN,NaN,NaN,NaN,NaN,NaN,NaN,NaN,NaN
1781378454.7334535,NaN,NaN,NaN,NaN,NaN,NaN,NaN,NaN,NaN,NaN,NaN,NaN
1781378455.2339652,NaN,NaN,NaN,NaN,NaN,NaN,NaN,NaN,NaN,NaN,NaN,NaN
1781378455.7344937,NaN,NaN,NaN,NaN,NaN,NaN,NaN,NaN,NaN,NaN,NaN,NaN
1781378456.2334864,NaN,NaN,NaN,NaN,NaN,NaN,NaN,NaN,NaN,NaN,NaN,NaN
1781378456.7334774,NaN,NaN,NaN,NaN,NaN,NaN,NaN,NaN,NaN,NaN,NaN,NaN
1781378457.2335203,NaN,NaN,NaN,NaN,NaN,NaN,NaN,NaN,NaN,NaN,NaN,NaN
1781378457.7339656,NaN,NaN,NaN,NaN,NaN,NaN,NaN,NaN,NaN,NaN,NaN,NaN
1781378458.2344115,NaN,NaN,NaN,NaN,NaN,NaN,NaN,NaN,NaN,NaN,NaN,NaN
1781378458.7343268,NaN,NaN,NaN,NaN,NaN,NaN,NaN,NaN,NaN,NaN,NaN,NaN
1781378459.2340167,NaN,NaN,NaN,NaN,NaN,NaN,NaN,NaN,NaN,NaN,NaN,NaN
1781378459.7340631,NaN,NaN,NaN,NaN,NaN,NaN,NaN,NaN,NaN,NaN,NaN,NaN
1781378460.2338111,NaN,NaN,NaN,NaN,NaN,NaN,NaN,NaN,NaN,NaN,NaN,NaN
1781378460.7337081,NaN,NaN,NaN,NaN,NaN,NaN,NaN,NaN,NaN,NaN,NaN,NaN
1781378461.238801,NaN,NaN,NaN,NaN,NaN,NaN,NaN,NaN,NaN,NaN,NaN,NaN
1781378461.734368,NaN,NaN,NaN,NaN,NaN,NaN,NaN,NaN,NaN,NaN,NaN,NaN
1781378462.2365952,NaN,NaN,NaN,NaN,NaN,NaN,NaN,NaN,NaN,NaN,NaN,NaN
1781378462.7461548,NaN,NaN,NaN,NaN,NaN,NaN,NaN,NaN,NaN,NaN,NaN,NaN
1781378463.2402384,NaN,NaN,NaN,NaN,NaN,NaN,NaN,NaN,NaN,NaN,NaN,NaN
1781378463.7338343,NaN,NaN,NaN,NaN,NaN,NaN,NaN,NaN,NaN,NaN,NaN,NaN
1781378464.2409425,NaN,NaN,NaN,NaN,NaN,NaN,NaN,NaN,NaN,NaN,NaN,NaN
1781378464.7347796,NaN,NaN,NaN,NaN,NaN,NaN,NaN,NaN,NaN,NaN,NaN,NaN
1781378465.2356932,NaN,NaN,NaN,NaN,NaN,NaN,NaN,NaN,NaN,NaN,NaN,NaN
1781378465.734617,NaN,NaN,NaN,NaN,NaN,NaN,NaN,NaN,NaN,NaN,NaN,NaN
1781378466.234849,NaN,NaN,NaN,NaN,NaN,NaN,NaN,NaN,NaN,NaN,NaN,NaN
1781378466.7375388,NaN,NaN,NaN,NaN,NaN,NaN,NaN,NaN,NaN,NaN,NaN,NaN
1781378467.2341394,NaN,NaN,NaN,NaN,NaN,NaN,NaN,NaN,NaN,NaN,NaN,NaN
1781378467.7361524,NaN,NaN,NaN,NaN,NaN,NaN,NaN,NaN,NaN,NaN,NaN,NaN
1781378468.234114,NaN,NaN,NaN,NaN,NaN,NaN,NaN,NaN,NaN,NaN,NaN,NaN
1781378468.7364073,NaN,NaN,NaN,NaN,NaN,NaN,NaN,NaN,NaN,NaN,NaN,NaN
1781378469.2341785,NaN,NaN,NaN,NaN,NaN,NaN,NaN,NaN,NaN,NaN,NaN,NaN
1781378469.7346163,NaN,NaN,NaN,NaN,NaN,NaN,NaN,NaN,NaN,NaN,NaN,NaN
1781378470.245919,NaN,NaN,NaN,NaN,NaN,NaN,NaN,NaN,NaN,NaN,NaN,NaN
1781378470.7414372,NaN,NaN,NaN,NaN,NaN,NaN,NaN,NaN,NaN,NaN,NaN,NaN
1781378471.2361968,NaN,NaN,NaN,NaN,NaN,NaN,NaN,NaN,NaN,NaN,NaN,NaN
1781378471.7410452,NaN,NaN,NaN,NaN,NaN,NaN,NaN,NaN,NaN,NaN,NaN,NaN
1781378472.2373471,NaN,NaN,NaN,NaN,NaN,NaN,NaN,NaN,NaN,NaN,NaN,NaN
1781378472.7535212,NaN,NaN,NaN,NaN,NaN,NaN,NaN,NaN,NaN,NaN,NaN,NaN
1781378473.2355077,NaN,NaN,NaN,NaN,NaN,NaN,NaN,NaN,NaN,NaN,NaN,NaN
1781378473.742764,NaN,NaN,NaN,NaN,NaN,NaN,NaN,NaN,NaN,NaN,NaN,NaN
1781378474.2345283,NaN,NaN,NaN,NaN,NaN,NaN,NaN,NaN,NaN,NaN,NaN,NaN
1781378474.7363667,NaN,NaN,NaN,NaN,NaN,NaN,NaN,NaN,NaN,NaN,NaN,NaN
1781378475.2364323,NaN,NaN,NaN,NaN,NaN,NaN,NaN,NaN,NaN,NaN,NaN,NaN
1781378475.7350254,NaN,NaN,NaN,NaN,NaN,NaN,NaN,NaN,NaN,NaN,NaN,NaN
1781378476.2342014,NaN,NaN,NaN,NaN,NaN,NaN,NaN,NaN,NaN,NaN,NaN,NaN
1781378476.7402577,NaN,NaN,NaN,NaN,NaN,NaN,NaN,NaN,NaN,NaN,NaN,NaN
1781378477.2442305,NaN,NaN,NaN,NaN,NaN,NaN,NaN,NaN,NaN,NaN,NaN,NaN
1781378477.7358842,NaN,NaN,NaN,NaN,NaN,NaN,NaN,NaN,NaN,NaN,NaN,NaN
1781378478.2364993,NaN,NaN,NaN,NaN,NaN,NaN,NaN,NaN,NaN,NaN,NaN,NaN
1781378478.7362223,NaN,NaN,NaN,NaN,NaN,NaN,NaN,NaN,NaN,NaN,NaN,NaN
1781378479.2336884,NaN,NaN,NaN,NaN,NaN,NaN,NaN,NaN,NaN,NaN,NaN,NaN
1781378479.7413187,NaN,NaN,NaN,NaN,NaN,NaN,NaN,NaN,NaN,NaN,NaN,NaN
1781378480.237675,NaN,NaN,NaN,NaN,NaN,NaN,NaN,NaN,NaN,NaN,NaN,NaN
1781378480.7374883,NaN,NaN,NaN,NaN,NaN,NaN,NaN,NaN,NaN,NaN,NaN,NaN
1781378481.2352467,NaN,NaN,NaN,NaN,NaN,NaN,NaN,NaN,NaN,NaN,NaN,NaN
1781378481.7482095,NaN,NaN,NaN,NaN,NaN,NaN,NaN,NaN,NaN,NaN,NaN,NaN
1781378482.2365103,NaN,NaN,NaN,NaN,NaN,NaN,NaN,NaN,NaN,NaN,NaN,NaN
1781378482.735161,NaN,NaN,NaN,NaN,NaN,NaN,NaN,NaN,NaN,NaN,NaN,NaN
1781378483.2349052,NaN,NaN,NaN,NaN,NaN,NaN,NaN,NaN,NaN,NaN,NaN,NaN
1781378483.7353363,NaN,NaN,NaN,NaN,NaN,NaN,NaN,NaN,NaN,NaN,NaN,NaN
1781378484.2346535,NaN,NaN,NaN,NaN,NaN,NaN,NaN,NaN,NaN,NaN,NaN,NaN
1781378484.734265,NaN,NaN,NaN,NaN,NaN,NaN,NaN,NaN,NaN,NaN,NaN,NaN
1781378485.234432,NaN,NaN,NaN,NaN,NaN,NaN,NaN,NaN,NaN,NaN,NaN,NaN
1781378485.7341976,NaN,NaN,NaN,NaN,NaN,NaN,NaN,NaN,NaN,NaN,NaN,NaN
1781378486.234653,NaN,NaN,NaN,NaN,NaN,NaN,NaN,NaN,NaN,NaN,NaN,NaN
1781378486.734806,-5.999999999999445,7.499999999999318,0.0,NaN,NaN,NaN,NaN,NaN,NaN,NaN,NaN,NaN
1781378487.2362936,-5.999999999999445,7.499999999999318,0.0,NaN,NaN,NaN,NaN,NaN,NaN,NaN,NaN,NaN
1781378487.7349527,-5.999999999999445,7.499999999999318,0.0,NaN,NaN,NaN,NaN,NaN,NaN,NaN,NaN,NaN
1781378488.2341268,-5.999999999999445,7.499999999999318,0.0,NaN,NaN,NaN,NaN,NaN,NaN,NaN,NaN,NaN
1781378488.73995,-5.999999999999445,7.499999999999318,0.0,NaN,NaN,NaN,NaN,NaN,NaN,NaN,NaN,NaN
1781378489.2394297,-5.999999999999445,7.499999999999318,0.0,NaN,NaN,NaN,NaN,NaN,NaN,NaN,NaN,NaN
1781378489.733996,-5.999999999999445,7.499999999999318,0.0,NaN,NaN,NaN,NaN,NaN,NaN,NaN,NaN,NaN
1781378490.2382147,-5.999999999999444,7.499999999999318,0.0,NaN,NaN,NaN,NaN,NaN,NaN,NaN,NaN,NaN
1781378490.7342362,-5.999999999999445,7.499999999999318,0.0,NaN,NaN,NaN,NaN,NaN,NaN,NaN,NaN,NaN
1781378491.2365246,-5.999999999999445,7.499999999999318,0.0,NaN,NaN,NaN,NaN,NaN,NaN,NaN,NaN,NaN
1781378491.7337365,-5.999999999999445,7.499999999999318,0.0,NaN,NaN,NaN,NaN,NaN,NaN,NaN,NaN,NaN
1781378492.2366636,-5.999999999999445,7.499999999999318,0.0,-5.999999999999445,8.49999999999816,0.0,NaN,NaN,NaN,NaN,NaN,NaN
1781378492.7365768,-5.999999999999445,7.499999999999318,0.0,-5.999999999999445,8.49999999999816,0.0,NaN,NaN,NaN,NaN,NaN,NaN
1781378493.2394216,-5.999999999999445,7.499999999999318,0.0,-5.999999999999445,8.49999999999816,0.0,NaN,NaN,NaN,NaN,NaN,NaN
1781378493.737614,-5.999999999999444,7.499999999999318,0.0,-5.999999999999444,8.49999999999816,0.0,NaN,NaN,NaN,NaN,NaN,NaN
1781378494.238674,-5.999999999999445,7.499999999999318,0.0,-5.999999999999444,8.49999999999816,0.0,NaN,NaN,NaN,NaN,NaN,NaN
1781378494.7343683,-5.999999999999445,7.499999999999318,0.0,-5.999999999999445,8.49999999999816,0.0,NaN,NaN,NaN,NaN,NaN,NaN
1781378495.2343378,-5.999999999999444,7.499999999999318,0.0,-5.999999999999444,8.49999999999816,0.0,NaN,NaN,NaN,NaN,NaN,NaN
1781378495.736753,-5.999999999999445,7.499999999999318,0.0,-5.999999999999445,8.49999999999816,0.0,NaN,NaN,NaN,NaN,NaN,NaN
1781378496.2364664,-5.999999999999445,7.499999999999318,0.0,-5.999999999999445,8.49999999999816,0.0,NaN,NaN,NaN,NaN,NaN,NaN
1781378496.7346647,-5.999999999999445,7.499999999999318,0.0,-5.999999999999445,8.49999999999816,0.0,NaN,NaN,NaN,NaN,NaN,NaN
1781378497.2359393,-5.999999999999445,7.499999999999318,0.0,-5.999999999999445,8.49999999999816,0.0,-6.9999999999985665,7.499999999999318,0.0,NaN,NaN,NaN
1781378497.735945,-5.999999999999445,7.499999999999318,0.0,-5.999999999999445,8.49999999999816,0.0,-6.9999999999985665,7.499999999999318,0.0,NaN,NaN,NaN
1781378498.2343354,-5.999999999999445,7.499999999999318,0.0,-5.999999999999445,8.49999999999816,0.0,-6.9999999999985665,7.499999999999318,0.0,NaN,NaN,NaN
1781378498.734901,-5.999999999999445,7.499999999999318,0.0,-5.999999999999445,8.49999999999816,0.0,-6.9999999999985665,7.499999999999318,0.0,NaN,NaN,NaN
1781378499.2341359,-5.999999999999444,7.499999999999318,0.0,-5.999999999999444,8.49999999999816,0.0,-6.999999999998566,7.499999999999318,0.0,NaN,NaN,NaN
1781378499.7342505,-5.999999999999445,7.499999999999318,0.0,-5.999999999999445,8.49999999999816,0.0,-6.9999999999985665,7.499999999999318,0.0,NaN,NaN,NaN
1781378500.2371218,-5.999999999999444,7.499999999999318,0.0,-5.999999999999444,8.49999999999816,0.0,-6.999999999998566,7.499999999999318,0.0,NaN,NaN,NaN
1781378500.7371182,-5.999999999999445,7.499999999999318,0.0,-5.999999999999445,8.49999999999816,0.0,-6.9999999999985665,7.499999999999318,0.0,NaN,NaN,NaN
1781378501.2353694,-5.999999999999445,7.499999999999318,0.0,-5.999999999999445,8.49999999999816,0.0,-6.999999999998566,7.499999999999318,0.0,NaN,NaN,NaN
1781378501.7353282,-5.999999999999445,7.499999999999318,0.0,-5.999999999999445,8.49999999999816,0.0,-6.9999999999985665,7.499999999999318,0.0,NaN,NaN,NaN
1781378502.2361362,-5.999999999999445,7.499999999999318,0.0,-5.999999999999445,8.49999999999816,0.0,-6.9999999999985665,7.499999999999318,0.0,NaN,NaN,NaN
1781378502.734152,-5.999999999999444,7.499999999999318,0.0,-5.999999999999444,8.49999999999816,0.0,-6.999999999998566,7.499999999999318,0.0,NaN,NaN,NaN
1781378503.2340915,-5.999999999999445,7.499999999999318,0.0,-5.999999999999445,8.49999999999816,0.0,-6.9999999999985665,7.499999999999318,0.0,NaN,NaN,NaN
1781378503.7338247,-5.999999999999445,7.499999999999318,0.0,-5.999999999999445,8.49999999999816,0.0,-6.999999999998566,7.499999999999318,0.0,NaN,NaN,NaN
1781378504.2340996,-5.999999999999445,7.499999999999318,0.0,-5.999999999999445,8.49999999999816,0.0,-6.9999999999985665,7.499999999999318,0.0,NaN,NaN,NaN
1781378504.7363467,-5.999999999999445,7.499999999999318,0.0,-5.999999999999445,8.49999999999816,0.0,-6.9999999999985665,7.499999999999318,0.0,NaN,NaN,NaN
1781378505.2399313,-5.999999999999444,7.499999999999318,0.0,-5.999999999999444,8.49999999999816,0.0,-6.999999999998566,7.499999999999318,0.0,NaN,NaN,NaN
1781378505.7344687,-5.999999999999445,7.499999999999318,0.0,-5.999999999999445,8.49999999999816,0.0,-6.9999999999985665,7.499999999999318,0.0,NaN,NaN,NaN
1781378506.2341597,-5.999999999999445,7.499999999999318,0.0,-5.999999999999445,8.49999999999816,0.0,-6.999999999998566,7.499999999999318,0.0,NaN,NaN,NaN
1781378506.7348723,-5.999999999999445,7.499999999999318,0.0,-5.999999999999445,8.49999999999816,0.0,-6.9999999999985665,7.499999999999318,0.0,NaN,NaN,NaN
1781378507.2356853,-5.999999999999445,7.499999999999318,0.0,-5.999999999999445,8.49999999999816,0.0,-6.9999999999985665,7.499999999999318,0.0,NaN,NaN,NaN
1781378507.733995,-5.999999999999445,7.499999999999318,0.0,-5.999999999999445,8.49999999999816,0.0,-6.9999999999985665,7.499999999999318,0.0,NaN,NaN,NaN
1781378508.235428,-5.999999999999445,7.499999999999318,0.0,-5.999999999999445,8.49999999999816,0.0,-6.9999999999985665,7.499999999999318,0.0,NaN,NaN,NaN
1781378508.7345686,-5.999999999999444,7.499999999999318,0.0,-5.999999999999444,8.49999999999816,0.0,-6.999999999998566,7.499999999999318,0.0,NaN,NaN,NaN
1781378509.2368743,-5.999999999999445,7.499999999999318,0.0,-5.999999999999445,8.49999999999816,0.0,-6.9999999999985665,7.499999999999318,0.0,NaN,NaN,NaN
1781378509.73433,-5.999999999999445,7.499999999999318,0.0,-5.999999999999445,8.49999999999816,0.0,-6.999999999998566,7.499999999999318,0.0,NaN,NaN,NaN
1781378519.7333045,NaN,NaN,NaN,NaN,NaN,NaN,NaN,NaN,NaN,NaN,NaN,NaN
1781378520.2340136,NaN,NaN,NaN,NaN,NaN,NaN,NaN,NaN,NaN,NaN,NaN,NaN
1781378520.734841,NaN,NaN,NaN,NaN,NaN,NaN,NaN,NaN,NaN,NaN,NaN,NaN
1781378521.2360446,NaN,NaN,NaN,NaN,NaN,NaN,NaN,NaN,NaN,NaN,NaN,NaN
1781378521.7332792,NaN,NaN,NaN,NaN,NaN,NaN,NaN,NaN,NaN,NaN,NaN,NaN
1781378522.2332516,NaN,NaN,NaN,NaN,NaN,NaN,NaN,NaN,NaN,NaN,NaN,NaN
1781378522.7332733,NaN,NaN,NaN,NaN,NaN,NaN,NaN,NaN,NaN,NaN,NaN,NaN
1781378523.233313,NaN,NaN,NaN,NaN,NaN,NaN,NaN,NaN,NaN,NaN,NaN,NaN
1781378523.7334204,NaN,NaN,NaN,NaN,NaN,NaN,NaN,NaN,NaN,NaN,NaN,NaN
1781378524.2340071,NaN,NaN,NaN,NaN,NaN,NaN,NaN,NaN,NaN,NaN,NaN,NaN
1781378524.733317,NaN,NaN,NaN,NaN,NaN,NaN,NaN,NaN,NaN,NaN,NaN,NaN
1781378525.2332711,NaN,NaN,NaN,NaN,NaN,NaN,NaN,NaN,NaN,NaN,NaN,NaN
1781378525.733327,NaN,NaN,NaN,NaN,NaN,NaN,NaN,NaN,NaN,NaN,NaN,NaN
1781378526.2342513,NaN,NaN,NaN,NaN,NaN,NaN,NaN,NaN,NaN,NaN,NaN,NaN
1781378526.7335937,NaN,NaN,NaN,NaN,NaN,NaN,NaN,NaN,NaN,NaN,NaN,NaN
1781378527.23364,NaN,NaN,NaN,NaN,NaN,NaN,NaN,NaN,NaN,NaN,NaN,NaN
1781378527.7341216,NaN,NaN,NaN,NaN,NaN,NaN,NaN,NaN,NaN,NaN,NaN,NaN
1781378528.233723,NaN,NaN,NaN,NaN,NaN,NaN,NaN,NaN,NaN,NaN,NaN,NaN
1781378528.7392662,NaN,NaN,NaN,NaN,NaN,NaN,NaN,NaN,NaN,NaN,NaN,NaN
1781378529.245772,NaN,NaN,NaN,NaN,NaN,NaN,NaN,NaN,NaN,NaN,NaN,NaN
1781378529.737717,NaN,NaN,NaN,NaN,NaN,NaN,NaN,NaN,NaN,NaN,NaN,NaN
1781378530.2396467,NaN,NaN,NaN,NaN,NaN,NaN,NaN,NaN,NaN,NaN,NaN,NaN
1781378530.7414796,NaN,NaN,NaN,NaN,NaN,NaN,NaN,NaN,NaN,NaN,NaN,NaN
1781378531.2356462,NaN,NaN,NaN,NaN,NaN,NaN,NaN,NaN,NaN,NaN,NaN,NaN
1781378531.7391822,NaN,NaN,NaN,NaN,NaN,NaN,NaN,NaN,NaN,NaN,NaN,NaN
1781378532.2354314,NaN,NaN,NaN,NaN,NaN,NaN,NaN,NaN,NaN,NaN,NaN,NaN
1781378532.7349105,NaN,NaN,NaN,NaN,NaN,NaN,NaN,NaN,NaN,NaN,NaN,NaN
1781378533.2345047,NaN,NaN,NaN,NaN,NaN,NaN,NaN,NaN,NaN,NaN,NaN,NaN
1781378533.7338524,NaN,NaN,NaN,NaN,NaN,NaN,NaN,NaN,NaN,NaN,NaN,NaN
1781378534.2343545,NaN,NaN,NaN,NaN,NaN,NaN,NaN,NaN,NaN,NaN,NaN,NaN
1781378534.73952,NaN,NaN,NaN,NaN,NaN,NaN,NaN,NaN,NaN,NaN,NaN,NaN
1781378535.2388096,NaN,NaN,NaN,NaN,NaN,NaN,NaN,NaN,NaN,NaN,NaN,NaN
1781378535.7346015,NaN,NaN,NaN,NaN,NaN,NaN,NaN,NaN,NaN,NaN,NaN,NaN
1781378536.2383268,NaN,NaN,NaN,NaN,NaN,NaN,NaN,NaN,NaN,NaN,NaN,NaN
1781378536.738027,NaN,NaN,NaN,NaN,NaN,NaN,NaN,NaN,NaN,NaN,NaN,NaN
1781378537.2345333,NaN,NaN,NaN,NaN,NaN,NaN,NaN,NaN,NaN,NaN,NaN,NaN
1781378537.7346737,NaN,NaN,NaN,NaN,NaN,NaN,NaN,NaN,NaN,NaN,NaN,NaN
1781378538.2385283,NaN,NaN,NaN,NaN,NaN,NaN,NaN,NaN,NaN,NaN,NaN,NaN
1781378538.7404459,NaN,NaN,NaN,NaN,NaN,NaN,NaN,NaN,NaN,NaN,NaN,NaN
1781378539.235604,NaN,NaN,NaN,NaN,NaN,NaN,NaN,NaN,NaN,NaN,NaN,NaN
1781378539.736291,NaN,NaN,NaN,NaN,NaN,NaN,NaN,NaN,NaN,NaN,NaN,NaN
1781378540.237845,NaN,NaN,NaN,NaN,NaN,NaN,NaN,NaN,NaN,NaN,NaN,NaN
1781378540.7474923,NaN,NaN,NaN,NaN,NaN,NaN,NaN,NaN,NaN,NaN,NaN,NaN
1781378541.236351,NaN,NaN,NaN,NaN,NaN,NaN,NaN,NaN,NaN,NaN,NaN,NaN
1781378541.7383015,NaN,NaN,NaN,NaN,NaN,NaN,NaN,NaN,NaN,NaN,NaN,NaN
1781378542.2497108,NaN,NaN,NaN,NaN,NaN,NaN,NaN,NaN,NaN,NaN,NaN,NaN
1781378542.733968,NaN,NaN,NaN,NaN,NaN,NaN,NaN,NaN,NaN,NaN,NaN,NaN
1781378543.234632,NaN,NaN,NaN,NaN,NaN,NaN,NaN,NaN,NaN,NaN,NaN,NaN
1781378543.7347941,NaN,NaN,NaN,NaN,NaN,NaN,NaN,NaN,NaN,NaN,NaN,NaN
1781378544.2344005,NaN,NaN,NaN,NaN,NaN,NaN,NaN,NaN,NaN,NaN,NaN,NaN
1781378544.733775,NaN,NaN,NaN,NaN,NaN,NaN,NaN,NaN,NaN,NaN,NaN,NaN
1781378545.2431464,NaN,NaN,NaN,NaN,NaN,NaN,NaN,NaN,NaN,NaN,NaN,NaN
1781378545.7363822,NaN,NaN,NaN,NaN,NaN,NaN,NaN,NaN,NaN,NaN,NaN,NaN
1781378546.2366846,NaN,NaN,NaN,NaN,NaN,NaN,NaN,NaN,NaN,NaN,NaN,NaN
1781378546.7346458,NaN,NaN,NaN,NaN,NaN,NaN,NaN,NaN,NaN,NaN,NaN,NaN
1781378547.234957,NaN,NaN,NaN,NaN,NaN,NaN,NaN,NaN,NaN,NaN,NaN,NaN
1781378547.7358634,NaN,NaN,NaN,NaN,NaN,NaN,NaN,NaN,NaN,NaN,NaN,NaN
1781378548.2356617,NaN,NaN,NaN,NaN,NaN,NaN,NaN,NaN,NaN,NaN,NaN,NaN
1781378548.733842,NaN,NaN,NaN,NaN,NaN,NaN,NaN,NaN,NaN,NaN,NaN,NaN
1781378549.2354338,NaN,NaN,NaN,NaN,NaN,NaN,NaN,NaN,NaN,NaN,NaN,NaN
1781378549.7342556,NaN,NaN,NaN,NaN,NaN,NaN,NaN,NaN,NaN,NaN,NaN,NaN
1781378550.2347815,NaN,NaN,NaN,NaN,NaN,NaN,NaN,NaN,NaN,NaN,NaN,NaN
1781378550.7339096,NaN,NaN,NaN,NaN,NaN,NaN,NaN,NaN,NaN,NaN,NaN,NaN
1781378551.2345595,NaN,NaN,NaN,NaN,NaN,NaN,NaN,NaN,NaN,NaN,NaN,NaN
1781378551.734528,NaN,NaN,NaN,NaN,NaN,NaN,NaN,NaN,NaN,NaN,NaN,NaN
1781378552.2353177,-5.999999999999445,7.499999999999318,0.0,NaN,NaN,NaN,NaN,NaN,NaN,NaN,NaN,NaN
1781378552.7341723,-5.999999999999445,7.499999999999318,0.0,NaN,NaN,NaN,NaN,NaN,NaN,NaN,NaN,NaN
1781378553.2381136,-5.999999999999444,7.499999999999318,0.0,NaN,NaN,NaN,NaN,NaN,NaN,NaN,NaN,NaN
1781378553.737983,-5.999999999999445,7.499999999999318,0.0,NaN,NaN,NaN,NaN,NaN,NaN,NaN,NaN,NaN
1781378554.2371905,-5.999999999999444,7.499999999999318,0.0,NaN,NaN,NaN,NaN,NaN,NaN,NaN,NaN,NaN
1781378554.734359,-5.999999999999445,7.499999999999318,0.0,NaN,NaN,NaN,NaN,NaN,NaN,NaN,NaN,NaN
1781378555.2340076,-5.999999999999445,7.499999999999318,0.0,NaN,NaN,NaN,NaN,NaN,NaN,NaN,NaN,NaN
1781378555.7379231,-5.999999999999445,7.499999999999318,0.0,NaN,NaN,NaN,NaN,NaN,NaN,NaN,NaN,NaN
1781378556.2359948,-5.999999999999445,7.499999999999318,0.0,NaN,NaN,NaN,NaN,NaN,NaN,NaN,NaN,NaN
1781378556.734374,-5.999999999999445,7.499999999999318,0.0,NaN,NaN,NaN,NaN,NaN,NaN,NaN,NaN,NaN
1781378557.2339697,-5.999999999999444,7.499999999999318,0.0,NaN,NaN,NaN,NaN,NaN,NaN,NaN,NaN,NaN
1781378557.7354794,-5.999999999999445,7.499999999999318,0.0,-5.999999999999445,8.49999999999816,0.0,NaN,NaN,NaN,NaN,NaN,NaN
1781378558.2368731,-5.999999999999445,7.499999999999318,0.0,-5.999999999999445,8.49999999999816,0.0,NaN,NaN,NaN,NaN,NaN,NaN
1781378558.7383091,-5.999999999999445,7.499999999999318,0.0,-5.999999999999445,8.49999999999816,0.0,NaN,NaN,NaN,NaN,NaN,NaN
1781378559.235117,-5.999999999999445,7.499999999999318,0.0,-5.999999999999445,8.49999999999816,0.0,NaN,NaN,NaN,NaN,NaN,NaN
1781378559.7337327,-5.999999999999445,7.499999999999318,0.0,-5.999999999999445,8.49999999999816,0.0,NaN,NaN,NaN,NaN,NaN,NaN
1781378560.2346306,-5.999999999999444,7.499999999999318,0.0,-5.999999999999444,8.49999999999816,0.0,NaN,NaN,NaN,NaN,NaN,NaN
1781378560.7344203,-5.999999999999445,7.499999999999318,0.0,-5.999999999999445,8.49999999999816,0.0,NaN,NaN,NaN,NaN,NaN,NaN
1781378561.2383518,-5.999999999999445,7.499999999999318,0.0,-5.999999999999445,8.49999999999816,0.0,NaN,NaN,NaN,NaN,NaN,NaN
1781378561.7336547,-5.999999999999445,7.499999999999318,0.0,-5.999999999999445,8.49999999999816,0.0,NaN,NaN,NaN,NaN,NaN,NaN
1781378562.2349772,-5.999999999999445,7.499999999999318,0.0,-5.999999999999445,8.49999999999816,0.0,NaN,NaN,NaN,NaN,NaN,NaN
1781378562.7340558,-5.999999999999444,7.499999999999318,0.0,-5.999999999999444,8.49999999999816,0.0,-6.999999999998566,7.499999999999318,0.0,NaN,NaN,NaN
1781378563.2440999,-5.999999999999445,7.499999999999318,0.0,-5.999999999999445,8.49999999999816,0.0,-6.999999999998566,7.499999999999318,0.0,NaN,NaN,NaN
1781378563.741195,-5.999999999999444,7.499999999999318,0.0,-5.999999999999444,8.49999999999816,0.0,-6.999999999998566,7.499999999999318,0.0,NaN,NaN,NaN
1781378564.233563,-5.999999999999445,7.499999999999318,0.0,-5.999999999999445,8.49999999999816,0.0,-6.9999999999985665,7.499999999999318,0.0,NaN,NaN,NaN
1781378564.7338202,-5.999999999999445,7.499999999999318,0.0,-5.999999999999445,8.49999999999816,0.0,-6.999999999998566,7.499999999999318,0.0,NaN,NaN,NaN
1781378565.2363453,-5.999999999999445,7.499999999999318,0.0,-5.999999999999445,8.49999999999816,0.0,-6.9999999999985665,7.499999999999318,0.0,NaN,NaN,NaN
1781378565.7361324,-5.999999999999445,7.499999999999318,0.0,-5.999999999999445,8.49999999999816,0.0,-6.999999999998566,7.499999999999318,0.0,NaN,NaN,NaN
1781378566.2346075,-5.999999999999444,7.499999999999318,0.0,-5.999999999999444,8.49999999999816,0.0,-6.999999999998566,7.499999999999318,0.0,NaN,NaN,NaN
1781378566.7350972,-5.999999999999445,7.499999999999318,0.0,-5.999999999999445,8.49999999999816,0.0,-6.9999999999985665,7.499999999999318,0.0,NaN,NaN,NaN
1781378567.2375958,-5.999999999999444,7.499999999999318,0.0,-5.999999999999444,8.49999999999816,0.0,-6.999999999998566,7.499999999999318,0.0,NaN,NaN,NaN
1781378567.73453,-5.999999999999445,7.499999999999318,0.0,-5.999999999999445,8.49999999999816,0.0,-6.9999999999985665,7.499999999999318,0.0,-6.9999999999985665,8.49999999999816,0.0
1781378568.236789,-5.999999999999445,7.499999999999318,0.0,-5.999999999999445,8.49999999999816,0.0,-6.9999999999985665,7.499999999999318,0.0,-6.9999999999985665,8.49999999999816,0.0
1781378568.7344587,-5.999999999999445,7.499999999999318,0.0,-5.999999999999445,8.49999999999816,0.0,-6.9999999999985665,7.499999999999318,0.0,-6.9999999999985665,8.49999999999816,0.0
1781378569.2353113,-5.999999999999445,7.499999999999318,0.0,-5.999999999999445,8.49999999999816,0.0,-6.999999999998566,7.499999999999318,0.0,-6.999999999998566,8.49999999999816,0.0
1781378569.7350621,-5.999999999999445,7.499999999999318,0.0,-5.999999999999445,8.49999999999816,0.0,-6.9999999999985665,7.499999999999318,0.0,-6.9999999999985665,8.49999999999816,0.0
1781378570.2337654,-5.999999999999445,7.499999999999318,0.0,-5.999999999999445,8.49999999999816,0.0,-6.9999999999985665,7.499999999999318,0.0,-6.9999999999985665,8.49999999999816,0.0
1781378570.734468,-5.999999999999445,7.499999999999318,0.0,-5.999999999999445,8.49999999999816,0.0,-6.9999999999985665,7.499999999999318,0.0,-6.9999999999985665,8.49999999999816,0.0
1781378571.2349215,-5.999999999999445,7.499999999999318,0.0,-5.999999999999445,8.49999999999816,0.0,-6.9999999999985665,7.499999999999318,0.0,-6.9999999999985665,8.49999999999816,0.0
1781378571.7350519,-5.999999999999445,7.499999999999318,0.0,-5.999999999999445,8.49999999999816,0.0,-6.9999999999985665,7.499999999999318,0.0,-6.9999999999985665,8.49999999999816,0.0
1781378572.234826,-5.999999999999445,7.499999999999318,0.0,-5.999999999999445,8.49999999999816,0.0,-6.9999999999985665,7.499999999999318,0.0,-6.9999999999985665,8.49999999999816,0.0
1781378572.7350466,-5.999999999999445,7.499999999999318,0.0,-5.999999999999444,8.49999999999816,0.0,-6.9999999999985665,7.499999999999318,0.0,-6.999999999998566,8.49999999999816,0.0
1781378573.2347963,-5.999999999999445,7.499999999999318,0.0,-5.999999999999445,8.49999999999816,0.0,-6.9999999999985665,7.499999999999318,0.0,-6.9999999999985665,8.49999999999816,0.0
1781378573.734058,-5.999999999999444,7.499999999999318,0.0,-5.999999999999444,8.49999999999816,0.0,-6.999999999998566,7.499999999999318,0.0,-6.999999999998566,8.49999999999816,0.0
1781378574.2333336,-5.999999999999445,7.499999999999318,0.0,-5.999999999999445,8.49999999999816,0.0,-6.9999999999985665,7.499999999999318,0.0,-6.9999999999985665,8.49999999999816,0.0
1781378574.7355242,-5.999999999999444,7.499999999999318,0.0,-5.999999999999444,8.49999999999816,0.0,-6.999999999998566,7.499999999999318,0.0,-6.999999999998566,8.49999999999816,0.0
1781378575.2365692,-5.999999999999445,7.499999999999318,0.0,-5.999999999999445,8.49999999999816,0.0,-6.9999999999985665,7.499999999999318,0.0,-6.9999999999985665,8.49999999999816,0.0
1781378575.7345643,-5.999999999999444,7.499999999999318,0.0,-5.999999999999444,8.49999999999816,0.0,-6.999999999998566,7.499999999999318,0.0,-6.999999999998566,8.49999999999816,0.0
1781378576.2348237,-5.999999999999445,7.499999999999318,0.0,-5.999999999999445,8.49999999999816,0.0,-6.9999999999985665,7.499999999999318,0.0,-6.9999999999985665,8.49999999999816,0.0
1781378576.7353482,-5.999999999999445,7.499999999999318,0.0,-5.999999999999445,8.49999999999816,0.0,-6.999999999998566,7.499999999999318,0.0,-6.999999999998566,8.49999999999816,0.0
1781378577.2391388,-5.999999999999445,7.499999999999318,0.0,-5.999999999999445,8.49999999999816,0.0,-6.9999999999985665,7.499999999999318,0.0,-6.9999999999985665,8.49999999999816,0.0
1781378577.7353425,-5.999999999999445,7.499999999999318,0.0,-5.999999999999445,8.49999999999816,0.0,-6.9999999999985665,7.499999999999318,0.0,-6.9999999999985665,8.49999999999816,0.0
1781378578.2351449,-5.999999999999444,7.499999999999318,0.0,-5.999999999999444,8.49999999999816,0.0,-6.999999999998566,7.499999999999318,0.0,-6.999999999998566,8.49999999999816,0.0
1781378578.7343252,-5.999999999999445,7.499999999999318,0.0,-5.999999999999445,8.49999999999816,0.0,-6.9999999999985665,7.499999999999318,0.0,-6.9999999999985665,8.49999999999816,0.0
1781378579.2335992,-5.999999999999445,7.499999999999318,0.0,-5.999999999999445,8.49999999999816,0.0,-6.999999999998566,7.499999999999318,0.0,-6.999999999998566,8.49999999999816,0.0
1781378579.7345665,-5.999999999999445,7.499999999999318,0.0,-5.999999999999445,8.49999999999816,0.0,-6.9999999999985665,7.499999999999318,0.0,-6.9999999999985665,8.49999999999816,0.0
1781378580.2361798,-5.999999999999444,7.499999999999318,0.0,-5.999999999999444,8.49999999999816,0.0,-6.999999999998566,7.499999999999318,0.0,-6.999999999998566,8.49999999999816,0.0
1781378580.735164,-5.999999999999445,7.499999999999318,0.0,-5.999999999999445,8.49999999999816,0.0,-6.9999999999985665,7.499999999999318,0.0,-6.9999999999985665,8.49999999999816,0.0
1781378581.235892,-5.999999999999444,7.499999999999318,0.0,-5.999999999999444,8.49999999999816,0.0,-6.999999999998566,7.499999999999318,0.0,-6.999999999998566,8.49999999999816,0.0
1781378581.7357621,-5.999999999999445,7.499999999999318,0.0,-5.999999999999445,8.49999999999816,0.0,-6.9999999999985665,7.499999999999318,0.0,-6.9999999999985665,8.49999999999816,0.0
1781378582.234438,-5.999999999999445,7.499999999999318,0.0,-5.999999999999445,8.49999999999816,0.0,-6.999999999998566,7.499999999999318,0.0,-6.999999999998566,8.49999999999816,0.0
1781378582.7347076,-5.999999999999445,7.499999999999318,0.0,-5.999999999999445,8.49999999999816,0.0,-6.9999999999985665,7.499999999999318,0.0,-6.9999999999985665,8.49999999999816,0.0
1781378583.234862,-5.999999999999444,7.499999999999318,0.0,-5.999999999999444,8.49999999999816,0.0,-6.999999999998566,7.499999999999318,0.0,-6.999999999998566,8.49999999999816,0.0
1781378583.73398,-5.999999999999445,7.499999999999318,0.0,-5.999999999999445,8.49999999999816,0.0,-6.9999999999985665,7.499999999999318,0.0,-6.9999999999985665,8.49999999999816,0.0
1781378584.2391663,-5.999999999999444,7.499999999999318,0.0,-5.999999999999444,8.49999999999816,0.0,-6.999999999998566,7.499999999999318,0.0,-6.999999999998566,8.49999999999816,0.0
1781378584.734653,-5.999999999999445,7.499999999999318,0.0,-5.999999999999445,8.49999999999816,0.0,-6.9999999999985665,7.499999999999318,0.0,-6.9999999999985665,8.49999999999816,0.0
1781378585.2357898,-5.999999999999445,7.499999999999318,0.0,-5.999999999999445,8.49999999999816,0.0,-6.9999999999985665,7.499999999999318,0.0,-6.9999999999985665,8.49999999999816,0.0
1781378585.7340124,-5.999999999999445,7.499999999999318,0.0,-5.999999999999445,8.49999999999816,0.0,-6.999999999998566,7.499999999999318,0.0,-6.999999999998566,8.49999999999816,0.0
1781378586.2347624,-5.999999999999445,7.499999999999318,0.0,-5.999999999999445,8.49999999999816,0.0,-6.9999999999985665,7.499999999999318,0.0,-6.9999999999985665,8.49999999999816,0.0
1781378586.7344153,-5.999999999999445,7.499999999999318,0.0,-5.999999999999445,8.49999999999816,0.0,-6.999999999998566,7.499999999999318,0.0,-6.999999999998566,8.49999999999816,0.0
1781378587.2355824,-5.999999999999445,7.499999999999318,0.0,-5.999999999999445,8.49999999999816,0.0,-6.9999999999985665,7.499999999999318,0.0,-6.9999999999985665,8.49999999999816,0.0
1781378587.7336185,-5.999999999999445,7.499999999999318,0.0,-5.999999999999445,8.49999999999816,0.0,-6.999999999998566,7.499999999999318,0.0,-6.999999999998566,8.49999999999816,0.0
1781378588.2347322,-5.999999999999445,7.499999999999318,0.0,-5.999999999999445,8.49999999999816,0.0,-6.9999999999985665,7.499999999999318,0.0,-6.9999999999985665,8.49999999999816,0.0
1781378588.7362626,-5.999999999999445,7.499999999999318,0.0,-5.999999999999445,8.49999999999816,0.0,-6.999999999998566,7.499999999999318,0.0,-6.999999999998566,8.49999999999816,0.0
1781378589.2345262,-5.999999999999445,7.499999999999318,0.0,-5.999999999999445,8.49999999999816,0.0,-6.9999999999985665,7.499999999999318,0.0,-6.9999999999985665,8.49999999999816,0.0
1781378589.73544,-5.999999999999444,7.499999999999318,0.0,-5.999999999999444,8.49999999999816,0.0,-6.999999999998566,7.499999999999318,0.0,-6.999999999998566,8.49999999999816,0.0
1781378590.235648,-5.999999999999445,7.499999999999318,0.0,-5.999999999999445,8.49999999999816,0.0,-6.9999999999985665,7.499999999999318,0.0,-6.9999999999985665,8.49999999999816,0.0
1781378590.733896,-5.999999999999445,7.499999999999318,0.0,-5.999999999999445,8.49999999999816,0.0,-6.9999999999985665,7.499999999999318,0.0,-6.9999999999985665,8.49999999999816,0.0
1781378591.2344863,-5.999999999999445,7.499999999999318,0.0,-5.999999999999445,8.49999999999816,0.0,-6.999999999998566,7.499999999999318,0.0,-6.999999999998566,8.49999999999816,0.0
1781378591.7350159,-5.999999999999445,7.499999999999318,0.0,-5.999999999999445,8.49999999999816,0.0,-6.9999999999985665,7.499999999999318,0.0,-6.9999999999985665,8.49999999999816,0.0
1781378592.2341278,-5.999999999999444,7.499999999999318,0.0,-5.999999999999444,8.49999999999816,0.0,-6.999999999998566,7.499999999999318,0.0,-6.999999999998566,8.49999999999816,0.0
1781378592.735255,-5.999999999999445,7.499999999999318,0.0,-5.999999999999445,8.49999999999816,0.0,-6.9999999999985665,7.499999999999318,0.0,-6.9999999999985665,8.49999999999816,0.0
1781378593.234446,-5.999999999999445,7.499999999999318,0.0,-5.999999999999444,8.49999999999816,0.0,-6.9999999999985665,7.499999999999318,0.0,-6.9999999999985665,8.49999999999816,0.0
1781378593.7363102,-5.999999999999445,7.499999999999318,0.0,-5.999999999999445,8.49999999999816,0.0,-6.9999999999985665,7.499999999999318,0.0,-6.9999999999985665,8.49999999999816,0.0
1781378594.2345898,-5.999999999999445,7.499999999999318,0.0,-5.999999999999445,8.49999999999816,0.0,-6.9999999999985665,7.499999999999318,0.0,-6.9999999999985665,8.49999999999816,0.0
1781378594.7339077,-5.999999999999445,7.499999999999318,0.0,-5.999999999999445,8.49999999999816,0.0,-6.999999999998566,7.499999999999318,0.0,-6.999999999998566,8.49999999999816,0.0
1781378595.2374012,-5.999999999999445,7.499999999999318,0.0,-5.999999999999445,8.49999999999816,0.0,-6.9999999999985665,7.499999999999318,0.0,-6.9999999999985665,8.49999999999816,0.0
1781378595.7364483,-5.999999999999445,7.499999999999318,0.0,-5.999999999999445,8.49999999999816,0.0,-6.999999999998566,7.499999999999318,0.0,-6.999999999998566,8.49999999999816,0.0
1781378596.2357025,-5.999999999999445,7.499999999999318,0.0,-5.999999999999445,8.49999999999816,0.0,-6.9999999999985665,7.499999999999318,0.0,-6.9999999999985665,8.49999999999816,0.0
1781378596.7353172,-5.999999999999444,7.499999999999318,0.0,-5.999999999999444,8.49999999999816,0.0,-6.999999999998566,7.499999999999318,0.0,-6.999999999998566,8.49999999999816,0.0
1781378597.2347996,-5.999999999999445,7.499999999999318,0.0,-5.999999999999445,8.49999999999816,0.0,-6.9999999999985665,7.499999999999318,0.0,-6.9999999999985665,8.49999999999816,0.0
1781378597.734215,-5.999999999999444,7.499999999999318,0.0,-5.999999999999444,8.49999999999816,0.0,-6.999999999998566,7.499999999999318,0.0,-6.999999999998566,8.49999999999816,0.0
1781378598.23381,-5.999999999999445,7.499999999999318,0.0,-5.999999999999445,8.49999999999816,0.0,-6.9999999999985665,7.499999999999318,0.0,-6.9999999999985665,8.49999999999816,0.0
1781378598.733798,-5.999999999999445,7.499999999999318,0.0,-5.999999999999445,8.49999999999816,0.0,-6.9999999999985665,7.499999999999318,0.0,-6.9999999999985665,8.49999999999816,0.0
1781378599.234641,-5.999999999999445,7.499999999999318,0.0,-5.999999999999445,8.49999999999816,0.0,-6.999999999998566,7.499999999999318,0.0,-6.999999999998566,8.49999999999816,0.0
1781378599.7355056,-5.999999999999445,7.499999999999318,0.0,-5.999999999999445,8.49999999999816,0.0,-6.9999999999985665,7.499999999999318,0.0,-6.9999999999985665,8.49999999999816,0.0
1781378600.2342572,-5.999999999999445,7.499999999999318,0.0,-5.999999999999445,8.49999999999816,0.0,-6.999999999998566,7.499999999999318,0.0,-6.999999999998566,8.49999999999816,0.0
1781378600.737717,-5.999999999999445,7.499999999999318,0.0,-5.999999999999445,8.49999999999816,0.0,-6.9999999999985665,7.499999999999318,0.0,-6.9999999999985665,8.49999999999816,0.0
1781378601.2340884,-5.999999999999444,7.499999999999318,0.0,-5.999999999999444,8.49999999999816,0.0,-6.999999999998566,7.499999999999318,0.0,-6.999999999998566,8.49999999999816,0.0
1781378601.7361636,-5.999999999999445,7.499999999999318,0.0,-5.999999999999445,8.49999999999816,0.0,-6.9999999999985665,7.499999999999318,0.0,-6.9999999999985665,8.49999999999816,0.0
1781378602.234477,-5.999999999999445,7.499999999999318,0.0,-5.999999999999444,8.49999999999816,0.0,-6.999999999998566,7.499999999999318,0.0,-6.999999999998566,8.49999999999816,0.0
1781378602.7351298,-5.999999999999445,7.499999999999318,0.0,-5.999999999999445,8.49999999999816,0.0,-6.9999999999985665,7.499999999999318,0.0,-6.9999999999985665,8.49999999999816,0.0
1781378603.234361,-5.999999999999445,7.499999999999318,0.0,-5.999999999999445,8.49999999999816,0.0,-6.999999999998566,7.499999999999318,0.0,-6.999999999998566,8.49999999999816,0.0
1781378603.7341025,-5.999999999999445,7.499999999999318,0.0,-5.999999999999445,8.49999999999816,0.0,-6.9999999999985665,7.499999999999318,0.0,-6.9999999999985665,8.49999999999816,0.0
1781378604.2372499,-5.999999999999444,7.499999999999318,0.0,-5.999999999999444,8.49999999999816,0.0,-6.999999999998566,7.499999999999318,0.0,-6.999999999998566,8.49999999999816,0.0
1781378604.7337236,-5.999999999999445,7.499999999999318,0.0,-5.999999999999445,8.49999999999816,0.0,-6.9999999999985665,7.499999999999318,0.0,-6.9999999999985665,8.49999999999816,0.0
1781378605.2340128,-5.999999999999445,7.499999999999318,0.0,-5.999999999999445,8.49999999999816,0.0,-6.9999999999985665,7.499999999999318,0.0,-6.9999999999985665,8.49999999999816,0.0
1781378605.7354267,-5.999999999999445,7.499999999999318,0.0,-5.999999999999445,8.49999999999816,0.0,-6.999999999998566,7.499999999999318,0.0,-6.999999999998566,8.49999999999816,0.0
1781378606.23398,-5.999999999999445,7.499999999999318,0.0,-5.999999999999445,8.49999999999816,0.0,-6.9999999999985665,7.499999999999318,0.0,-6.9999999999985665,8.49999999999816,0.0
1781378606.736503,-5.999999999999445,7.499999999999318,0.0,-5.999999999999445,8.49999999999816,0.0,-6.999999999998566,7.499999999999318,0.0,-6.999999999998566,8.49999999999816,0.0
1781378607.2335844,-5.999999999999445,7.499999999999318,0.0,-5.999999999999445,8.49999999999816,0.0,-6.9999999999985665,7.499999999999318,0.0,-6.9999999999985665,8.49999999999816,0.0
1781378607.7362695,-5.999999999999444,7.499999999999318,0.0,-5.999999999999444,8.49999999999816,0.0,-6.999999999998566,7.499999999999318,0.0,-6.999999999998566,8.49999999999816,0.0
1781378608.2344685,-5.999999999999445,7.499999999999318,0.0,-5.999999999999445,8.49999999999816,0.0,-6.9999999999985665,7.499999999999318,0.0,-6.9999999999985665,8.49999999999816,0.0
1781378608.734078,-5.999999999999444,7.499999999999318,0.0,-5.999999999999444,8.49999999999816,0.0,-6.999999999998566,7.499999999999318,0.0,-6.999999999998566,8.49999999999816,0.0
1781378609.235085,-5.999999999999445,7.499999999999318,0.0,-5.999999999999445,8.49999999999816,0.0,-6.9999999999985665,7.499999999999318,0.0,-6.9999999999985665,8.49999999999816,0.0
1781378609.7341576,-5.999999999999445,7.499999999999318,0.0,-5.999999999999444,8.49999999999816,0.0,-6.9999999999985665,7.499999999999318,0.0,-6.999999999998566,8.49999999999816,0.0
1781378610.2348695,-5.999999999999445,7.499999999999318,0.0,-5.999999999999445,8.49999999999816,0.0,-6.9999999999985665,7.499999999999318,0.0,-6.9999999999985665,8.49999999999816,0.0
1781378610.734769,-5.999999999999445,7.499999999999318,0.0,-5.999999999999445,8.49999999999816,0.0,-6.9999999999985665,7.499999999999318,0.0,-6.9999999999985665,8.49999999999816,0.0
1781378611.233903,-5.999999999999445,7.499999999999318,0.0,-5.999999999999445,8.49999999999816,0.0,-6.999999999998566,7.499999999999318,0.0,-6.999999999998566,8.49999999999816,0.0
1781378611.7346115,-5.999999999999445,7.499999999999318,0.0,-5.999999999999445,8.49999999999816,0.0,-6.9999999999985665,7.499999999999318,0.0,-6.9999999999985665,8.49999999999816,0.0
1781378612.2359803,-5.999999999999444,7.499999999999318,0.0,-5.999999999999444,8.49999999999816,0.0,-6.999999999998566,7.499999999999318,0.0,-6.999999999998566,8.49999999999816,0.0
1781378612.7344627,-5.999999999999445,7.499999999999318,0.0,-5.999999999999445,8.49999999999816,0.0,-6.9999999999985665,7.499999999999318,0.0,-6.9999999999985665,8.49999999999816,0.0
1781378613.2339365,-5.999999999999444,7.499999999999318,0.0,-5.999999999999444,8.49999999999816,0.0,-6.999999999998566,7.499999999999318,0.0,-6.999999999998566,8.49999999999816,0.0
1781378613.7355745,-5.999999999999445,7.499999999999318,0.0,-5.999999999999445,8.49999999999816,0.0,-6.999999999998566,7.499999999999318,0.0,-6.999999999998566,8.49999999999816,0.0
1781378614.2345905,-5.999999999999445,7.499999999999318,0.0,-5.999999999999445,8.49999999999816,0.0,-6.9999999999985665,7.499999999999318,0.0,-6.9999999999985665,8.49999999999816,0.0
1781378614.73487,-5.999999999999445,7.499999999999318,0.0,-5.999999999999445,8.49999999999816,0.0,-6.999999999998566,7.499999999999318,0.0,-6.999999999998566,8.49999999999816,0.0
1781378615.234865,-5.999999999999445,7.499999999999318,0.0,-5.999999999999445,8.49999999999816,0.0,-6.9999999999985665,7.499999999999318,0.0,-6.9999999999985665,8.49999999999816,0.0
1781378615.7341309,-5.999999999999445,7.499999999999318,0.0,-5.999999999999445,8.49999999999816,0.0,-6.999999999998566,7.499999999999318,0.0,-6.999999999998566,8.49999999999816,0.0
1781378616.2341545,-5.999999999999445,7.499999999999318,0.0,-5.999999999999445,8.49999999999816,0.0,-6.9999999999985665,7.499999999999318,0.0,-6.9999999999985665,8.49999999999816,0.0
1781378616.73697,-5.999999999999444,7.499999999999318,0.0,-5.999999999999444,8.49999999999816,0.0,-6.999999999998566,7.499999999999318,0.0,-6.999999999998566,8.49999999999816,0.0
1781378617.2346992,-5.999999999999445,7.499999999999318,0.0,-5.999999999999445,8.49999999999816,0.0,-6.9999999999985665,7.499999999999318,0.0,-6.9999999999985665,8.49999999999816,0.0
1781378617.7343457,-5.999999999999444,7.499999999999318,0.0,-5.999999999999444,8.49999999999816,0.0,-6.999999999998566,7.499999999999318,0.0,-6.999999999998566,8.49999999999816,0.0
1781378618.234165,-5.999999999999445,7.499999999999318,0.0,-5.999999999999445,8.49999999999816,0.0,-6.9999999999985665,7.499999999999318,0.0,-6.9999999999985665,8.49999999999816,0.0
1781378618.735551,-5.999999999999445,7.499999999999318,0.0,-5.999999999999445,8.49999999999816,0.0,-6.9999999999985665,7.499999999999318,0.0,-6.9999999999985665,8.49999999999816,0.0
1781378619.2343938,-5.999999999999445,7.499999999999318,0.0,-5.999999999999445,8.49999999999816,0.0,-6.999999999998566,7.499999999999318,0.0,-6.999999999998566,8.49999999999816,0.0
1781378619.7345695,-5.999999999999445,7.499999999999318,0.0,-5.999999999999445,8.49999999999816,0.0,-6.9999999999985665,7.499999999999318,0.0,-6.9999999999985665,8.49999999999816,0.0
1781378620.2376869,-5.999999999999445,7.499999999999318,0.0,-5.999999999999445,8.49999999999816,0.0,-6.999999999998566,7.499999999999318,0.0,-6.999999999998566,8.49999999999816,0.0
1781378620.7344322,-5.999999999999445,7.499999999999318,0.0,-5.999999999999445,8.49999999999816,0.0,-6.9999999999985665,7.499999999999318,0.0,-6.9999999999985665,8.49999999999816,0.0
1781378621.2343895,-5.999999999999444,7.499999999999318,0.0,-5.999999999999444,8.49999999999816,0.0,-6.999999999998566,7.499999999999318,0.0,-6.999999999998566,8.49999999999816,0.0
1781378621.7345667,-5.999999999999445,7.499999999999318,0.0,-5.999999999999445,8.49999999999816,0.0,-6.9999999999985665,7.499999999999318,0.0,-6.9999999999985665,8.49999999999816,0.0
1781378622.2343783,-5.999999999999445,7.499999999999318,0.0,-5.999999999999445,8.49999999999816,0.0,-6.9999999999985665,7.499999999999318,0.0,-6.999999999998566,8.49999999999816,0.0
1781378622.7372296,-5.999999999999445,7.499999999999318,0.0,-5.999999999999445,8.49999999999816,0.0,-6.9999999999985665,7.499999999999318,0.0,-6.9999999999985665,8.49999999999816,0.0
1781378623.235729,-5.999999999999445,7.499999999999318,0.0,-5.999999999999445,8.49999999999816,0.0,-6.9999999999985665,7.499999999999318,0.0,-6.9999999999985665,8.49999999999816,0.0
1781378623.7380128,-5.999999999999445,7.499999999999318,0.0,-5.999999999999445,8.49999999999816,0.0,-6.999999999998566,7.499999999999318,0.0,-6.999999999998566,8.49999999999816,0.0
1781378624.2357864,-5.999999999999445,7.499999999999318,0.0,-5.999999999999445,8.49999999999816,0.0,-6.9999999999985665,7.499999999999318,0.0,-6.9999999999985665,8.49999999999816,0.0
1781378624.735625,-5.999999999999445,7.499999999999318,0.0,-5.999999999999445,8.49999999999816,0.0,-6.9999999999985665,7.499999999999318,0.0,-6.999999999998566,8.49999999999816,0.0
1781378625.2337656,-5.999999999999444,7.499999999999318,0.0,-5.999999999999444,8.49999999999816,0.0,-6.999999999998566,7.499999999999318,0.0,-6.999999999998566,8.49999999999816,0.0
1781378625.7350414,-5.999999999999445,7.499999999999318,0.0,-5.999999999999445,8.49999999999816,0.0,-6.9999999999985665,7.499999999999318,0.0,-6.9999999999985665,8.49999999999816,0.0
1781378626.2344913,-5.999999999999445,7.499999999999318,0.0,-5.999999999999445,8.49999999999816,0.0,-6.9999999999985665,7.499999999999318,0.0,-6.9999999999985665,8.49999999999816,0.0
1781378626.7343569,-5.999999999999445,7.499999999999318,0.0,-5.999999999999445,8.49999999999816,0.0,-6.999999999998566,7.499999999999318,0.0,-6.999999999998566,8.49999999999816,0.0
1781378627.2340975,-5.999999999999445,7.499999999999318,0.0,-5.999999999999445,8.49999999999816,0.0,-6.9999999999985665,7.499999999999318,0.0,-6.9999999999985665,8.49999999999816,0.0
1781378627.7380424,-5.999999999999445,7.499999999999318,0.0,-5.999999999999445,8.49999999999816,0.0,-6.999999999998566,7.499999999999318,0.0,-6.999999999998566,8.49999999999816,0.0
1781378628.233699,-5.999999999999445,7.499999999999318,0.0,-5.999999999999445,8.49999999999816,0.0,-6.9999999999985665,7.499999999999318,0.0,-6.9999999999985665,8.49999999999816,0.0
1781378628.7362618,-5.999999999999445,7.499999999999318,0.0,-5.999999999999445,8.49999999999816,0.0,-6.999999999998566,7.499999999999318,0.0,-6.999999999998566,8.49999999999816,0.0
1781378629.2338707,-5.992720000000719,7.499999999999318,0.0,-5.999999999999445,8.49999999999816,0.0,-6.9999999999985665,7.499999999999318,0.0,-6.9999999999985665,8.49999999999816,0.0
1781378629.7351456,-5.96151999887281,7.499999999999318,0.0,-5.999999999999445,8.49999999999816,0.0,-6.9999999999985665,7.499999999999318,0.0,-6.9999999999985665,8.49999999999816,0.0
1781378630.2384787,-5.925119998622646,7.499999999999318,0.0,-5.999999999999445,8.49999999999816,0.0,-6.999999999998566,7.499999999999318,0.0,-6.999999999998566,8.49999999999816,0.0
1781378630.738566,-5.883519998622907,7.499999999999318,0.0,-5.999999999999445,8.49999999999816,0.0,-6.9999999999985665,7.499999999999318,0.0,-6.9999999999985665,8.49999999999816,0.0
1781378631.234461,-5.847119998623128,7.499999999999318,0.0,-5.999999999999445,8.49999999999816,0.0,-6.999999999998566,7.499999999999318,0.0,-6.999999999998566,8.49999999999816,0.0
1781378631.7344317,-5.815919998623318,7.499999999999318,0.0,-5.999999999999445,8.49999999999816,0.0,-6.9999999999985665,7.499999999999318,0.0,-6.9999999999985665,8.49999999999816,0.0
1781378632.2357004,-5.78003999862354,7.499999999999318,0.0,-5.999999999999445,8.49999999999816,0.0,-6.9999999999985665,7.499999999999318,0.0,-6.9999999999985665,8.49999999999816,0.0
1781378632.7343616,-5.748839998623729,7.499999999999318,0.0,-5.999999999999444,8.49999999999816,0.0,-6.999999999998566,7.499999999999318,0.0,-6.999999999998566,8.49999999999816,0.0
1781378633.2347994,-5.719487367044804,7.499999999999318,0.0,-5.999999999999445,8.49999999999816,0.0,-6.999999999998566,7.499999999999318,0.0,-6.999999999998566,8.49999999999816,0.0
1781378633.7346492,-5.68360736704519,7.499999999999318,0.0,-5.999999999999445,8.49999999999816,0.0,-6.9999999999985665,7.499999999999318,0.0,-6.9999999999985665,8.49999999999816,0.0
1781378634.2376125,-5.647207367045411,7.499999999999318,0.0,-5.999999999999444,8.49999999999816,0.0,-6.999999999998566,7.499999999999318,0.0,-6.999999999998566,8.49999999999816,0.0
1781378634.7346401,-5.611217893361423,7.499999999999318,0.0,-5.999999999999445,8.49999999999816,0.0,-6.9999999999985665,7.499999999999318,0.0,-6.9999999999985665,8.49999999999816,0.0
1781378635.2361786,-5.575296840730066,7.499999999999318,0.0,-5.999999999999445,8.49999999999816,0.0,-6.9999999999985665,7.499999999999318,0.0,-6.9999999999985665,8.49999999999816,0.0
1781378635.7359705,-5.54465789336175,7.499999999999318,0.0,-5.999999999999444,8.49999999999816,0.0,-6.999999999998566,7.499999999999318,0.0,-6.999999999998566,8.49999999999816,0.0
1781378636.2345662,-5.508928419677763,7.499999999999318,0.0,-5.999999999999445,8.49999999999816,0.0,-6.9999999999985665,7.499999999999318,0.0,-6.9999999999985665,8.49999999999816,0.0
1781378636.7343311,-5.468477893362307,7.499999999999318,0.0,-5.999999999999444,8.49999999999816,0.0,-6.999999999998566,7.499999999999318,0.0,-6.999999999998566,8.49999999999816,0.0
1781378637.2370565,-5.437277893362498,7.499999999999318,0.0,-5.999999999999445,8.49999999999816,0.0,-6.999999999998566,7.499999999999318,0.0,-6.999999999998566,8.49999999999816,0.0
1781378637.7344017,-5.4015073670468565,7.499999999999318,0.0,-5.999999999999445,8.49999999999816,0.0,-6.9999999999985665,7.499999999999318,0.0,-6.9999999999985665,8.49999999999816,0.0
1781378638.2351787,-5.360030524941945,7.499999999999318,0.0,-5.999999999999445,8.49999999999816,0.0,-6.999999999998566,7.499999999999318,0.0,-6.999999999998566,8.49999999999816,0.0
1781378638.7344325,-5.328830524942146,7.499999999999318,0.0,-5.999999999999445,8.49999999999816,0.0,-6.9999999999985665,7.499999999999318,0.0,-6.9999999999985665,8.49999999999816,0.0
1781378639.2424192,-5.29243052494238,7.499999999999318,0.0,-5.999999999999445,8.49999999999816,0.0,-6.9999999999985665,7.499999999999318,0.0,-6.9999999999985665,8.49999999999816,0.0
1781378639.7342353,-5.26123052494257,7.499999999999318,0.0,-5.999999999999444,8.49999999999816,0.0,-6.999999999998566,7.499999999999318,0.0,-6.999999999998566,8.49999999999816,0.0
1781378640.2366385,-5.224830524942792,7.499999999999318,0.0,-5.999999999999445,8.49999999999816,0.0,-6.9999999999985665,7.499999999999318,0.0,-6.9999999999985665,8.49999999999816,0.0
1781378640.7366338,-5.193630524942984,7.499999999999318,0.0,-5.999999999999445,8.49999999999816,0.0,-6.9999999999985665,7.499999999999318,0.0,-6.9999999999985665,8.49999999999816,0.0
1781378641.23579,-5.157230524943192,7.499999999999318,0.0,-5.999999999999444,8.49999999999816,0.0,-6.999999999998566,7.499999999999318,0.0,-6.999999999998566,8.49999999999816,0.0
1781378641.7341192,-5.120830524943402,7.499999999999318,0.0,-5.999999999999445,8.49999999999816,0.0,-6.9999999999985665,7.499999999999318,0.0,-6.9999999999985665,8.49999999999816,0.0
1781378642.2355917,-5.089630524943582,7.499999999999318,0.0,-5.999999999999445,8.49999999999816,0.0,-6.9999999999985665,7.499999999999318,0.0,-6.9999999999985665,8.49999999999816,0.0
1781378642.7367182,-5.058430524943761,7.499999999999318,0.0,-5.999999999999445,8.49999999999816,0.0,-6.9999999999985665,7.499999999999318,0.0,-6.999999999998566,8.49999999999816,0.0
1781378643.2360282,-5.02203052494397,7.499999999999318,0.0,-5.999999999999445,8.49999999999816,0.0,-6.999999999998566,7.499999999999318,0.0,-6.999999999998566,8.49999999999816,0.0
1781378643.7374728,-4.985630524944179,7.499999999999318,0.0,-5.999999999999445,8.49999999999816,0.0,-6.9999999999985665,7.499999999999318,0.0,-6.9999999999985665,8.49999999999816,0.0
1781378644.236302,-4.949230524944388,7.499999999999318,0.0,-5.999999999999444,8.49999999999816,0.0,-6.999999999998566,7.499999999999318,0.0,-6.999999999998566,8.49999999999816,0.0
1781378644.7347238,-4.918030524944568,7.499999999999318,0.0,-5.999999999999445,8.49999999999816,0.0,-6.999999999998566,7.499999999999318,0.0,-6.999999999998566,8.49999999999816,0.0
1781378645.234618,-4.881630524944777,7.499999999999318,0.0,-5.999999999999445,8.49999999999816,0.0,-6.9999999999985665,7.499999999999318,0.0,-6.9999999999985665,8.49999999999816,0.0
1781378645.7349896,-4.850430524944974,7.499999999999318,0.0,-5.999999999999445,8.49999999999816,0.0,-6.9999999999985665,7.499999999999318,0.0,-6.9999999999985665,8.49999999999816,0.0
1781378646.2341063,-4.808830524945241,7.499999999999318,0.0,-5.999999999999445,8.49999999999816,0.0,-6.9999999999985665,7.499999999999318,0.0,-6.9999999999985665,8.49999999999816,0.0
1781378646.7346673,-4.777630524945442,7.499999999999318,0.0,-5.999999999999445,8.49999999999816,0.0,-6.9999999999985665,7.499999999999318,0.0,-6.9999999999985665,8.49999999999816,0.0
1781378647.239144,-4.746430524945643,7.499999999999318,0.0,-5.999999999999445,8.49999999999816,0.0,-6.9999999999985665,7.499999999999318,0.0,-6.9999999999985665,8.49999999999816,0.0
1781378647.7339315,-4.721402203785415,7.52001231982597,0.0,-5.999999999999445,8.49999999999816,0.0,-6.999999999998566,7.499999999999318,0.0,-6.999999999998566,8.49999999999816,0.0
1781378648.2353864,-4.690210273603201,7.520721891172202,0.0,-5.999999999999445,8.49999999999816,0.0,-6.9999999999985665,7.499999999999318,0.0,-6.9999999999985665,8.49999999999816,0.0
1781378648.7349539,-4.659018343420987,7.521431462518434,0.0,-5.999999999999445,8.49999999999816,0.0,-6.9999999999985665,7.499999999999318,0.0,-6.9999999999985665,8.49999999999816,0.0
1781378649.2350545,-4.622627758208404,7.522259295755705,0.0,-5.999999999999444,8.49999999999816,0.0,-6.999999999998566,7.499999999999318,0.0,-6.999999999998566,8.49999999999816,0.0
1781378649.7350657,-4.59143582802619,7.5229688671019375,0.0,-5.999999999999445,8.49999999999816,0.0,-6.999999999998566,7.499999999999318,0.0,-6.999999999998566,8.49999999999816,0.0
1781378650.234905,-4.555045242813608,7.523796700339208,0.0,-5.999999999999445,8.49999999999816,0.0,-6.9999999999985665,7.499999999999318,0.0,-6.9999999999985665,8.49999999999816,0.0
1781378650.737926,-4.518654657601026,7.524624533576479,0.0,-5.999999999999444,8.49999999999816,0.0,-6.999999999998566,7.499999999999318,0.0,-6.999999999998566,8.49999999999816,0.0
1781378651.2363179,-4.4822640723884435,7.52545236681375,0.0,-5.999999999999445,8.49999999999816,0.0,-6.9999999999985665,7.499999999999318,0.0,-6.999999999998566,8.49999999999816,0.0
1781378651.735677,-4.451674091735729,7.526148244677869,0.0,-5.999999999999445,8.49999999999816,0.0,-6.9999999999985665,7.499999999999318,0.0,-6.9999999999985665,8.49999999999816,0.0
1781378652.2343695,-4.415830733368777,7.5269636292950235,0.0,-5.999999999999444,8.49999999999816,0.0,-6.999999999998566,7.499999999999318,0.0,-6.999999999998566,8.49999999999816,0.0
1781378652.7349427,-4.3887430045260185,7.5275798359904424,0.0,-5.999999999999445,8.49999999999816,0.0,-6.999999999998566,7.499999999999318,0.0,-6.999999999998566,8.49999999999816,0.0
1781378653.233925,-4.353884654480615,7.5283728130914,0.0,-5.999999999999445,8.49999999999816,0.0,-6.9999999999985665,7.499999999999318,0.0,-6.9999999999985665,8.49999999999816,0.0
1781378653.734648,-4.322692724298402,7.529082384437632,0.0,-5.999999999999445,8.49999999999816,0.0,-6.9999999999985665,7.499999999999318,0.0,-6.9999999999985665,8.49999999999816,0.0
1781378654.2359612,-4.286302139085819,7.529910217674902,0.0,-5.999999999999445,8.49999999999816,0.0,-6.999999999998566,7.499999999999318,0.0,-6.999999999998566,8.49999999999816,0.0
1781378654.7352536,-4.255110208903606,7.530619789021134,0.0,-5.999999999999445,8.49999999999816,0.0,-6.9999999999985665,7.499999999999318,0.0,-6.9999999999985665,8.49999999999816,0.0
1781378655.2369943,-4.220853808387701,7.531399072639979,0.0,-5.999999999999445,8.49999999999816,0.0,-6.9999999999985665,7.499999999999318,0.0,-6.9999999999985665,8.49999999999816,0.0
1781378655.7362127,-4.1844632231748164,7.532226905877256,0.0,-5.999999999999445,8.49999999999816,0.0,-6.9999999999985665,7.499999999999318,0.0,-6.9999999999985665,8.49999999999816,0.0
1781378656.2345033,-4.151082385611401,7.532986271703926,0.0,-5.999999999999445,8.49999999999816,0.0,-6.9999999999985665,7.499999999999318,0.0,-6.9999999999985665,8.49999999999816,0.0
1781378656.7358353,-4.126457177572856,7.5335464596088455,0.0,-5.999999999999444,8.49999999999816,0.0,-6.999999999998566,7.499999999999318,0.0,-6.999999999998566,8.49999999999816,0.0
1781378657.2378387,-4.098439163093402,7.534183828958443,0.0,-5.999999999999445,8.49999999999816,0.0,-6.999999999998566,7.499999999999318,0.0,-6.999999999998566,8.49999999999816,0.0
1781378657.7349582,-4.073813955054857,7.534744016863362,0.0,-5.999999999999445,8.49999999999816,0.0,-6.9999999999985665,7.499999999999318,0.0,-6.9999999999985665,8.49999999999816,0.0
1781378658.2370923,-4.043880646616868,7.535424956383342,0.0,-5.999999999999445,8.49999999999816,0.0,-6.9999999999985665,7.499999999999318,0.0,-6.9999999999985665,8.49999999999816,0.0
1781378658.7349844,-4.019255438578323,7.5359851442882615,0.0,-5.999999999999444,8.49999999999816,0.0,-6.999999999998566,7.499999999999318,0.0,-6.999999999998566,8.49999999999816,0.0
1781378659.233821,-3.994083003694458,7.53655778081329,0.0,-5.999999999999445,8.49999999999816,0.0,-6.999999999998566,7.499999999999318,0.0,-6.999999999998566,8.49999999999816,0.0
1781378659.735467,-3.9653535943161557,7.537211333369029,0.0,-5.999999999999445,8.49999999999816,0.0,-6.9999999999985665,7.499999999999318,0.0,-6.9999999999985665,8.49999999999816,0.0
1781378660.236869,-3.940728386277611,7.537771521273948,0.0,-5.999999999999445,8.49999999999816,0.0,-6.9999999999985665,7.499999999999318,0.0,-6.9999999999985665,8.49999999999816,0.0
1781378660.7377088,-3.916103178239066,7.538331709178867,0.0,-5.999999999999444,8.49999999999816,0.0,-6.999999999998566,7.499999999999318,0.0,-6.999999999998566,8.49999999999816,0.0
1781378661.2342312,-3.8873737688607637,7.538985261734606,0.0,-5.999999999999445,8.49999999999816,0.0,-6.9999999999985665,7.499999999999318,0.0,-6.9999999999985665,8.49999999999816,0.0
1781378661.7373664,-3.862748560822219,7.539545449639525,0.0,-5.999999999999445,8.49999999999816,0.0,-6.9999999999985665,7.499999999999318,0.0,-6.9999999999985665,8.49999999999816,0.0
1781378662.2346823,-3.829914950104159,7.540292366846084,0.0,-5.999999999999445,8.49999999999816,0.0,-6.999999999998566,7.499999999999318,0.0,-6.999999999998566,8.49999999999816,0.0
1781378662.7369716,-3.8052897420656144,7.5408525547510035,0.0,-5.999999999999445,8.49999999999816,0.0,-6.9999999999985665,7.499999999999318,0.0,-6.9999999999985665,8.49999999999816,0.0
1781378663.2354076,-3.781895795969201,7.541384733225639,0.0,-5.999999999999445,8.49999999999816,0.0,-6.9999999999985665,7.499999999999318,0.0,-6.9999999999985665,8.49999999999816,0.0
1781378663.73514,-3.7572705879306567,7.541944921130558,0.0,-5.999999999999445,8.49999999999816,0.0,-6.9999999999985665,7.499999999999318,0.0,-6.9999999999985665,8.49999999999816,0.0
1781378664.2347188,-3.7326453798921118,7.542505109035477,0.0,-5.999999999999444,8.49999999999816,0.0,-6.999999999998566,7.499999999999318,0.0,-6.999999999998566,8.49999999999816,0.0
1781378664.7354882,-3.7080201718535664,7.543065296940396,0.0,-5.999999999999445,8.49999999999816,0.0,-6.999999999998566,7.499999999999318,0.0,-6.999999999998566,8.49999999999816,0.0
1781378665.2343326,-3.683394963815022,7.5436254848453155,0.0,-5.999999999999445,8.49999999999816,0.0,-6.9999999999985665,7.499999999999318,0.0,-6.9999999999985665,8.49999999999816,0.0
1781378665.73633,-3.6546655544367197,7.544279037401054,0.0,-5.999999999999445,8.49999999999816,0.0,-6.9999999999985665,7.499999999999318,0.0,-6.9999999999985665,8.49999999999816,0.0
1781378666.237685,-3.630738061497045,7.544823353295517,0.0,-5.999999999999444,8.49999999999816,0.0,-6.999999999998566,7.499999999999318,0.0,-6.999999999998566,8.49999999999816,0.0
1781378666.735243,-3.5508922537942316,7.487252169133546,0.0,-5.999999999999445,8.49999999999816,0.0,-6.999999999998566,7.499999999999318,0.0,-6.999999999998566,8.49999999999816,0.0
1781378667.23553,-3.527429041051272,7.486758094141297,0.0,-5.999999999999445,8.49999999999816,0.0,-6.9999999999985665,7.499999999999318,0.0,-6.9999999999985665,8.49999999999816,0.0
1781378667.7337701,-3.497056827649856,7.48611853334179,0.0,-5.999999999999445,8.49999999999816,0.0,-6.9999999999985665,7.499999999999318,0.0,-6.9999999999985665,8.49999999999816,0.0
1781378668.2338357,-3.472266541246175,7.485596513586995,0.0,-5.999999999999445,8.49999999999816,0.0,-6.9999999999985665,7.499999999999318,0.0,-6.9999999999985665,8.49999999999816,0.0
1781378668.736545,-3.4424963003630977,7.484969628782485,0.0,-5.999999999999444,8.49999999999816,0.0,-6.999999999998566,7.499999999999318,0.0,-6.999999999998566,8.49999999999816,0.0
1781378669.238208,-3.4137658362634817,7.484364639006241,0.0,-5.999999999999445,8.49999999999816,0.0,-6.9999999999985665,7.499999999999318,0.0,-6.9999999999985665,8.49999999999816,0.0
1781378669.733966,-3.3889755437850617,7.4838426191235286,0.0,-5.999999999999445,8.49999999999816,0.0,-6.9999999999985665,7.499999999999318,0.0,-6.9999999999985665,8.49999999999816,0.0
1781378670.2381513,-3.3602450796800944,7.483237629347172,0.0,-5.999999999999445,8.49999999999816,0.0,-6.9999999999985665,7.499999999999318,0.0,-6.9999999999985665,8.49999999999816,0.0
1781378670.7337987,-3.3381363011456675,7.482772075260325,0.0,-5.999999999999445,8.49999999999816,0.0,-6.9999999999985665,7.499999999999318,0.0,-6.9999999999985665,8.49999999999816,0.0
1781378671.2347794,-3.3135101890510708,7.482253512594778,0.0,-5.999999999999444,8.49999999999816,0.0,-6.999999999998566,7.499999999999318,0.0,-6.999999999998566,8.49999999999816,0.0
1781378671.7337909,-3.2822623853178206,7.481595514111943,0.0,-5.999999999999445,8.49999999999816,0.0,-6.9999999999985665,7.499999999999318,0.0,-6.9999999999985665,8.49999999999816,0.0
1781378672.2373414,-3.2617406252348995,7.481163378557235,0.0,-5.999999999999445,8.49999999999816,0.0,-6.9999999999985665,7.499999999999318,0.0,-6.9999999999985665,8.49999999999816,0.0
1781378672.7349336,-3.237114513133664,7.480644815891549,0.0,-5.999999999999445,8.49999999999816,0.0,-6.9999999999985665,7.499999999999318,0.0,-6.9999999999985665,8.49999999999816,0.0
1781378673.2365532,-3.2124884010302686,7.4801262532258175,0.0,-5.999999999999445,8.49999999999816,0.0,-6.9999999999985665,7.499999999999318,0.0,-6.9999999999985665,8.49999999999816,0.0
1781378673.7386422,-3.183881067467377,7.479523856262401,0.0,-5.999999999999445,8.49999999999816,0.0,-6.999999999998566,7.499999999999318,0.0,-6.999999999998566,8.49999999999816,0.0
1781378674.2351413,-3.1608966961664593,7.479039864440959,0.0,-5.999999999999445,8.49999999999816,0.0,-6.9999999999985665,7.499999999999318,0.0,-6.9999999999985665,8.49999999999816,0.0
1781378674.7350805,-3.1376250202227416,7.478549822721716,0.0,-5.999999999999445,8.49999999999816,0.0,-6.9999999999985665,7.499999999999318,0.0,-6.9999999999985665,8.49999999999816,0.0
1781378675.237439,-3.113983952595041,7.4780520025624355,0.0,-5.999999999999445,8.49999999999816,0.0,-6.999999999998566,7.499999999999318,0.0,-6.999999999998566,8.49999999999816,0.0
1781378675.7348542,-3.0878392302343873,7.477501461865422,0.0,-5.999999999999445,8.49999999999816,0.0,-6.9999999999985665,7.499999999999318,0.0,-6.9999999999985665,8.49999999999816,0.0
1781378676.2356186,-3.0676047747789412,7.477075376208192,0.0,-5.999999999999444,8.49999999999816,0.0,-6.9999999999985665,7.499999999999318,0.0,-6.999999999998566,8.49999999999816,0.0
1781378676.7360163,-3.04207570521747,7.476537799577749,0.0,-5.999999999999445,8.49999999999816,0.0,-6.999999999998566,7.499999999999318,0.0,-6.999999999998566,8.49999999999816,0.0
1781378677.2363577,-3.0215129015971858,7.476104799751569,0.0,-5.999999999999445,8.49999999999816,0.0,-6.9999999999985665,7.499999999999318,0.0,-6.9999999999985665,8.49999999999816,0.0
1781378677.7351842,-2.9990210525264946,7.475631179183193,0.0,-5.999999999999445,8.49999999999816,0.0,-6.9999999999985665,7.499999999999318,0.0,-6.9999999999985665,8.49999999999816,0.0
1781378678.2346404,-2.977350073857833,7.475174844036976,0.0,-5.999999999999445,8.49999999999816,0.0,-6.9999999999985665,7.499999999999318,0.0,-6.9999999999985665,8.49999999999816,0.0
1781378678.7345498,-2.9487427402728046,7.474572447073094,0.0,-5.999999999999445,8.49999999999816,0.0,-6.9999999999985665,7.499999999999318,0.0,-6.9999999999985665,8.49999999999816,0.0
1781378679.2395318,-2.9295343728134755,7.47416796819343,0.0,-5.999999999999445,8.49999999999816,0.0,-6.9999999999985665,7.499999999999318,0.0,-6.9999999999985665,8.49999999999816,0.0
1781378679.7346427,-2.9080686117417085,7.473715954402678,0.0,-5.999999999999445,8.49999999999816,0.0,-6.9999999999985665,7.499999999999318,0.0,-6.9999999999985665,8.49999999999816,0.0
1781378698.687929,NaN,NaN,NaN,NaN,NaN,NaN,NaN,NaN,NaN,NaN,NaN,NaN
1781378699.1900418,NaN,NaN,NaN,NaN,NaN,NaN,NaN,NaN,NaN,NaN,NaN,NaN
1781378699.6891005,NaN,NaN,NaN,NaN,NaN,NaN,NaN,NaN,NaN,NaN,NaN,NaN
1781378700.1885078,NaN,NaN,NaN,NaN,NaN,NaN,NaN,NaN,NaN,NaN,NaN,NaN
1781378700.6882675,NaN,NaN,NaN,NaN,NaN,NaN,NaN,NaN,NaN,NaN,NaN,NaN
1781378701.1878805,NaN,NaN,NaN,NaN,NaN,NaN,NaN,NaN,NaN,NaN,NaN,NaN
1781378701.6884794,NaN,NaN,NaN,NaN,NaN,NaN,NaN,NaN,NaN,NaN,NaN,NaN
1781378702.1883445,NaN,NaN,NaN,NaN,NaN,NaN,NaN,NaN,NaN,NaN,NaN,NaN
1781378702.6884232,NaN,NaN,NaN,NaN,NaN,NaN,NaN,NaN,NaN,NaN,NaN,NaN
1781378703.1886034,NaN,NaN,NaN,NaN,NaN,NaN,NaN,NaN,NaN,NaN,NaN,NaN
1781378703.6882496,NaN,NaN,NaN,NaN,NaN,NaN,NaN,NaN,NaN,NaN,NaN,NaN
1781378704.188245,NaN,NaN,NaN,NaN,NaN,NaN,NaN,NaN,NaN,NaN,NaN,NaN
1781378704.6882434,NaN,NaN,NaN,NaN,NaN,NaN,NaN,NaN,NaN,NaN,NaN,NaN
1781378705.1885345,NaN,NaN,NaN,NaN,NaN,NaN,NaN,NaN,NaN,NaN,NaN,NaN
1781378705.688471,NaN,NaN,NaN,NaN,NaN,NaN,NaN,NaN,NaN,NaN,NaN,NaN
1781378706.1881387,NaN,NaN,NaN,NaN,NaN,NaN,NaN,NaN,NaN,NaN,NaN,NaN
1781378706.688261,NaN,NaN,NaN,NaN,NaN,NaN,NaN,NaN,NaN,NaN,NaN,NaN
1781378707.1884573,NaN,NaN,NaN,NaN,NaN,NaN,NaN,NaN,NaN,NaN,NaN,NaN
1781378707.6886427,NaN,NaN,NaN,NaN,NaN,NaN,NaN,NaN,NaN,NaN,NaN,NaN
1781378708.1885545,NaN,NaN,NaN,NaN,NaN,NaN,NaN,NaN,NaN,NaN,NaN,NaN
1781378708.688548,NaN,NaN,NaN,NaN,NaN,NaN,NaN,NaN,NaN,NaN,NaN,NaN
1781378709.1882427,NaN,NaN,NaN,NaN,NaN,NaN,NaN,NaN,NaN,NaN,NaN,NaN
1781378709.695284,NaN,NaN,NaN,NaN,NaN,NaN,NaN,NaN,NaN,NaN,NaN,NaN
1781378710.2048397,NaN,NaN,NaN,NaN,NaN,NaN,NaN,NaN,NaN,NaN,NaN,NaN
1781378710.7123144,NaN,NaN,NaN,NaN,NaN,NaN,NaN,NaN,NaN,NaN,NaN,NaN
1781378711.1880033,NaN,NaN,NaN,NaN,NaN,NaN,NaN,NaN,NaN,NaN,NaN,NaN
1781378711.6879,NaN,NaN,NaN,NaN,NaN,NaN,NaN,NaN,NaN,NaN,NaN,NaN
1781378712.1886914,NaN,NaN,NaN,NaN,NaN,NaN,NaN,NaN,NaN,NaN,NaN,NaN
1781378712.6887329,NaN,NaN,NaN,NaN,NaN,NaN,NaN,NaN,NaN,NaN,NaN,NaN
1781378713.1885102,NaN,NaN,NaN,NaN,NaN,NaN,NaN,NaN,NaN,NaN,NaN,NaN
1781378713.688,NaN,NaN,NaN,NaN,NaN,NaN,NaN,NaN,NaN,NaN,NaN,NaN
1781378714.1885073,NaN,NaN,NaN,NaN,NaN,NaN,NaN,NaN,NaN,NaN,NaN,NaN
1781378714.6884253,NaN,NaN,NaN,NaN,NaN,NaN,NaN,NaN,NaN,NaN,NaN,NaN
1781378715.1890016,NaN,NaN,NaN,NaN,NaN,NaN,NaN,NaN,NaN,NaN,NaN,NaN
1781378715.688149,NaN,NaN,NaN,NaN,NaN,NaN,NaN,NaN,NaN,NaN,NaN,NaN
1781378716.1895013,NaN,NaN,NaN,NaN,NaN,NaN,NaN,NaN,NaN,NaN,NaN,NaN
1781378716.6885955,NaN,NaN,NaN,NaN,NaN,NaN,NaN,NaN,NaN,NaN,NaN,NaN
1781378717.1884487,NaN,NaN,NaN,NaN,NaN,NaN,NaN,NaN,NaN,NaN,NaN,NaN
1781378717.6910913,NaN,NaN,NaN,NaN,NaN,NaN,NaN,NaN,NaN,NaN,NaN,NaN
1781378718.1943722,NaN,NaN,NaN,NaN,NaN,NaN,NaN,NaN,NaN,NaN,NaN,NaN
1781378718.6922789,NaN,NaN,NaN,NaN,NaN,NaN,NaN,NaN,NaN,NaN,NaN,NaN
1781378719.1912768,NaN,NaN,NaN,NaN,NaN,NaN,NaN,NaN,NaN,NaN,NaN,NaN
1781378719.6898851,NaN,NaN,NaN,NaN,NaN,NaN,NaN,NaN,NaN,NaN,NaN,NaN
1781378720.1892142,NaN,NaN,NaN,NaN,NaN,NaN,NaN,NaN,NaN,NaN,NaN,NaN
1781378720.689427,NaN,NaN,NaN,NaN,NaN,NaN,NaN,NaN,NaN,NaN,NaN,NaN
1781378721.193414,NaN,NaN,NaN,NaN,NaN,NaN,NaN,NaN,NaN,NaN,NaN,NaN
1781378721.6981409,NaN,NaN,NaN,NaN,NaN,NaN,NaN,NaN,NaN,NaN,NaN,NaN
1781378722.1882956,NaN,NaN,NaN,NaN,NaN,NaN,NaN,NaN,NaN,NaN,NaN,NaN
1781378722.6887608,NaN,NaN,NaN,NaN,NaN,NaN,NaN,NaN,NaN,NaN,NaN,NaN
1781378723.1888235,NaN,NaN,NaN,NaN,NaN,NaN,NaN,NaN,NaN,NaN,NaN,NaN
1781378723.6883988,NaN,NaN,NaN,NaN,NaN,NaN,NaN,NaN,NaN,NaN,NaN,NaN
1781378724.1884131,NaN,NaN,NaN,NaN,NaN,NaN,NaN,NaN,NaN,NaN,NaN,NaN
1781378724.688354,NaN,NaN,NaN,NaN,NaN,NaN,NaN,NaN,NaN,NaN,NaN,NaN
1781378725.187981,NaN,NaN,NaN,NaN,NaN,NaN,NaN,NaN,NaN,NaN,NaN,NaN
1781378725.6883662,NaN,NaN,NaN,NaN,NaN,NaN,NaN,NaN,NaN,NaN,NaN,NaN
1781378726.188267,NaN,NaN,NaN,NaN,NaN,NaN,NaN,NaN,NaN,NaN,NaN,NaN
1781378726.6885164,NaN,NaN,NaN,NaN,NaN,NaN,NaN,NaN,NaN,NaN,NaN,NaN
1781378727.188289,NaN,NaN,NaN,NaN,NaN,NaN,NaN,NaN,NaN,NaN,NaN,NaN
1781378727.6883223,NaN,NaN,NaN,NaN,NaN,NaN,NaN,NaN,NaN,NaN,NaN,NaN
1781378728.1879356,NaN,NaN,NaN,NaN,NaN,NaN,NaN,NaN,NaN,NaN,NaN,NaN
1781378728.6883316,NaN,NaN,NaN,NaN,NaN,NaN,NaN,NaN,NaN,NaN,NaN,NaN
1781378729.1885405,NaN,NaN,NaN,NaN,NaN,NaN,NaN,NaN,NaN,NaN,NaN,NaN
1781378729.688278,NaN,NaN,NaN,NaN,NaN,NaN,NaN,NaN,NaN,NaN,NaN,NaN
1781378730.1879046,NaN,NaN,NaN,NaN,NaN,NaN,NaN,NaN,NaN,NaN,NaN,NaN
1781378730.688294,NaN,NaN,NaN,NaN,NaN,NaN,NaN,NaN,NaN,NaN,NaN,NaN
1781378731.1885777,NaN,NaN,NaN,NaN,NaN,NaN,NaN,NaN,NaN,NaN,NaN,NaN
1781378731.6882536,NaN,NaN,NaN,NaN,NaN,NaN,NaN,NaN,NaN,NaN,NaN,NaN
1781378732.1885111,NaN,NaN,NaN,NaN,NaN,NaN,NaN,NaN,NaN,NaN,NaN,NaN
1781378732.688563,NaN,NaN,NaN,NaN,NaN,NaN,NaN,NaN,NaN,NaN,NaN,NaN
1781378733.1885622,NaN,NaN,NaN,NaN,NaN,NaN,NaN,NaN,NaN,NaN,NaN,NaN
1781378733.6885343,NaN,NaN,NaN,NaN,NaN,NaN,NaN,NaN,NaN,NaN,NaN,NaN
1781378734.188248,NaN,NaN,NaN,NaN,NaN,NaN,NaN,NaN,NaN,NaN,NaN,NaN
1781378734.6883688,NaN,NaN,NaN,NaN,NaN,NaN,NaN,NaN,NaN,NaN,NaN,NaN
1781378735.1885118,NaN,NaN,NaN,NaN,NaN,NaN,NaN,NaN,NaN,NaN,NaN,NaN
1781378735.6884432,NaN,NaN,NaN,NaN,NaN,NaN,NaN,NaN,NaN,NaN,NaN,NaN
1781378736.1880507,NaN,NaN,NaN,NaN,NaN,NaN,NaN,NaN,NaN,NaN,NaN,NaN
1781378736.6881537,NaN,NaN,NaN,NaN,NaN,NaN,NaN,NaN,NaN,NaN,NaN,NaN
1781378737.1884398,NaN,NaN,NaN,NaN,NaN,NaN,NaN,NaN,NaN,NaN,NaN,NaN
1781378737.6884844,NaN,NaN,NaN,NaN,NaN,NaN,NaN,NaN,NaN,NaN,NaN,NaN
1781378738.188268,NaN,NaN,NaN,NaN,NaN,NaN,NaN,NaN,NaN,NaN,NaN,NaN
1781378738.6878839,NaN,NaN,NaN,NaN,NaN,NaN,NaN,NaN,NaN,NaN,NaN,NaN
1781378739.187917,NaN,NaN,NaN,NaN,NaN,NaN,NaN,NaN,NaN,NaN,NaN,NaN
1781378739.6885839,NaN,NaN,NaN,NaN,NaN,NaN,NaN,NaN,NaN,NaN,NaN,NaN
1781378740.1880155,NaN,NaN,NaN,NaN,NaN,NaN,NaN,NaN,NaN,NaN,NaN,NaN
1781378740.6885445,NaN,NaN,NaN,NaN,NaN,NaN,NaN,NaN,NaN,NaN,NaN,NaN
1781378741.1888106,NaN,NaN,NaN,NaN,NaN,NaN,NaN,NaN,NaN,NaN,NaN,NaN
1781378741.6879396,NaN,NaN,NaN,NaN,NaN,NaN,NaN,NaN,NaN,NaN,NaN,NaN
1781378742.1882443,NaN,NaN,NaN,NaN,NaN,NaN,NaN,NaN,NaN,NaN,NaN,NaN
1781378742.6880713,NaN,NaN,NaN,NaN,NaN,NaN,NaN,NaN,NaN,NaN,NaN,NaN
1781378743.187913,NaN,NaN,NaN,NaN,NaN,NaN,NaN,NaN,NaN,NaN,NaN,NaN
1781378743.6884408,NaN,NaN,NaN,NaN,NaN,NaN,NaN,NaN,NaN,NaN,NaN,NaN
1781378744.1884286,NaN,NaN,NaN,NaN,NaN,NaN,NaN,NaN,NaN,NaN,NaN,NaN
1781378744.6882563,NaN,NaN,NaN,NaN,NaN,NaN,NaN,NaN,NaN,NaN,NaN,NaN
1781378745.1883328,NaN,NaN,NaN,NaN,NaN,NaN,NaN,NaN,NaN,NaN,NaN,NaN
1781378745.6883419,NaN,NaN,NaN,NaN,NaN,NaN,NaN,NaN,NaN,NaN,NaN,NaN
1781378746.1882389,NaN,NaN,NaN,NaN,NaN,NaN,NaN,NaN,NaN,NaN,NaN,NaN
1781378746.6882536,NaN,NaN,NaN,NaN,NaN,NaN,NaN,NaN,NaN,NaN,NaN,NaN
1781378747.188437,NaN,NaN,NaN,NaN,NaN,NaN,NaN,NaN,NaN,NaN,NaN,NaN
1781378747.6880329,NaN,NaN,NaN,NaN,NaN,NaN,NaN,NaN,NaN,NaN,NaN,NaN
1781378748.1884348,NaN,NaN,NaN,NaN,NaN,NaN,NaN,NaN,NaN,NaN,NaN,NaN
1781378748.6881518,NaN,NaN,NaN,NaN,NaN,NaN,NaN,NaN,NaN,NaN,NaN,NaN
1781378749.1880858,NaN,NaN,NaN,NaN,NaN,NaN,NaN,NaN,NaN,NaN,NaN,NaN
1781378749.688118,NaN,NaN,NaN,NaN,NaN,NaN,NaN,NaN,NaN,NaN,NaN,NaN
1781378750.188512,NaN,NaN,NaN,NaN,NaN,NaN,NaN,NaN,NaN,NaN,NaN,NaN
1781378750.6884296,NaN,NaN,NaN,NaN,NaN,NaN,NaN,NaN,NaN,NaN,NaN,NaN
1781378751.1878994,NaN,NaN,NaN,NaN,NaN,NaN,NaN,NaN,NaN,NaN,NaN,NaN
1781378751.6883674,NaN,NaN,NaN,NaN,NaN,NaN,NaN,NaN,NaN,NaN,NaN,NaN
1781378752.1878915,NaN,NaN,NaN,NaN,NaN,NaN,NaN,NaN,NaN,NaN,NaN,NaN
1781378752.6878927,NaN,NaN,NaN,NaN,NaN,NaN,NaN,NaN,NaN,NaN,NaN,NaN
1781378753.1882808,NaN,NaN,NaN,NaN,NaN,NaN,NaN,NaN,NaN,NaN,NaN,NaN
1781378753.6878128,NaN,NaN,NaN,NaN,NaN,NaN,NaN,NaN,NaN,NaN,NaN,NaN
1781378754.1884606,NaN,NaN,NaN,NaN,NaN,NaN,NaN,NaN,NaN,NaN,NaN,NaN
1781378754.68826,NaN,NaN,NaN,NaN,NaN,NaN,NaN,NaN,NaN,NaN,NaN,NaN
1781378755.1884782,NaN,NaN,NaN,NaN,NaN,NaN,NaN,NaN,NaN,NaN,NaN,NaN
1781378755.688341,NaN,NaN,NaN,NaN,NaN,NaN,NaN,NaN,NaN,NaN,NaN,NaN
1781378756.1884582,NaN,NaN,NaN,NaN,NaN,NaN,NaN,NaN,NaN,NaN,NaN,NaN
1781378756.6882002,NaN,NaN,NaN,NaN,NaN,NaN,NaN,NaN,NaN,NaN,NaN,NaN
1781378757.1884472,NaN,NaN,NaN,NaN,NaN,NaN,NaN,NaN,NaN,NaN,NaN,NaN
1781378757.6884284,NaN,NaN,NaN,NaN,NaN,NaN,NaN,NaN,NaN,NaN,NaN,NaN
1781378758.1878889,NaN,NaN,NaN,NaN,NaN,NaN,NaN,NaN,NaN,NaN,NaN,NaN
1781378758.68861,NaN,NaN,NaN,NaN,NaN,NaN,NaN,NaN,NaN,NaN,NaN,NaN
1781378759.1878846,NaN,NaN,NaN,NaN,NaN,NaN,NaN,NaN,NaN,NaN,NaN,NaN
1781378759.688164,NaN,NaN,NaN,NaN,NaN,NaN,NaN,NaN,NaN,NaN,NaN,NaN
1781378760.1881769,NaN,NaN,NaN,NaN,NaN,NaN,NaN,NaN,NaN,NaN,NaN,NaN
1781378760.68803,NaN,NaN,NaN,NaN,NaN,NaN,NaN,NaN,NaN,NaN,NaN,NaN
1781378761.1882725,NaN,NaN,NaN,NaN,NaN,NaN,NaN,NaN,NaN,NaN,NaN,NaN
1781378761.6878874,NaN,NaN,NaN,NaN,NaN,NaN,NaN,NaN,NaN,NaN,NaN,NaN
1781378762.1882045,NaN,NaN,NaN,NaN,NaN,NaN,NaN,NaN,NaN,NaN,NaN,NaN
1781378762.687895,NaN,NaN,NaN,NaN,NaN,NaN,NaN,NaN,NaN,NaN,NaN,NaN
1781378763.1884654,NaN,NaN,NaN,NaN,NaN,NaN,NaN,NaN,NaN,NaN,NaN,NaN
1781378763.6881566,NaN,NaN,NaN,NaN,NaN,NaN,NaN,NaN,NaN,NaN,NaN,NaN
1781378764.1879036,NaN,NaN,NaN,NaN,NaN,NaN,NaN,NaN,NaN,NaN,NaN,NaN
1781378764.6882904,NaN,NaN,NaN,NaN,NaN,NaN,NaN,NaN,NaN,NaN,NaN,NaN
1781378765.1884966,NaN,NaN,NaN,NaN,NaN,NaN,NaN,NaN,NaN,NaN,NaN,NaN
1781378765.688301,NaN,NaN,NaN,NaN,NaN,NaN,NaN,NaN,NaN,NaN,NaN,NaN
1781378766.1879501,NaN,NaN,NaN,NaN,NaN,NaN,NaN,NaN,NaN,NaN,NaN,NaN
1781378766.687954,NaN,NaN,NaN,NaN,NaN,NaN,NaN,NaN,NaN,NaN,NaN,NaN
1781378767.1883543,NaN,NaN,NaN,NaN,NaN,NaN,NaN,NaN,NaN,NaN,NaN,NaN
1781378767.6881254,NaN,NaN,NaN,NaN,NaN,NaN,NaN,NaN,NaN,NaN,NaN,NaN
1781378768.1885118,NaN,NaN,NaN,NaN,NaN,NaN,NaN,NaN,NaN,NaN,NaN,NaN
1781378768.6884751,NaN,NaN,NaN,NaN,NaN,NaN,NaN,NaN,NaN,NaN,NaN,NaN
1781378769.1885586,NaN,NaN,NaN,NaN,NaN,NaN,NaN,NaN,NaN,NaN,NaN,NaN
1781378769.688389,NaN,NaN,NaN,NaN,NaN,NaN,NaN,NaN,NaN,NaN,NaN,NaN
1781378770.1879296,NaN,NaN,NaN,NaN,NaN,NaN,NaN,NaN,NaN,NaN,NaN,NaN
1781378770.6885262,NaN,NaN,NaN,NaN,NaN,NaN,NaN,NaN,NaN,NaN,NaN,NaN
1781378771.1881533,NaN,NaN,NaN,NaN,NaN,NaN,NaN,NaN,NaN,NaN,NaN,NaN
1781378771.6884134,NaN,NaN,NaN,NaN,NaN,NaN,NaN,NaN,NaN,NaN,NaN,NaN
1781378772.188115,NaN,NaN,NaN,NaN,NaN,NaN,NaN,NaN,NaN,NaN,NaN,NaN
1781378772.6880329,NaN,NaN,NaN,NaN,NaN,NaN,NaN,NaN,NaN,NaN,NaN,NaN
1781378773.1881988,NaN,NaN,NaN,NaN,NaN,NaN,NaN,NaN,NaN,NaN,NaN,NaN
1781378773.6880322,NaN,NaN,NaN,NaN,NaN,NaN,NaN,NaN,NaN,NaN,NaN,NaN
1781378774.1884377,NaN,NaN,NaN,NaN,NaN,NaN,NaN,NaN,NaN,NaN,NaN,NaN
1781378774.6879392,NaN,NaN,NaN,NaN,NaN,NaN,NaN,NaN,NaN,NaN,NaN,NaN
1781378775.1885166,NaN,NaN,NaN,NaN,NaN,NaN,NaN,NaN,NaN,NaN,NaN,NaN
1781378775.6878998,NaN,NaN,NaN,NaN,NaN,NaN,NaN,NaN,NaN,NaN,NaN,NaN
1781378776.1880932,NaN,NaN,NaN,NaN,NaN,NaN,NaN,NaN,NaN,NaN,NaN,NaN
1781378776.688958,NaN,NaN,NaN,NaN,NaN,NaN,NaN,NaN,NaN,NaN,NaN,NaN
1781378777.1885424,NaN,NaN,NaN,NaN,NaN,NaN,NaN,NaN,NaN,NaN,NaN,NaN
1781378777.6884096,NaN,NaN,NaN,NaN,NaN,NaN,NaN,NaN,NaN,NaN,NaN,NaN
1781378778.1881588,NaN,NaN,NaN,NaN,NaN,NaN,NaN,NaN,NaN,NaN,NaN,NaN
1781378778.6883748,NaN,NaN,NaN,NaN,NaN,NaN,NaN,NaN,NaN,NaN,NaN,NaN
1781378779.1884332,NaN,NaN,NaN,NaN,NaN,NaN,NaN,NaN,NaN,NaN,NaN,NaN
1781378779.6886513,NaN,NaN,NaN,NaN,NaN,NaN,NaN,NaN,NaN,NaN,NaN,NaN
1781378780.1882768,NaN,NaN,NaN,NaN,NaN,NaN,NaN,NaN,NaN,NaN,NaN,NaN
1781378780.6878843,NaN,NaN,NaN,NaN,NaN,NaN,NaN,NaN,NaN,NaN,NaN,NaN
1781378781.1879644,NaN,NaN,NaN,NaN,NaN,NaN,NaN,NaN,NaN,NaN,NaN,NaN
1781378781.6879134,NaN,NaN,NaN,NaN,NaN,NaN,NaN,NaN,NaN,NaN,NaN,NaN
1781378782.1883647,NaN,NaN,NaN,NaN,NaN,NaN,NaN,NaN,NaN,NaN,NaN,NaN
1781378782.6885345,NaN,NaN,NaN,NaN,NaN,NaN,NaN,NaN,NaN,NaN,NaN,NaN
1781378783.1881127,NaN,NaN,NaN,NaN,NaN,NaN,NaN,NaN,NaN,NaN,NaN,NaN
1781378783.6881142,NaN,NaN,NaN,NaN,NaN,NaN,NaN,NaN,NaN,NaN,NaN,NaN
1781378784.1879518,NaN,NaN,NaN,NaN,NaN,NaN,NaN,NaN,NaN,NaN,NaN,NaN
1781378784.688578,NaN,NaN,NaN,NaN,NaN,NaN,NaN,NaN,NaN,NaN,NaN,NaN
1781378785.1882105,NaN,NaN,NaN,NaN,NaN,NaN,NaN,NaN,NaN,NaN,NaN,NaN
1781378785.687862,NaN,NaN,NaN,NaN,NaN,NaN,NaN,NaN,NaN,NaN,NaN,NaN
1781378786.1880867,NaN,NaN,NaN,NaN,NaN,NaN,NaN,NaN,NaN,NaN,NaN,NaN
1781378786.6883385,NaN,NaN,NaN,NaN,NaN,NaN,NaN,NaN,NaN,NaN,NaN,NaN
1781378787.1879487,NaN,NaN,NaN,NaN,NaN,NaN,NaN,NaN,NaN,NaN,NaN,NaN
1781378787.6882932,NaN,NaN,NaN,NaN,NaN,NaN,NaN,NaN,NaN,NaN,NaN,NaN
1781378788.1885514,NaN,NaN,NaN,NaN,NaN,NaN,NaN,NaN,NaN,NaN,NaN,NaN
1781378788.6886075,NaN,NaN,NaN,NaN,NaN,NaN,NaN,NaN,NaN,NaN,NaN,NaN
1781378789.188192,NaN,NaN,NaN,NaN,NaN,NaN,NaN,NaN,NaN,NaN,NaN,NaN
1781378789.6882877,NaN,NaN,NaN,NaN,NaN,NaN,NaN,NaN,NaN,NaN,NaN,NaN
1781378790.1887105,NaN,NaN,NaN,NaN,NaN,NaN,NaN,NaN,NaN,NaN,NaN,NaN
1781378790.688539,NaN,NaN,NaN,NaN,NaN,NaN,NaN,NaN,NaN,NaN,NaN,NaN
1781378791.1882434,NaN,NaN,NaN,NaN,NaN,NaN,NaN,NaN,NaN,NaN,NaN,NaN
1781378791.6883583,NaN,NaN,NaN,NaN,NaN,NaN,NaN,NaN,NaN,NaN,NaN,NaN
1781378792.1881142,NaN,NaN,NaN,NaN,NaN,NaN,NaN,NaN,NaN,NaN,NaN,NaN
1781378792.688564,NaN,NaN,NaN,NaN,NaN,NaN,NaN,NaN,NaN,NaN,NaN,NaN
1781378793.1879816,NaN,NaN,NaN,NaN,NaN,NaN,NaN,NaN,NaN,NaN,NaN,NaN
1781378793.6883616,NaN,NaN,NaN,NaN,NaN,NaN,NaN,NaN,NaN,NaN,NaN,NaN
1781378794.1883957,NaN,NaN,NaN,NaN,NaN,NaN,NaN,NaN,NaN,NaN,NaN,NaN
1781378794.6879358,NaN,NaN,NaN,NaN,NaN,NaN,NaN,NaN,NaN,NaN,NaN,NaN
1781378795.1880956,NaN,NaN,NaN,NaN,NaN,NaN,NaN,NaN,NaN,NaN,NaN,NaN
1781378795.6884506,NaN,NaN,NaN,NaN,NaN,NaN,NaN,NaN,NaN,NaN,NaN,NaN
1781378796.1885722,NaN,NaN,NaN,NaN,NaN,NaN,NaN,NaN,NaN,NaN,NaN,NaN
1781378796.6880794,NaN,NaN,NaN,NaN,NaN,NaN,NaN,NaN,NaN,NaN,NaN,NaN
1781378797.188447,NaN,NaN,NaN,NaN,NaN,NaN,NaN,NaN,NaN,NaN,NaN,NaN
1781378797.6882083,NaN,NaN,NaN,NaN,NaN,NaN,NaN,NaN,NaN,NaN,NaN,NaN
1781378798.1883984,NaN,NaN,NaN,NaN,NaN,NaN,NaN,NaN,NaN,NaN,NaN,NaN
1781378798.6887367,NaN,NaN,NaN,NaN,NaN,NaN,NaN,NaN,NaN,NaN,NaN,NaN
1781378799.1878688,NaN,NaN,NaN,NaN,NaN,NaN,NaN,NaN,NaN,NaN,NaN,NaN
1781378799.6882687,NaN,NaN,NaN,NaN,NaN,NaN,NaN,NaN,NaN,NaN,NaN,NaN
1781378800.1884122,NaN,NaN,NaN,NaN,NaN,NaN,NaN,NaN,NaN,NaN,NaN,NaN
1781378800.6878622,NaN,NaN,NaN,NaN,NaN,NaN,NaN,NaN,NaN,NaN,NaN,NaN
1781378801.187929,NaN,NaN,NaN,NaN,NaN,NaN,NaN,NaN,NaN,NaN,NaN,NaN
1781378801.687989,NaN,NaN,NaN,NaN,NaN,NaN,NaN,NaN,NaN,NaN,NaN,NaN
1781378802.1879761,NaN,NaN,NaN,NaN,NaN,NaN,NaN,NaN,NaN,NaN,NaN,NaN
1781378802.6884239,NaN,NaN,NaN,NaN,NaN,NaN,NaN,NaN,NaN,NaN,NaN,NaN
1781378803.1885319,NaN,NaN,NaN,NaN,NaN,NaN,NaN,NaN,NaN,NaN,NaN,NaN
1781378803.688636,NaN,NaN,NaN,NaN,NaN,NaN,NaN,NaN,NaN,NaN,NaN,NaN
1781378804.1885107,NaN,NaN,NaN,NaN,NaN,NaN,NaN,NaN,NaN,NaN,NaN,NaN
1781378804.6884007,NaN,NaN,NaN,NaN,NaN,NaN,NaN,NaN,NaN,NaN,NaN,NaN
1781378805.1885579,NaN,NaN,NaN,NaN,NaN,NaN,NaN,NaN,NaN,NaN,NaN,NaN
1781378805.6884432,NaN,NaN,NaN,NaN,NaN,NaN,NaN,NaN,NaN,NaN,NaN,NaN
1781378806.1884372,NaN,NaN,NaN,NaN,NaN,NaN,NaN,NaN,NaN,NaN,NaN,NaN
1781378806.6879513,NaN,NaN,NaN,NaN,NaN,NaN,NaN,NaN,NaN,NaN,NaN,NaN
1781378807.1883845,NaN,NaN,NaN,NaN,NaN,NaN,NaN,NaN,NaN,NaN,NaN,NaN
1781378807.6882913,NaN,NaN,NaN,NaN,NaN,NaN,NaN,NaN,NaN,NaN,NaN,NaN
1781378808.1886046,NaN,NaN,NaN,NaN,NaN,NaN,NaN,NaN,NaN,NaN,NaN,NaN
1781378808.6885264,NaN,NaN,NaN,NaN,NaN,NaN,NaN,NaN,NaN,NaN,NaN,NaN
1781378809.1884418,NaN,NaN,NaN,NaN,NaN,NaN,NaN,NaN,NaN,NaN,NaN,NaN
1781378809.6886737,NaN,NaN,NaN,NaN,NaN,NaN,NaN,NaN,NaN,NaN,NaN,NaN
1781378810.1879785,NaN,NaN,NaN,NaN,NaN,NaN,NaN,NaN,NaN,NaN,NaN,NaN
1781378810.6878483,NaN,NaN,NaN,NaN,NaN,NaN,NaN,NaN,NaN,NaN,NaN,NaN
1781378811.1882062,NaN,NaN,NaN,NaN,NaN,NaN,NaN,NaN,NaN,NaN,NaN,NaN
1781378811.6881201,NaN,NaN,NaN,NaN,NaN,NaN,NaN,NaN,NaN,NaN,NaN,NaN
1781378812.1885645,NaN,NaN,NaN,NaN,NaN,NaN,NaN,NaN,NaN,NaN,NaN,NaN
1781378812.687853,NaN,NaN,NaN,NaN,NaN,NaN,NaN,NaN,NaN,NaN,NaN,NaN
1781378813.188057,NaN,NaN,NaN,NaN,NaN,NaN,NaN,NaN,NaN,NaN,NaN,NaN
1781378813.6879582,NaN,NaN,NaN,NaN,NaN,NaN,NaN,NaN,NaN,NaN,NaN,NaN
1781378814.1878686,NaN,NaN,NaN,NaN,NaN,NaN,NaN,NaN,NaN,NaN,NaN,NaN
1781378814.6880164,NaN,NaN,NaN,NaN,NaN,NaN,NaN,NaN,NaN,NaN,NaN,NaN
1781378815.1881542,NaN,NaN,NaN,NaN,NaN,NaN,NaN,NaN,NaN,NaN,NaN,NaN
1781378815.6880803,NaN,NaN,NaN,NaN,NaN,NaN,NaN,NaN,NaN,NaN,NaN,NaN
1781378816.1884754,NaN,NaN,NaN,NaN,NaN,NaN,NaN,NaN,NaN,NaN,NaN,NaN
1781378816.6884558,NaN,NaN,NaN,NaN,NaN,NaN,NaN,NaN,NaN,NaN,NaN,NaN
1781378817.1881006,NaN,NaN,NaN,NaN,NaN,NaN,NaN,NaN,NaN,NaN,NaN,NaN
1781378817.687917,NaN,NaN,NaN,NaN,NaN,NaN,NaN,NaN,NaN,NaN,NaN,NaN
1781378818.1879904,NaN,NaN,NaN,NaN,NaN,NaN,NaN,NaN,NaN,NaN,NaN,NaN
1781378818.6884286,NaN,NaN,NaN,NaN,NaN,NaN,NaN,NaN,NaN,NaN,NaN,NaN
1781378819.1883807,NaN,NaN,NaN,NaN,NaN,NaN,NaN,NaN,NaN,NaN,NaN,NaN
1781378819.6883492,NaN,NaN,NaN,NaN,NaN,NaN,NaN,NaN,NaN,NaN,NaN,NaN
1781378820.1886945,NaN,NaN,NaN,NaN,NaN,NaN,NaN,NaN,NaN,NaN,NaN,NaN
1781378820.6886203,NaN,NaN,NaN,NaN,NaN,NaN,NaN,NaN,NaN,NaN,NaN,NaN
1781378821.1881337,NaN,NaN,NaN,NaN,NaN,NaN,NaN,NaN,NaN,NaN,NaN,NaN
1781378821.6879878,NaN,NaN,NaN,NaN,NaN,NaN,NaN,NaN,NaN,NaN,NaN,NaN
1781378822.188239,NaN,NaN,NaN,NaN,NaN,NaN,NaN,NaN,NaN,NaN,NaN,NaN
1781378822.6879494,NaN,NaN,NaN,NaN,NaN,NaN,NaN,NaN,NaN,NaN,NaN,NaN
1781378823.1879196,NaN,NaN,NaN,NaN,NaN,NaN,NaN,NaN,NaN,NaN,NaN,NaN
1781378823.688431,NaN,NaN,NaN,NaN,NaN,NaN,NaN,NaN,NaN,NaN,NaN,NaN
1781378824.1882126,NaN,NaN,NaN,NaN,NaN,NaN,NaN,NaN,NaN,NaN,NaN,NaN
1781378824.6879108,NaN,NaN,NaN,NaN,NaN,NaN,NaN,NaN,NaN,NaN,NaN,NaN
1781378825.188216,NaN,NaN,NaN,NaN,NaN,NaN,NaN,NaN,NaN,NaN,NaN,NaN
1781378825.6880093,NaN,NaN,NaN,NaN,NaN,NaN,NaN,NaN,NaN,NaN,NaN,NaN
1781378826.1884327,NaN,NaN,NaN,NaN,NaN,NaN,NaN,NaN,NaN,NaN,NaN,NaN
1781378826.688043,NaN,NaN,NaN,NaN,NaN,NaN,NaN,NaN,NaN,NaN,NaN,NaN
1781378827.1879053,NaN,NaN,NaN,NaN,NaN,NaN,NaN,NaN,NaN,NaN,NaN,NaN
1781378827.6883419,NaN,NaN,NaN,NaN,NaN,NaN,NaN,NaN,NaN,NaN,NaN,NaN
1781378828.1882405,NaN,NaN,NaN,NaN,NaN,NaN,NaN,NaN,NaN,NaN,NaN,NaN
1781378828.6880424,NaN,NaN,NaN,NaN,NaN,NaN,NaN,NaN,NaN,NaN,NaN,NaN
1781378829.1878533,NaN,NaN,NaN,NaN,NaN,NaN,NaN,NaN,NaN,NaN,NaN,NaN
1781378829.6879976,NaN,NaN,NaN,NaN,NaN,NaN,NaN,NaN,NaN,NaN,NaN,NaN
