# Blender 4.0.2
# www.blender.org
mtllib untitled.mtl
o Plane
v -7.500000 0.000000 7.500000
v 7.500000 0.000000 7.500000
v -7.500000 0.000000 -7.500000
v 7.500000 0.000000 -7.500000
v -7.500000 0.000000 0.000000
v 0.000000 0.000000 7.500000
v 7.500000 0.000000 0.000000
v 0.000000 0.000000 -7.500000
v -5.625000 0.000000 -4.687500
v -7.500000 0.000000 3.750000
v 3.750000 0.000000 7.500000
v 7.500000 0.000000 -3.750000
v -3.750000 0.000000 -7.500000
v -7.500000 0.000000 -3.750000
v -3.750000 0.000000 7.500000
v 7.500000 0.000000 3.750000
v 3.750000 0.000000 -7.500000
v -5.625000 0.000000 -6.562500
v 0.000000 0.000000 3.750000
v -4.687500 0.000000 -1.875000
v -6.562500 0.000000 -1.875000
v -5.625000 0.000000 -0.937500
v -5.625000 0.000000 -2.812500
v -0.937500 0.000000 -1.875000
v 3.750000 0.000000 -3.750000
v -7.500000 0.000000 5.625000
v 5.625000 0.000000 7.500000
v 7.500000 0.000000 -5.625000
v -5.625000 0.000000 -7.500000
v -7.500000 0.000000 -1.875000
v -1.875000 0.000000 7.500000
v 7.500000 0.000000 1.875000
v 1.875000 0.000000 -7.500000
v -2.812500 0.000000 -1.875000
v -1.875000 0.000000 -0.937500
v -1.875000 0.000000 -2.812500
v 2.812500 0.000000 -5.625000
v -7.500000 0.000000 1.875000
v 1.875000 0.000000 7.500000
v 7.500000 0.000000 -1.875000
v -1.875000 0.000000 -7.500000
v -7.500000 0.000000 -5.625000
v -5.625000 0.000000 7.500000
v 7.500000 0.000000 5.625000
v 5.625000 0.000000 -7.500000
v 0.937500 0.000000 -5.625000
v 0.000000 0.000000 5.625000
v 1.875000 0.000000 -4.687500
v 1.875000 0.000000 -6.562500
v 3.750000 0.000000 1.875000
v 2.812500 0.000000 -1.875000
v 1.875000 0.000000 3.750000
v 0.937500 0.000000 -1.875000
v 1.875000 0.000000 -0.937500
v -3.750000 0.000000 5.625000
v 1.875000 0.000000 -2.812500
v 6.562500 0.000000 -1.875000
v 4.687500 0.000000 -1.875000
v 5.625000 0.000000 -0.937500
v -5.625000 0.000000 -3.750000
v 5.625000 0.000000 -2.812500
v 6.562500 0.000000 -3.750000
v 2.812500 0.000000 -3.750000
v 3.750000 0.000000 -0.937500
v 3.750000 0.000000 -4.687500
v -0.937500 0.000000 -3.750000
v -4.687500 0.000000 -3.750000
v -3.750000 0.000000 -0.937500
v -3.750000 0.000000 -4.687500
v -0.937500 0.000000 3.750000
v -4.687500 0.000000 3.750000
v -3.750000 0.000000 6.562500
v -3.750000 0.000000 2.812500
v 6.562500 0.000000 3.750000
v 5.625000 0.000000 5.625000
v 1.875000 0.000000 5.625000
v 2.812500 0.000000 3.750000
v 3.750000 0.000000 6.562500
v 3.750000 0.000000 2.812500
v -1.875000 0.000000 -5.625000
v 6.562500 0.000000 0.000000
v -7.500000 0.000000 6.562500
v 6.562500 0.000000 7.500000
v 7.500000 0.000000 -6.562500
v -6.562500 0.000000 -7.500000
v -7.500000 0.000000 -0.937500
v -0.937500 0.000000 7.500000
v 7.500000 0.000000 0.937500
v 0.937500 0.000000 -7.500000
v 0.000000 0.000000 -6.562500
v -0.937500 0.000000 0.000000
v 0.000000 0.000000 6.562500
v 0.000000 0.000000 -0.937500
v -7.500000 0.000000 2.812500
v 2.812500 0.000000 7.500000
v 7.500000 0.000000 -2.812500
v -2.812500 0.000000 -7.500000
v -7.500000 0.000000 -4.687500
v -4.687500 0.000000 7.500000
v 7.500000 0.000000 4.687500
v 4.687500 0.000000 -7.500000
v 6.562500 0.000000 -7.500000
v 0.000000 0.000000 4.687500
v 7.500000 0.000000 6.562500
v -7.500000 0.000000 -6.562500
v 7.500000 0.000000 -0.937500
v 0.937500 0.000000 7.500000
v 0.937500 0.000000 3.750000
v -7.500000 0.000000 0.937500
v 2.812500 0.000000 0.000000
v -3.750000 0.000000 4.687500
v -4.687500 0.000000 0.000000
v 0.000000 0.000000 2.812500
v -3.750000 0.000000 -6.562500
v 0.000000 0.000000 -4.687500
v -6.562500 0.000000 -3.750000
v 2.812500 0.000000 -7.500000
v 7.500000 0.000000 2.812500
v 3.750000 0.000000 -2.812500
v -2.812500 0.000000 7.500000
v -7.500000 0.000000 -2.812500
v -7.500000 0.000000 4.687500
v 4.687500 0.000000 7.500000
v 7.500000 0.000000 -4.687500
v -4.687500 0.000000 -7.500000
v -7.500000 0.000000 -2.812500
v -2.812500 0.000000 7.500000
v 7.500000 0.000000 2.812500
v 2.812500 0.000000 -7.500000
v -4.687500 0.000000 -7.500000
v 7.500000 0.000000 -4.687500
v 4.687500 0.000000 7.500000
v -7.500000 0.000000 4.687500
v -7.500000 0.000000 0.937500
v 0.937500 0.000000 7.500000
v 7.500000 0.000000 -0.937500
v -0.937500 0.000000 -7.500000
v -7.500000 0.000000 -6.562500
v -6.562500 0.000000 7.500000
v 7.500000 0.000000 6.562500
v 6.562500 0.000000 -7.500000
v 4.687500 0.000000 -3.750000
v 0.000000 0.000000 6.562500
v 0.937500 0.000000 -3.750000
v 3.750000 0.000000 -2.812500
v 3.750000 0.000000 2.812500
v 3.750000 0.000000 -6.562500
v 2.812500 0.000000 3.750000
v -2.812500 0.000000 -3.750000
v -6.562500 0.000000 -3.750000
v -3.750000 0.000000 -2.812500
v -3.750000 0.000000 -6.562500
v -2.812500 0.000000 3.750000
v -6.562500 0.000000 3.750000
v -3.750000 0.000000 4.687500
v -3.750000 0.000000 0.937500
v 4.687500 0.000000 3.750000
v 0.937500 0.000000 3.750000
v 3.750000 0.000000 4.687500
v 2.812500 0.000000 -3.750000
v 3.750000 0.000000 0.937500
v 4.687500 0.000000 0.000000
v -2.812500 0.000000 0.000000
v 0.000000 0.000000 4.687500
v 0.000000 0.000000 -2.812500
v 4.687500 0.000000 -7.500000
v 7.500000 0.000000 4.687500
v -4.687500 0.000000 7.500000
v -7.500000 0.000000 -4.687500
v 7.500000 0.000000 -2.812500
v 2.812500 0.000000 7.500000
v -7.500000 0.000000 2.812500
v 0.937500 0.000000 0.000000
v -6.562500 0.000000 0.000000
v 0.000000 0.000000 0.937500
v 0.000000 0.000000 -6.562500
v 0.937500 0.000000 -7.500000
v 7.500000 0.000000 0.937500
v -0.937500 0.000000 7.500000
v -7.500000 0.000000 -0.937500
v -6.562500 0.000000 -7.500000
v 7.500000 0.000000 -6.562500
v -5.625000 0.000000 -4.687500
v 6.562500 0.000000 7.500000
v -7.500000 0.000000 6.562500
v 5.625000 0.000000 -5.625000
v -1.875000 0.000000 -5.625000
v -1.875000 0.000000 1.875000
v 5.625000 0.000000 1.875000
v 1.875000 0.000000 1.875000
v -5.625000 0.000000 6.562500
v 5.625000 0.000000 5.625000
v -4.687500 0.000000 5.625000
v -5.625000 0.000000 1.875000
v -5.625000 0.000000 5.625000
v -1.875000 0.000000 5.625000
v -5.625000 0.000000 -5.625000
v -5.625000 0.000000 -1.875000
v 5.625000 0.000000 6.562500
v -1.875000 0.000000 -1.875000
v 6.562500 0.000000 5.625000
v 1.875000 0.000000 4.687500
v 1.875000 0.000000 6.562500
v 0.937500 0.000000 5.625000
v 2.812500 0.000000 5.625000
v 1.875000 0.000000 -5.625000
v 1.875000 0.000000 -1.875000
v 5.625000 0.000000 -1.875000
v 2.812500 0.000000 1.875000
v 5.625000 0.000000 -3.750000
v 1.875000 0.000000 -3.750000
v 3.750000 0.000000 -1.875000
v 3.750000 0.000000 -5.625000
v -1.875000 0.000000 -3.750000
v -5.625000 0.000000 -3.750000
v -3.750000 0.000000 -1.875000
v -3.750000 0.000000 -5.625000
v -1.875000 0.000000 -6.562500
v -1.875000 0.000000 3.750000
v -2.812500 0.000000 -5.625000
v -5.625000 0.000000 3.750000
v -3.750000 0.000000 5.625000
v -3.750000 0.000000 1.875000
v 5.625000 0.000000 3.750000
v 1.875000 0.000000 3.750000
v 3.750000 0.000000 5.625000
v 3.750000 0.000000 1.875000
v 5.625000 0.000000 0.000000
v -1.875000 0.000000 0.000000
v 0.000000 0.000000 5.625000
v -2.812500 0.000000 -6.562500
v 0.000000 0.000000 -1.875000
v 5.625000 0.000000 -7.500000
v 7.500000 0.000000 5.625000
v -7.500000 0.000000 -5.625000
v 7.500000 0.000000 -1.875000
v 1.875000 0.000000 7.500000
v 2.812500 0.000000 2.812500
v -7.500000 0.000000 1.875000
v 1.875000 0.000000 0.000000
v 2.812500 0.000000 6.562500
v 0.937500 0.000000 6.562500
v 0.937500 0.000000 4.687500
v -3.750000 5.000000 5.625000
v -5.625000 0.000000 0.000000
v 0.000000 0.000000 1.875000
v 0.000000 0.000000 -5.625000
v 1.875000 0.000000 -7.500000
v 7.500000 0.000000 1.875000
v -4.687500 0.000000 6.562500
v -6.562500 0.000000 6.562500
v -1.875000 0.000000 7.500000
v -7.500000 0.000000 -1.875000
v -5.625000 0.000000 -7.500000
v 7.500000 0.000000 -5.625000
v 5.625000 0.000000 7.500000
v -6.562500 0.000000 -4.687500
v -7.500000 0.000000 5.625000
v 3.750000 0.000000 -3.750000
v -3.750000 0.000000 -3.750000
v -3.750000 0.000000 3.750000
v 3.750000 0.000000 3.750000
v 3.750000 0.000000 0.000000
v -3.750000 0.000000 0.000000
v 0.000000 0.000000 3.750000
v 0.000000 0.000000 -3.750000
v 3.750000 0.000000 -7.500000
v 7.500000 0.000000 3.750000
v -3.750000 0.000000 7.500000
v -7.500000 0.000000 -3.750000
v -3.750000 0.000000 -7.500000
v 7.500000 0.000000 -3.750000
v 3.750000 0.000000 7.500000
v -7.500000 0.000000 3.750000
v 2.812500 0.000000 -2.812500
v 0.000000 0.000000 0.000000
v 0.000000 0.000000 -7.500000
v 7.500000 0.000000 0.000000
v 0.000000 0.000000 7.500000
v -7.500000 0.000000 0.000000
v -4.687500 0.000000 4.687500
v 7.500000 0.000000 -7.500000
v -7.500000 0.000000 -7.500000
v 2.812500 0.000000 4.687500
v 7.500000 0.000000 7.500000
v -6.562500 0.000000 7.500000
v -5.625000 0.000000 7.500000
v -0.937500 0.000000 -6.562500
v -7.500000 0.000000 7.500000
v 7.500000 1.500000 7.500000
v 5.625000 1.500000 7.500000
v 7.500000 1.500000 5.625000
v 5.625000 1.500000 5.625000
v 6.562500 1.500000 7.500000
v 7.500000 1.500000 6.562500
v 5.625000 1.500000 6.562500
v 6.562500 1.500000 5.625000
v 6.562500 1.500000 6.562500
v -3.750000 5.000000 4.687500
v -4.687500 5.000000 5.625000
v -4.687500 5.000000 4.687500
v -3.750000 6.000000 5.625000
v -3.750000 6.000000 4.687500
v -4.687500 6.000000 5.625000
v -4.687500 6.000000 4.687500
v -3.750000 5.000000 2.187500
v -4.687500 5.000000 2.187500
v -3.750000 6.000000 2.187500
v -4.687500 6.000000 2.187500
v 3.750000 2.500000 -3.750000
v 3.750000 2.500000 -2.812500
v 2.812500 2.500000 -3.750000
v 2.812500 2.500000 -2.812500
v 3.750000 3.500000 -3.750000
v 3.750000 3.500000 -2.812500
v 2.812500 3.500000 -3.750000
v 2.812500 3.500000 -2.812500
v -1.187500 2.500000 -3.750000
v -1.187500 2.500000 -2.812500
v -1.187500 3.500000 -3.750000
v -1.187500 3.500000 -2.812500
v -2.187500 2.500000 -3.750000
v -2.187500 2.500000 -2.812500
v -2.187500 3.500000 -3.750000
v -2.187500 3.500000 -2.812500
v -1.187500 6.000000 -3.750000
v -1.187500 6.000000 -2.812500
v -2.187500 6.000000 -3.750000
v -2.187500 6.000000 -2.812500
v 3.750000 2.500000 1.875000
v 3.750000 2.500000 2.812500
v 2.812500 2.500000 1.875000
v 2.812500 2.500000 2.812500
v 3.750000 3.500000 1.875000
v 3.750000 3.500000 2.812500
v 2.812500 3.500000 1.875000
v 2.812500 3.500000 2.812500
v -6.562500 5.000000 -3.750000
v -5.625000 5.000000 -3.750000
v -6.562500 5.000000 -4.687500
v -5.625000 5.000000 -4.687500
v -1.875000 0.000000 -7.500000
v -2.812500 0.000000 -7.500000
v -0.937500 0.000000 -7.500000
v -1.187500 2.500000 -2.812500
v -1.187500 3.500000 -2.812500
v -2.187500 2.500000 -3.750000
v -2.187500 2.500000 -2.812500
v -2.187500 3.500000 -3.750000
v -2.187500 3.500000 -2.812500
v -1.187500 2.500000 1.187500
v -1.187500 3.500000 1.187500
v -2.187500 2.500000 1.187500
v -2.187500 3.500000 1.187500
v 1.875000 0.000000 5.625000
v 1.875000 0.000000 4.687500
v 0.937500 0.000000 5.625000
v 0.937500 0.000000 4.687500
v 1.875000 0.000000 5.625000
v 1.875000 0.000000 4.687500
v 0.937500 0.000000 5.625000
v 0.937500 0.000000 4.687500
v 1.875000 0.000000 5.625000
v 1.875000 0.000000 4.687500
v 0.937500 0.000000 5.625000
v 0.937500 0.000000 4.687500
v 1.875000 4.999999 5.625000
v 1.875000 4.999999 4.687500
v 0.937500 4.999999 5.625000
v 0.937500 4.999999 4.687500
v 1.875000 5.999999 5.625000
v 1.875000 5.999999 4.687500
v 0.937500 5.999999 5.625000
v 0.937500 5.999999 4.687500
v 0.937500 5.000000 5.625000
v 0.937500 5.000000 4.687500
v 0.937500 6.000000 5.625000
v 0.937500 6.000000 4.687500
v -1.687500 8.499999 -3.750000
v 3.750000 8.499999 -3.750000
v 3.750000 8.499999 -2.812500
v 2.812500 8.499999 -3.750000
v 2.812500 8.499999 -2.812500
v 3.750000 9.499999 -3.750000
v 3.750000 9.499999 -2.812500
v 2.812500 9.499999 -3.750000
v 2.812500 9.499999 -2.812500
v -1.687500 8.499999 -2.812500
v -1.687500 9.499999 -3.750000
v -1.687500 9.499999 -2.812500
v -1.875000 4.000000 -5.625000
v -1.875000 4.000000 -6.562500
v -2.812500 4.000000 -5.625000
v -2.812500 4.000000 -6.562500
v 7.500000 0.000000 7.500000
v -7.500000 0.000000 -7.500000
v 7.500000 0.000000 -7.500000
v -7.500000 0.000000 0.000000
v 0.000000 0.000000 7.500000
v 7.500000 0.000000 0.000000
v 0.000000 0.000000 -7.500000
v -7.500000 0.000000 3.750000
v 3.750000 0.000000 7.500000
v 7.500000 0.000000 -3.750000
v -3.750000 0.000000 -7.500000
v -7.500000 0.000000 -3.750000
v -3.750000 0.000000 7.500000
v 7.500000 0.000000 3.750000
v 3.750000 0.000000 -7.500000
v 0.000000 0.000000 3.750000
v -7.500000 0.000000 5.625000
v 5.625000 0.000000 7.500000
v 7.500000 0.000000 -5.625000
v -5.625000 0.000000 -7.500000
v -7.500000 0.000000 -1.875000
v -1.875000 0.000000 7.500000
v 7.500000 0.000000 1.875000
v 1.875000 0.000000 -7.500000
v -7.500000 0.000000 1.875000
v 1.875000 0.000000 7.500000
v 7.500000 0.000000 -1.875000
v -7.500000 0.000000 -5.625000
v 7.500000 0.000000 5.625000
v 5.625000 0.000000 -7.500000
v 0.000000 0.000000 5.625000
v 1.875000 0.000000 3.750000
v -7.500000 0.000000 6.562500
v 6.562500 0.000000 7.500000
v 7.500000 0.000000 -6.562500
v -6.562500 0.000000 -7.500000
v -7.500000 0.000000 -0.937500
v -0.937500 0.000000 7.500000
v 7.500000 0.000000 0.937500
v 0.937500 0.000000 -7.500000
v 0.000000 0.000000 -6.562500
v -7.500000 0.000000 2.812500
v 2.812500 0.000000 7.500000
v 7.500000 0.000000 -2.812500
v -7.500000 0.000000 -4.687500
v -4.687500 0.000000 7.500000
v 7.500000 0.000000 4.687500
v 4.687500 0.000000 -7.500000
v 0.000000 0.000000 4.687500
v 0.937500 0.000000 3.750000
v -3.750000 0.000000 -6.562500
v -7.500000 0.000000 4.687500
v 4.687500 0.000000 7.500000
v 7.500000 0.000000 -4.687500
v -4.687500 0.000000 -7.500000
v -7.500000 0.000000 -2.812500
v -2.812500 0.000000 7.500000
v 7.500000 0.000000 2.812500
v 2.812500 0.000000 -7.500000
v -7.500000 0.000000 0.937500
v 0.937500 0.000000 7.500000
v 7.500000 0.000000 -0.937500
v -7.500000 0.000000 -6.562500
v 7.500000 0.000000 6.562500
v 6.562500 0.000000 -7.500000
v 0.000000 0.000000 6.562500
v 2.812500 0.000000 3.750000
v -5.625000 0.000000 6.562500
v 1.875000 0.000000 6.562500
v 2.812500 0.000000 5.625000
v -1.875000 0.000000 -6.562500
v -2.812500 0.000000 -6.562500
v 2.812500 0.000000 6.562500
v 0.937500 0.000000 6.562500
v -4.687500 0.000000 6.562500
v -6.562500 0.000000 6.562500
v -6.562500 0.000000 -6.562500
v -6.562500 0.000000 -5.625000
v -7.500000 0.000000 -7.500000
v -6.562500 0.000000 -7.500000
v -7.500000 0.000000 -6.562500
v -5.625000 0.000000 -6.562500
v -5.625000 0.000000 -5.625000
v -5.625000 0.000000 -7.500000
v -7.500000 0.000000 -5.625000
v -6.562500 0.000000 -6.562500
v -6.562500 0.000000 -5.625000
v -7.500000 0.000000 -7.500000
v -6.562500 0.000000 -7.500000
v -7.500000 0.000000 -6.562500
v -7.500000 0.000000 -5.625000
v -5.625000 0.000000 -7.500000
v -5.625000 0.000000 -5.625000
v -5.625000 0.000000 -6.562500
v 2.812500 0.000000 4.687500
v -6.562500 0.000000 -6.562500
v -7.500000 0.000000 -6.562500
v -6.562500 0.000000 -7.500000
v -0.937500 0.000000 -6.562500
v -7.500000 0.000000 -7.500000
v -1.875000 0.000000 -7.500000
v -2.812500 0.000000 -7.500000
v -0.937500 0.000000 -7.500000
v 1.875000 0.000000 5.625000
v 1.875000 0.000000 4.687500
v 0.937500 0.000000 5.625000
v 0.937500 0.000000 4.687500
v -6.562500 0.000000 -5.625000
v -4.687500 0.000000 -5.625000
v -1.875000 0.000000 4.687500
v -1.875000 0.000000 6.562500
v -2.812500 0.000000 5.625000
v -0.937500 0.000000 5.625000
v -5.625000 0.000000 4.687500
v -5.625000 0.000000 6.562500
v -6.562500 0.000000 5.625000
v -4.687500 0.000000 5.625000
v -5.625000 0.000000 0.937500
v -5.625000 0.000000 2.812500
v -6.562500 0.000000 1.875000
v -4.687500 0.000000 1.875000
v 5.625000 0.000000 4.687500
v 5.625000 0.000000 6.562500
v 4.687500 0.000000 5.625000
v 6.562500 0.000000 5.625000
v 1.875000 0.000000 6.562500
v 2.812500 0.000000 5.625000
v 1.875000 0.000000 0.937500
v 1.875000 0.000000 2.812500
v 0.937500 0.000000 1.875000
v 2.812500 0.000000 1.875000
v 5.625000 0.000000 0.937500
v 5.625000 0.000000 2.812500
v 4.687500 0.000000 1.875000
v 6.562500 0.000000 1.875000
v -1.875000 0.000000 0.937500
v -1.875000 0.000000 2.812500
v -2.812500 0.000000 1.875000
v -0.937500 0.000000 1.875000
v -1.875000 0.000000 -6.562500
v -1.875000 0.000000 -4.687500
v -2.812500 0.000000 -5.625000
v -0.937500 0.000000 -5.625000
v 5.625000 0.000000 -6.562500
v 5.625000 0.000000 -4.687500
v 4.687500 0.000000 -5.625000
v 6.562500 0.000000 -5.625000
v 6.562500 0.000000 -4.687500
v 4.687500 0.000000 -4.687500
v 4.687500 0.000000 -6.562500
v -0.937500 0.000000 -4.687500
v -2.812500 0.000000 -4.687500
v -2.812500 0.000000 -6.562500
v -0.937500 0.000000 2.812500
v -2.812500 0.000000 2.812500
v -2.812500 0.000000 0.937500
v 6.562500 0.000000 2.812500
v 4.687500 0.000000 2.812500
v 4.687500 0.000000 0.937500
v 2.812500 0.000000 2.812500
v 0.937500 0.000000 2.812500
v 0.937500 0.000000 0.937500
v 2.812500 0.000000 6.562500
v 0.937500 0.000000 6.562500
v 4.687500 0.000000 6.562500
v 4.687500 0.000000 4.687500
v -4.687500 0.000000 2.812500
v -6.562500 0.000000 2.812500
v -6.562500 0.000000 0.937500
v -4.687500 0.000000 6.562500
v -6.562500 0.000000 6.562500
v -6.562500 0.000000 4.687500
v -0.937500 0.000000 6.562500
v -2.812500 0.000000 6.562500
v -2.812500 0.000000 4.687500
v -4.687500 0.000000 -4.687500
v -6.562500 0.000000 -4.687500
v -6.562500 0.000000 -6.562500
v -4.687500 0.000000 -0.937500
v -6.562500 0.000000 -0.937500
v -6.562500 0.000000 -2.812500
v -0.937500 0.000000 -0.937500
v -2.812500 0.000000 -0.937500
v -2.812500 0.000000 -2.812500
v 2.812500 0.000000 -4.687500
v 0.937500 0.000000 -4.687500
v 0.937500 0.000000 -6.562500
v 2.812500 0.000000 -0.937500
v 0.937500 0.000000 -0.937500
v 0.937500 0.000000 -2.812500
v 6.562500 0.000000 -0.937500
v 4.687500 0.000000 -0.937500
v 4.687500 0.000000 -2.812500
v 6.562500 0.000000 -2.812500
v 2.812500 0.000000 -2.812500
v 2.812500 0.000000 -6.562500
v -0.937500 0.000000 -2.812500
v -4.687500 0.000000 -2.812500
v -4.687500 0.000000 -6.562500
v -0.937500 0.000000 4.687500
v -4.687500 0.000000 4.687500
v -4.687500 0.000000 0.937500
v 6.562500 0.000000 4.687500
v 2.812500 0.000000 4.687500
v 2.812500 0.000000 0.937500
v 6.562500 0.000000 0.937500
v -0.937500 0.000000 0.937500
v -0.937500 0.000000 -6.562500
v 6.562500 0.000000 -6.562500
v -1.875000 0.000000 -7.500000
v -2.812500 0.000000 -7.500000
v -0.937500 0.000000 -7.500000
v 1.875000 0.000000 5.625000
v 1.875000 0.000000 4.687500
v 0.937500 0.000000 5.625000
v 0.937500 0.000000 4.687500
v -7.500000 0.000000 7.500000
v -7.500000 0.000000 -7.500000
v 7.500000 0.000000 -7.500000
v -7.500000 0.000000 0.000000
v 0.000000 0.000000 7.500000
v 7.500000 0.000000 0.000000
v 0.000000 0.000000 -7.500000
v -7.500000 0.000000 3.750000
v 3.750000 0.000000 7.500000
v 7.500000 0.000000 -3.750000
v -3.750000 0.000000 -7.500000
v -7.500000 0.000000 -3.750000
v -3.750000 0.000000 7.500000
v 7.500000 0.000000 3.750000
v 3.750000 0.000000 -7.500000
v 3.750000 0.000000 -3.750000
v -7.500000 0.000000 5.625000
v 5.625000 0.000000 7.500000
v 7.500000 0.000000 -5.625000
v -5.625000 0.000000 -7.500000
v -7.500000 0.000000 -1.875000
v -1.875000 0.000000 7.500000
v 7.500000 0.000000 1.875000
v 1.875000 0.000000 -7.500000
v -7.500000 0.000000 1.875000
v 1.875000 0.000000 7.500000
v 7.500000 0.000000 -1.875000
v -7.500000 0.000000 -5.625000
v -5.625000 0.000000 7.500000
v 7.500000 0.000000 5.625000
v 5.625000 0.000000 -7.500000
v 3.750000 0.000000 1.875000
v -3.750000 0.000000 5.625000
v -5.625000 0.000000 -3.750000
v 5.625000 0.000000 5.625000
v -1.875000 0.000000 -5.625000
v -7.500000 0.000000 6.562500
v 7.500000 0.000000 -6.562500
v -6.562500 0.000000 -7.500000
v -7.500000 0.000000 -0.937500
v -0.937500 0.000000 7.500000
v 7.500000 0.000000 0.937500
v 0.937500 0.000000 -7.500000
v -7.500000 0.000000 2.812500
v 2.812500 0.000000 7.500000
v 7.500000 0.000000 -2.812500
v -2.812500 0.000000 -7.500000
v -7.500000 0.000000 -4.687500
v -4.687500 0.000000 7.500000
v 7.500000 0.000000 4.687500
v 4.687500 0.000000 -7.500000
v -3.750000 0.000000 4.687500
v -6.562500 0.000000 -3.750000
v 3.750000 0.000000 -2.812500
v -7.500000 0.000000 4.687500
v 4.687500 0.000000 7.500000
v 7.500000 0.000000 -4.687500
v -4.687500 0.000000 -7.500000
v -7.500000 0.000000 -2.812500
v -2.812500 0.000000 7.500000
v 7.500000 0.000000 2.812500
v 2.812500 0.000000 -7.500000
v -7.500000 0.000000 0.937500
v 0.937500 0.000000 7.500000
v 7.500000 0.000000 -0.937500
v -0.937500 0.000000 -7.500000
v -7.500000 0.000000 -6.562500
v 6.562500 0.000000 -7.500000
v 3.750000 0.000000 2.812500
v 2.812500 0.000000 -3.750000
v -5.625000 0.000000 -4.687500
v -4.687500 0.000000 5.625000
v 5.625000 0.000000 6.562500
v 6.562500 0.000000 5.625000
v 2.812500 0.000000 1.875000
v -1.875000 0.000000 -6.562500
v -2.812500 0.000000 -5.625000
v -2.812500 0.000000 -6.562500
v 2.812500 0.000000 2.812500
v 0.937500 -0.500000 4.687500
v 0.937500 -0.500000 5.625000
v 1.875000 -0.500000 4.687500
v 1.875000 -0.500000 5.625000
v -6.562500 0.000000 -4.687500
v 6.562500 -0.500000 -6.562500
v -0.937500 -0.500000 -6.562500
v -0.937500 -0.500000 0.937500
v 6.562500 -0.500000 0.937500
v 2.812500 -0.500000 0.937500
v 2.812500 -0.500000 4.687500
v 6.562500 -0.500000 4.687500
v -4.687500 -0.500000 0.937500
v -4.687500 -0.500000 4.687500
v -0.937500 -0.500000 4.687500
v -4.687500 -0.500000 -6.562500
v -4.687500 -0.500000 -2.812500
v -0.937500 -0.500000 -2.812500
v 2.812500 -0.500000 -6.562500
v 2.812500 -0.500000 -2.812500
v 6.562500 -0.500000 -2.812500
v 4.687500 -0.500000 -2.812500
v 2.812500 0.000000 -2.812500
v 4.687500 -0.500000 -0.937500
v 6.562500 -0.500000 -0.937500
v 0.937500 -0.500000 -2.812500
v 0.937500 -0.500000 -0.937500
v 2.812500 -0.500000 -0.937500
v -4.687500 0.000000 4.687500
v 0.937500 -0.500000 -6.562500
v 0.937500 -0.500000 -4.687500
v 2.812500 -0.500000 -4.687500
v -2.812500 -0.500000 -2.812500
v -6.562500 0.000000 7.500000
v -5.625000 0.000000 7.500000
v -2.812500 -0.500000 -0.937500
v -7.500000 0.000000 7.500000
v -0.937500 -0.500000 -0.937500
v -6.562500 -0.500000 -2.812500
v -6.562500 -0.500000 -0.937500
v -4.687500 -0.500000 -0.937500
v -6.562500 -0.500000 -6.562500
v -6.562500 -0.500000 -4.687500
v -4.687500 -0.500000 -4.687500
v -2.812500 -0.500000 4.687500
v -2.812500 -0.500000 6.562500
v -0.937500 -0.500000 6.562500
v -6.562500 -0.500000 4.687500
v -6.562500 -0.500000 6.562500
v -4.687500 -0.500000 6.562500
v -6.562500 -0.500000 0.937500
v -6.562500 -0.500000 2.812500
v -4.687500 -0.500000 2.812500
v 4.687500 -0.500000 4.687500
v 4.687500 -0.500000 6.562500
v 0.937500 -0.500000 6.562500
v 2.812500 -0.500000 6.562500
v 0.937500 -0.500000 0.937500
v -5.625000 -0.500000 -5.625000
v -6.562500 -0.500000 -5.625000
v -6.562500 -0.500000 -6.562500
v -5.625000 -0.500000 -6.562500
v -0.937500 -0.500000 -6.562500
v 2.812500 -0.500000 4.687500
v 0.000000 -0.500000 -7.500000
v -4.687500 -0.500000 7.500000
v -6.562500 -0.500000 6.562500
v -4.687500 -0.500000 6.562500
v 0.937500 -0.500000 4.687500
v 0.937500 -0.500000 6.562500
v 2.812500 -0.500000 6.562500
v -5.625000 -0.500000 6.562500
v -2.812500 -0.500000 -6.562500
v -7.500000 -0.500000 6.562500
v -7.500000 -0.500000 5.625000
v 6.562500 -0.500000 7.500000
v 7.500000 -0.500000 -6.562500
v -6.562500 -0.500000 -7.500000
v -5.625000 -0.500000 -7.500000
v -7.500000 -0.500000 -0.937500
v -7.500000 -0.500000 -1.875000
v -0.937500 -0.500000 7.500000
v 7.500000 -0.500000 0.937500
v 0.937500 -0.500000 -7.500000
v 1.875000 -0.500000 -7.500000
v 0.000000 -0.500000 -6.562500
v 0.000000 -0.500000 0.937500
v -6.562500 -0.500000 0.000000
v 0.937500 -0.500000 0.000000
v -7.500000 -0.500000 2.812500
v -2.812500 0.000000 -7.500000
v -0.937500 0.000000 -7.500000
v -7.500000 -0.500000 1.875000
v 2.812500 -0.500000 7.500000
v 7.500000 -0.500000 -2.812500
v -7.500000 -0.500000 -4.687500
v -7.500000 -0.500000 -5.625000
v 7.500000 -0.500000 4.687500
v 5.625000 -0.500000 -7.500000
v 0.000000 -0.500000 -2.812500
v 0.000000 -0.500000 4.687500
v 3.750000 -0.500000 4.687500
v -5.625000 -0.500000 6.562500
v -3.750000 -0.500000 4.687500
v -6.562500 -0.500000 3.750000
v -3.750000 -0.500000 -2.812500
v -6.562500 -0.500000 -3.750000
v 3.750000 -0.500000 -2.812500
v 0.937500 -0.500000 -3.750000
v -7.500000 -0.500000 4.687500
v -7.500000 -0.500000 3.750000
v 4.687500 -0.500000 7.500000
v -4.687500 -0.500000 -7.500000
v -3.750000 -0.500000 -7.500000
v -7.500000 -0.500000 -2.812500
v -7.500000 -0.500000 -3.750000
v -2.812500 -0.500000 7.500000
v 2.812500 -0.500000 -7.500000
v 3.750000 -0.500000 -7.500000
v -4.687500 -0.500000 0.000000
v 2.812500 -0.500000 0.000000
v -7.500000 -0.500000 0.937500
v -7.500000 -0.500000 0.000000
v 0.937500 -0.500000 7.500000
v 7.500000 -0.500000 -0.937500
v -7.500000 -0.500000 -6.562500
v -7.500000 -0.500000 -7.500000
v 7.500000 -0.500000 6.562500
v 7.500000 -0.500000 7.500000
v 6.562500 -0.500000 -7.500000
v 7.500000 -0.500000 -7.500000
v 0.000000 -0.500000 -0.937500
v 0.000000 -0.500000 6.562500
v 0.000000 -0.500000 7.500000
v -0.937500 -0.500000 0.000000
v 0.000000 -0.500000 0.000000
v 6.562500 -0.500000 0.000000
v 7.500000 -0.500000 0.000000
v 3.750000 -0.500000 6.562500
v 3.750000 -0.500000 7.500000
v 3.750000 -0.500000 3.750000
v 7.500000 -0.500000 3.750000
v -3.750000 -0.500000 6.562500
v -3.750000 -0.500000 7.500000
v -4.687500 -0.500000 3.750000
v -3.750000 -0.500000 3.750000
v 0.000000 -0.500000 3.750000
v -3.750000 -0.500000 -0.937500
v -3.750000 -0.500000 0.000000
v -4.687500 -0.500000 -3.750000
v -3.750000 -0.500000 -3.750000
v 0.000000 -0.500000 -3.750000
v 3.750000 -0.500000 -0.937500
v 3.750000 -0.500000 0.000000
v 2.812500 -0.500000 -3.750000
v 3.750000 -0.500000 -3.750000
v 7.500000 -0.500000 -3.750000
v 5.625000 -0.500000 -2.812500
v 5.625000 -0.500000 -0.937500
v 5.625000 -0.500000 0.000000
v 4.687500 -0.500000 -1.875000
v -5.625000 0.000000 -7.500000
v 5.625000 -0.500000 -1.875000
v 6.562500 -0.500000 -1.875000
v 7.500000 -0.500000 -1.875000
v 1.875000 -0.500000 -2.812500
v 1.875000 -0.500000 -0.937500
v 1.875000 -0.500000 0.000000
v 0.937500 -0.500000 -1.875000
v -7.500000 0.000000 -5.625000
v 1.875000 -0.500000 -1.875000
v 2.812500 -0.500000 -1.875000
v 3.750000 -0.500000 -1.875000
v 1.875000 -0.500000 -6.562500
v 1.875000 -0.500000 -4.687500
v 1.875000 -0.500000 -3.750000
v 0.937500 -0.500000 -5.625000
v -6.562500 0.000000 -7.500000
v 1.875000 -0.500000 -5.625000
v 2.812500 -0.500000 -5.625000
v 3.750000 -0.500000 -5.625000
v -1.875000 -0.500000 -2.812500
v -1.875000 -0.500000 -0.937500
v -1.875000 -0.500000 0.000000
v -2.812500 -0.500000 -1.875000
v -1.875000 -0.500000 -1.875000
v -4.687500 -0.500000 7.500000
v -0.937500 -0.500000 -1.875000
v 0.000000 -0.500000 -1.875000
v -5.625000 -0.500000 -2.812500
v -5.625000 -0.500000 -0.937500
v -5.625000 -0.500000 0.000000
v -6.562500 -0.500000 -1.875000
v -5.625000 -0.500000 -1.875000
v -4.687500 -0.500000 -1.875000
v -3.750000 -0.500000 -1.875000
v -5.625000 -0.500000 -6.562500
v -5.625000 -0.500000 -4.687500
v -5.625000 -0.500000 -3.750000
v -6.562500 -0.500000 -5.625000
v -5.625000 -0.500000 -5.625000
v -4.687500 -0.500000 -5.625000
v -3.750000 -0.500000 -5.625000
v -1.875000 -0.500000 4.687500
v -7.500000 0.000000 -6.562500
v -1.875000 -0.500000 6.562500
v -1.875000 -0.500000 7.500000
v -1.875000 -0.500000 -6.562500
v -2.812500 -0.500000 5.625000
v -1.875000 -0.500000 5.625000
v -0.937500 -0.500000 5.625000
v 0.000000 -0.500000 5.625000
v -5.625000 -0.500000 4.687500
v -6.562500 -0.500000 5.625000
v -5.625000 -0.500000 5.625000
v -4.687500 -0.500000 5.625000
v -3.750000 -0.500000 5.625000
v -5.625000 -0.500000 0.937500
v -6.562500 0.000000 -6.562500
v -6.562500 0.000000 -5.625000
v -7.500000 0.000000 -7.500000
v -6.562500 0.000000 -7.500000
v -7.500000 0.000000 -6.562500
v -5.625000 0.000000 -6.562500
v -5.625000 0.000000 -5.625000
v -5.625000 0.000000 -7.500000
v -7.500000 0.000000 -5.625000
v -5.625000 -0.500000 2.812500
v -5.625000 -0.500000 3.750000
v -7.500000 0.000000 -7.500000
v -6.562500 0.000000 -7.500000
v -7.500000 0.000000 -6.562500
v -7.500000 0.000000 -5.625000
v -5.625000 0.000000 -7.500000
v -5.625000 0.000000 -5.625000
v -5.625000 0.000000 -6.562500
v -6.562500 -0.500000 1.875000
v -6.562500 0.000000 -6.562500
v -7.500000 0.000000 -6.562500
v -6.562500 0.000000 -7.500000
v -5.625000 -0.500000 1.875000
v -4.687500 -0.500000 1.875000
v -3.750000 -0.500000 1.875000
v -2.812500 0.000000 -7.500000
v -0.937500 0.000000 -7.500000
v 5.625000 -0.500000 4.687500
v 5.625000 -0.500000 6.562500
v 5.625000 -0.500000 7.500000
v 4.687500 -0.500000 5.625000
v -6.562500 0.000000 -5.625000
v 5.625000 -0.500000 5.625000
v 2.812500 -0.500000 5.625000
v 0.937500 -0.500000 5.625000
v 1.875000 -0.500000 5.625000
v 1.875000 -0.500000 6.562500
v 1.875000 -0.500000 4.687500
v 6.562500 -0.500000 5.625000
v 7.500000 -0.500000 5.625000
v 1.875000 -0.500000 6.562500
v 1.875000 -0.500000 7.500000
v 2.812500 -0.500000 5.625000
v 3.750000 -0.500000 5.625000
v 1.875000 -0.500000 0.937500
v 1.875000 -0.500000 3.750000
v 1.875000 -0.500000 1.875000
v 3.750000 -0.500000 1.875000
v 5.625000 -0.500000 3.750000
v 5.625000 -0.500000 1.875000
v 7.500000 -0.500000 1.875000
v -1.875000 -0.500000 3.750000
v -1.875000 -0.500000 1.875000
v 0.000000 -0.500000 1.875000
v -1.875000 -0.500000 -3.750000
v -1.875000 -0.500000 -5.625000
v 0.000000 -0.500000 -5.625000
v 5.625000 -0.500000 -3.750000
v 5.625000 -0.500000 -5.625000
v 7.500000 -0.500000 -5.625000
v 6.562500 -0.500000 -5.625000
v 6.562500 -0.500000 -3.750000
v 6.562500 -0.500000 -4.687500
v 7.500000 -0.500000 -4.687500
v 4.687500 -0.500000 -3.750000
v 3.750000 -0.500000 -4.687500
v 4.687500 -0.500000 -4.687500
v 5.625000 -0.500000 -4.687500
v 4.687500 -0.500000 -7.500000
v 4.687500 -0.500000 -5.625000
v 3.750000 -0.500000 -6.562500
v 4.687500 -0.500000 -6.562500
v 5.625000 -0.500000 -6.562500
v -0.937500 -0.500000 -5.625000
v -0.937500 -0.500000 -3.750000
v -0.937500 -0.500000 -4.687500
v 0.000000 -0.500000 -4.687500
v -2.812500 -0.500000 -3.750000
v -3.750000 -0.500000 -4.687500
v -2.812500 -0.500000 -4.687500
v -1.875000 -0.500000 -4.687500
v -2.812500 -0.500000 -5.625000
v -3.750000 -0.500000 -6.562500
v -2.812500 -0.500000 -6.562500
v -1.875000 -0.500000 -6.562500
v -0.937500 -0.500000 1.875000
v -0.937500 -0.500000 3.750000
v -0.937500 -0.500000 2.812500
v 1.875000 -0.500000 3.750000
v 2.812500 -0.500000 3.750000
v -2.812500 -0.500000 3.750000
v -3.750000 -0.500000 2.812500
v -2.812500 -0.500000 2.812500
v -1.875000 -0.500000 2.812500
v 0.000000 -0.500000 5.625000
v 0.000000 -0.500000 6.562500
v -2.812500 -0.500000 0.000000
v -5.625000 -0.500000 7.500000
v -6.562500 -0.500000 7.500000
v -1.875000 -0.500000 -7.500000
v -0.937500 -0.500000 -7.500000
v -6.562500 0.000000 -6.562500
v -2.812500 -0.500000 1.875000
v -3.750000 -0.500000 0.937500
v -2.812500 -0.500000 0.937500
v -1.875000 -0.500000 0.937500
v 6.562500 -0.500000 1.875000
v 6.562500 -0.500000 3.750000
v 6.562500 -0.500000 2.812500
v 7.500000 -0.500000 2.812500
v 4.687500 -0.500000 3.750000
v -3.750000 -0.500000 -6.562500
v 4.687500 -0.500000 2.812500
v 5.625000 -0.500000 2.812500
v 4.687500 -0.500000 0.000000
v 4.687500 -0.500000 1.875000
v 3.750000 -0.500000 0.937500
v 4.687500 -0.500000 0.937500
v 5.625000 -0.500000 0.937500
v 0.937500 -0.500000 3.750000
v 2.812500 -0.500000 1.875000
v 2.812500 -0.500000 3.750000
v 2.812500 -0.500000 2.812500
v 3.750000 -0.500000 2.812500
v 0.000000 -0.500000 3.750000
v 0.000000 -0.500000 4.687500
v 0.937500 -0.500000 1.875000
v -3.750000 -0.500000 -7.500000
v -2.812500 -0.500000 -7.500000
v 0.937500 -0.500000 3.750000
v 0.000000 -0.500000 2.812500
v 0.937500 -0.500000 2.812500
v 1.875000 -0.500000 2.812500
v -1.875000 0.000000 -7.500000
v -2.812500 0.000000 -7.500000
v -0.937500 0.000000 -7.500000
v 0.000000 -0.500000 -7.500000
v 0.000000 -0.500000 -6.562500
v -7.500000 -0.500000 7.500000
v -7.500000 -0.500000 6.562500
v -7.500000 0.000000 7.500000
v 7.500000 0.000000 7.500000
v -7.500000 0.000000 -7.500000
v 7.500000 0.000000 -7.500000
v -7.500000 0.000000 0.000000
v 0.000000 0.000000 7.500000
v 7.500000 0.000000 0.000000
v 0.000000 0.000000 -7.500000
v -7.500000 0.000000 3.750000
v 3.750000 0.000000 7.500000
v 7.500000 0.000000 -3.750000
v -3.750000 0.000000 -7.500000
v -7.500000 0.000000 -3.750000
v -3.750000 0.000000 7.500000
v 7.500000 0.000000 3.750000
v 3.750000 0.000000 -7.500000
v -5.625000 0.000000 -6.562500
v 0.000000 0.000000 3.750000
v 3.750000 0.000000 -3.750000
v -7.500000 0.000000 5.625000
v 5.625000 0.000000 7.500000
v 7.500000 0.000000 -5.625000
v -5.625000 0.000000 -7.500000
v -7.500000 0.000000 -1.875000
v -1.875000 0.000000 7.500000
v 7.500000 0.000000 1.875000
v 1.875000 0.000000 -7.500000
v -7.500000 0.000000 1.875000
v 1.875000 0.000000 7.500000
v 7.500000 0.000000 -1.875000
v -1.875000 0.000000 -7.500000
v -7.500000 0.000000 -5.625000
v -5.625000 0.000000 7.500000
v 7.500000 0.000000 5.625000
v 5.625000 0.000000 -7.500000
v 0.000000 0.000000 5.625000
v 3.750000 0.000000 1.875000
v 1.875000 0.000000 3.750000
v -3.750000 0.000000 5.625000
v -5.625000 0.000000 -3.750000
v 5.625000 0.000000 5.625000
v 1.875000 0.000000 5.625000
v 2.812500 0.000000 3.750000
v -1.875000 0.000000 -5.625000
v -7.500000 0.000000 6.562500
v 6.562500 0.000000 7.500000
v 7.500000 0.000000 -6.562500
v -6.562500 0.000000 -7.500000
v -7.500000 0.000000 -0.937500
v -0.937500 0.000000 7.500000
v 7.500000 0.000000 0.937500
v 0.937500 0.000000 -7.500000
v 0.000000 0.000000 -6.562500
v 0.000000 0.000000 6.562500
v -7.500000 0.000000 2.812500
v 2.812500 0.000000 7.500000
v 7.500000 0.000000 -2.812500
v -2.812500 0.000000 -7.500000
v -7.500000 0.000000 -4.687500
v -4.687500 0.000000 7.500000
v 7.500000 0.000000 4.687500
v 4.687500 0.000000 -7.500000
v 6.562500 0.000000 -7.500000
v 0.000000 0.000000 4.687500
v 7.500000 0.000000 6.562500
v -7.500000 0.000000 -6.562500
v 7.500000 0.000000 -0.937500
v 0.937500 0.000000 7.500000
v 0.937500 0.000000 3.750000
v -7.500000 0.000000 0.937500
v -3.750000 0.000000 4.687500
v -3.750000 0.000000 -6.562500
v -6.562500 0.000000 -3.750000
v 2.812500 0.000000 -7.500000
v 7.500000 0.000000 2.812500
v 3.750000 0.000000 -2.812500
v -2.812500 0.000000 7.500000
v -7.500000 0.000000 -2.812500
v -7.500000 0.000000 4.687500
v 4.687500 0.000000 7.500000
v 7.500000 0.000000 -4.687500
v -4.687500 0.000000 -7.500000
v -7.500000 0.000000 -2.812500
v -2.812500 0.000000 7.500000
v 7.500000 0.000000 2.812500
v 2.812500 0.000000 -7.500000
v -4.687500 0.000000 -7.500000
v 7.500000 0.000000 -4.687500
v 4.687500 0.000000 7.500000
v -7.500000 0.000000 4.687500
v -7.500000 0.000000 0.937500
v 0.937500 0.000000 7.500000
v 7.500000 0.000000 -0.937500
v -0.937500 0.000000 -7.500000
v -7.500000 0.000000 -6.562500
v -6.562500 0.000000 7.500000
v 7.500000 0.000000 6.562500
v 6.562500 0.000000 -7.500000
v 0.000000 0.000000 6.562500
v 3.750000 0.000000 2.812500
v 2.812500 0.000000 3.750000
v -3.750000 0.000000 -6.562500
v 0.937500 0.000000 3.750000
v 2.812500 0.000000 -3.750000
v 0.000000 0.000000 4.687500
v 4.687500 0.000000 -7.500000
v 7.500000 0.000000 4.687500
v -4.687500 0.000000 7.500000
v -7.500000 0.000000 -4.687500
v 7.500000 0.000000 -2.812500
v 2.812500 0.000000 7.500000
v -7.500000 0.000000 2.812500
v 0.000000 0.000000 -6.562500
v 0.937500 0.000000 -7.500000
v 7.500000 0.000000 0.937500
v -0.937500 0.000000 7.500000
v -7.500000 0.000000 -0.937500
v -6.562500 0.000000 -7.500000
v 7.500000 0.000000 -6.562500
v -5.625000 0.000000 -4.687500
v 6.562500 0.000000 7.500000
v -7.500000 0.000000 6.562500
v -5.625000 0.000000 6.562500
v -4.687500 0.000000 5.625000
v -5.625000 0.000000 -5.625000
v 5.625000 0.000000 6.562500
v 6.562500 0.000000 5.625000
v 1.875000 0.000000 4.687500
v 1.875000 0.000000 6.562500
v 0.937500 0.000000 5.625000
v 2.812500 0.000000 5.625000
v 2.812500 0.000000 1.875000
v -1.875000 0.000000 -6.562500
v -2.812500 0.000000 -5.625000
v 1.875000 0.000000 3.750000
v 0.000000 0.000000 5.625000
v -2.812500 0.000000 -6.562500
v 5.625000 0.000000 -7.500000
v 7.500000 0.000000 5.625000
v -7.500000 0.000000 -5.625000
v 7.500000 0.000000 -1.875000
v 1.875000 0.000000 7.500000
v 2.812500 0.000000 2.812500
v -7.500000 0.000000 1.875000
v 2.812500 0.000000 6.562500
v 0.937500 0.000000 6.562500
v 0.937500 0.000000 4.687500
v -3.750000 5.000000 5.625000
v 1.875000 0.000000 -7.500000
v 7.500000 0.000000 1.875000
v -4.687500 0.000000 6.562500
v -6.562500 0.000000 6.562500
v -1.875000 0.000000 7.500000
v -7.500000 0.000000 -1.875000
v -5.625000 0.000000 -7.500000
v 7.500000 0.000000 -5.625000
v 5.625000 0.000000 7.500000
v -6.562500 0.000000 -4.687500
v -7.500000 0.000000 5.625000
v 0.000000 0.000000 3.750000
v 3.750000 0.000000 -7.500000
v 7.500000 0.000000 3.750000
v -3.750000 0.000000 7.500000
v -7.500000 0.000000 -3.750000
v -3.750000 0.000000 -7.500000
v 7.500000 0.000000 -3.750000
v 3.750000 0.000000 7.500000
v -7.500000 0.000000 3.750000
v 2.812500 0.000000 -2.812500
v 0.000000 0.000000 -7.500000
v 7.500000 0.000000 0.000000
v 0.000000 0.000000 7.500000
v -7.500000 0.000000 0.000000
v -4.687500 0.000000 4.687500
v 7.500000 0.000000 -7.500000
v -7.500000 0.000000 -7.500000
v 2.812500 0.000000 4.687500
v 7.500000 0.000000 7.500000
v -6.562500 0.000000 7.500000
v -5.625000 0.000000 7.500000
v -0.937500 0.000000 -6.562500
v -7.500000 0.000000 7.500000
v 7.500000 1.500000 7.500000
v 5.625000 1.500000 7.500000
v 7.500000 1.500000 5.625000
v 5.625000 1.500000 5.625000
v 6.562500 1.500000 7.500000
v 7.500000 1.500000 6.562500
v 5.625000 1.500000 6.562500
v 6.562500 1.500000 5.625000
v 6.562500 1.500000 6.562500
v -3.750000 5.000000 4.687500
v -4.687500 5.000000 5.625000
v -4.687500 5.000000 4.687500
v -3.750000 6.000000 5.625000
v -3.750000 6.000000 4.687500
v -4.687500 6.000000 5.625000
v -4.687500 6.000000 4.687500
v -3.750000 5.000000 2.187500
v -4.687500 5.000000 2.187500
v -3.750000 6.000000 2.187500
v -4.687500 6.000000 2.187500
v 3.750000 2.500000 -3.750000
v 3.750000 2.500000 -2.812500
v 2.812500 2.500000 -3.750000
v 2.812500 2.500000 -2.812500
v 3.750000 3.500000 -3.750000
v 3.750000 3.500000 -2.812500
v 2.812500 3.500000 -3.750000
v 2.812500 3.500000 -2.812500
v -1.187500 2.500000 -3.750000
v -1.187500 2.500000 -2.812500
v -1.187500 3.500000 -3.750000
v -1.187500 3.500000 -2.812500
v -2.187500 2.500000 -3.750000
v -2.187500 2.500000 -2.812500
v -2.187500 3.500000 -3.750000
v -2.187500 3.500000 -2.812500
v -1.187500 6.000000 -3.750000
v -1.187500 6.000000 -2.812500
v -2.187500 6.000000 -3.750000
v -2.187500 6.000000 -2.812500
v 3.750000 2.500000 1.875000
v 3.750000 2.500000 2.812500
v 2.812500 2.500000 1.875000
v 2.812500 2.500000 2.812500
v 3.750000 3.500000 1.875000
v 3.750000 3.500000 2.812500
v 2.812500 3.500000 1.875000
v 2.812500 3.500000 2.812500
v -6.562500 5.000000 -3.750000
v -5.625000 5.000000 -3.750000
v -6.562500 5.000000 -4.687500
v -5.625000 5.000000 -4.687500
v -1.875000 0.000000 -7.500000
v -2.812500 0.000000 -7.500000
v -0.937500 0.000000 -7.500000
v -1.187500 2.500000 -2.812500
v -1.187500 3.500000 -2.812500
v -2.187500 2.500000 -3.750000
v -2.187500 2.500000 -2.812500
v -2.187500 3.500000 -3.750000
v -2.187500 3.500000 -2.812500
v -1.187500 2.500000 1.187500
v -1.187500 3.500000 1.187500
v -2.187500 2.500000 1.187500
v -2.187500 3.500000 1.187500
v 1.875000 0.000000 5.625000
v 1.875000 0.000000 4.687500
v 0.937500 0.000000 5.625000
v 0.937500 0.000000 4.687500
v 1.875000 0.000000 5.625000
v 1.875000 0.000000 4.687500
v 0.937500 0.000000 5.625000
v 0.937500 0.000000 4.687500
v 1.875000 0.000000 5.625000
v 1.875000 0.000000 4.687500
v 0.937500 0.000000 5.625000
v 0.937500 0.000000 4.687500
v 1.875000 4.999999 5.625000
v 1.875000 4.999999 4.687500
v 0.937500 4.999999 5.625000
v 0.937500 4.999999 4.687500
v 1.875000 5.999999 5.625000
v 1.875000 5.999999 4.687500
v 0.937500 5.999999 5.625000
v 0.937500 5.999999 4.687500
v 0.937500 5.000000 5.625000
v 0.937500 5.000000 4.687500
v 0.937500 6.000000 5.625000
v 0.937500 6.000000 4.687500
v -1.687500 8.499999 -3.750000
v 3.750000 8.499999 -3.750000
v 3.750000 8.499999 -2.812500
v 2.812500 8.499999 -3.750000
v 2.812500 8.499999 -2.812500
v 3.750000 9.499999 -3.750000
v 3.750000 9.499999 -2.812500
v 2.812500 9.499999 -3.750000
v 2.812500 9.499999 -2.812500
v -1.687500 8.499999 -2.812500
v -1.687500 9.499999 -3.750000
v -1.687500 9.499999 -2.812500
v -1.875000 4.000000 -5.625000
v -1.875000 4.000000 -6.562500
v -2.812500 4.000000 -5.625000
v -2.812500 4.000000 -6.562500
v 7.500000 0.000000 7.500000
v -7.500000 0.000000 -7.500000
v 7.500000 0.000000 -7.500000
v -7.500000 0.000000 0.000000
v 0.000000 0.000000 7.500000
v 7.500000 0.000000 0.000000
v 0.000000 0.000000 -7.500000
v -7.500000 0.000000 3.750000
v 3.750000 0.000000 7.500000
v 7.500000 0.000000 -3.750000
v -3.750000 0.000000 -7.500000
v -7.500000 0.000000 -3.750000
v -3.750000 0.000000 7.500000
v 7.500000 0.000000 3.750000
v 3.750000 0.000000 -7.500000
v 0.000000 0.000000 3.750000
v -7.500000 0.000000 5.625000
v 5.625000 0.000000 7.500000
v 7.500000 0.000000 -5.625000
v -5.625000 0.000000 -7.500000
v -7.500000 0.000000 -1.875000
v -1.875000 0.000000 7.500000
v 7.500000 0.000000 1.875000
v 1.875000 0.000000 -7.500000
v -7.500000 0.000000 1.875000
v 1.875000 0.000000 7.500000
v 7.500000 0.000000 -1.875000
v -7.500000 0.000000 -5.625000
v 7.500000 0.000000 5.625000
v 5.625000 0.000000 -7.500000
v 0.000000 0.000000 5.625000
v 1.875000 0.000000 3.750000
v -7.500000 0.000000 6.562500
v 6.562500 0.000000 7.500000
v 7.500000 0.000000 -6.562500
v -6.562500 0.000000 -7.500000
v -7.500000 0.000000 -0.937500
v -0.937500 0.000000 7.500000
v 7.500000 0.000000 0.937500
v 0.937500 0.000000 -7.500000
v 0.000000 0.000000 -6.562500
v -7.500000 0.000000 2.812500
v 2.812500 0.000000 7.500000
v 7.500000 0.000000 -2.812500
v -7.500000 0.000000 -4.687500
v -4.687500 0.000000 7.500000
v 7.500000 0.000000 4.687500
v 4.687500 0.000000 -7.500000
v 0.000000 0.000000 4.687500
v 0.937500 0.000000 3.750000
v -3.750000 0.000000 -6.562500
v -7.500000 0.000000 4.687500
v 4.687500 0.000000 7.500000
v 7.500000 0.000000 -4.687500
v -4.687500 0.000000 -7.500000
v -7.500000 0.000000 -2.812500
v -2.812500 0.000000 7.500000
v 7.500000 0.000000 2.812500
v 2.812500 0.000000 -7.500000
v -7.500000 0.000000 0.937500
v 0.937500 0.000000 7.500000
v 7.500000 0.000000 -0.937500
v -7.500000 0.000000 -6.562500
v 7.500000 0.000000 6.562500
v 6.562500 0.000000 -7.500000
v 0.000000 0.000000 6.562500
v 2.812500 0.000000 3.750000
v -5.625000 0.000000 6.562500
v 1.875000 0.000000 6.562500
v 2.812500 0.000000 5.625000
v -1.875000 0.000000 -6.562500
v -2.812500 0.000000 -6.562500
v 2.812500 0.000000 6.562500
v 0.937500 0.000000 6.562500
v -4.687500 0.000000 6.562500
v -6.562500 0.000000 6.562500
v -6.562500 0.000000 -6.562500
v -6.562500 0.000000 -5.625000
v -7.500000 0.000000 -7.500000
v -6.562500 0.000000 -7.500000
v -7.500000 0.000000 -6.562500
v -5.625000 0.000000 -6.562500
v -5.625000 0.000000 -5.625000
v -5.625000 0.000000 -7.500000
v -7.500000 0.000000 -5.625000
v -6.562500 0.000000 -6.562500
v -6.562500 0.000000 -5.625000
v -7.500000 0.000000 -7.500000
v -6.562500 0.000000 -7.500000
v -7.500000 0.000000 -6.562500
v -7.500000 0.000000 -5.625000
v -5.625000 0.000000 -7.500000
v -5.625000 0.000000 -5.625000
v -5.625000 0.000000 -6.562500
v 2.812500 0.000000 4.687500
v -6.562500 0.000000 -6.562500
v -7.500000 0.000000 -6.562500
v -6.562500 0.000000 -7.500000
v -0.937500 0.000000 -6.562500
v -7.500000 0.000000 -7.500000
v -1.875000 0.000000 -7.500000
v -2.812500 0.000000 -7.500000
v -0.937500 0.000000 -7.500000
v 1.875000 0.000000 5.625000
v 1.875000 0.000000 4.687500
v 0.937500 0.000000 5.625000
v 0.937500 0.000000 4.687500
v -6.562500 0.000000 -5.625000
v -5.625000 0.000000 6.562500
v 1.875000 0.000000 6.562500
v 2.812500 0.000000 5.625000
v -1.875000 0.000000 -6.562500
v -2.812500 0.000000 -6.562500
v 2.812500 0.000000 6.562500
v 0.937500 0.000000 6.562500
v -4.687500 0.000000 6.562500
v -6.562500 0.000000 6.562500
v -6.562500 0.000000 -6.562500
v 2.812500 0.000000 4.687500
v -0.937500 0.000000 -6.562500
v -1.875000 0.000000 -7.500000
v -2.812500 0.000000 -7.500000
v -0.937500 0.000000 -7.500000
v 1.875000 0.000000 5.625000
v 1.875000 0.000000 4.687500
v 0.937500 0.000000 5.625000
v 0.937500 0.000000 4.687500
vn -0.0000 -1.0000 -0.0000
vn -0.0000 1.0000 -0.0000
vn -0.0000 -0.0000 -1.0000
vn 1.0000 -0.0000 -0.0000
vn -1.0000 -0.0000 -0.0000
vn -0.0000 -0.0000 1.0000
vt 0.437500 0.500000
vt 0.437500 0.562500
vt 0.500000 0.562500
vt 0.500000 0.500000
vt 0.437500 0.937500
vt 0.437500 1.000000
vt 0.500000 1.000000
vt 0.500000 0.937500
vt 0.375000 0.500000
vt 0.375000 0.562500
vt 0.375000 0.625000
vt 0.437500 0.625000
vt 0.062500 0.625000
vt 0.062500 0.687500
vt 0.125000 0.687500
vt 0.125000 0.625000
vt 0.000000 0.625000
vt 0.000000 0.687500
vt 0.000000 0.750000
vt 0.062500 0.750000
vt 0.062500 0.500000
vt 0.062500 0.562500
vt 0.125000 0.562500
vt 0.125000 0.500000
vt 0.000000 0.500000
vt 0.000000 0.562500
vt 0.187500 0.500000
vt 0.187500 0.562500
vt 0.250000 0.562500
vt 0.250000 0.500000
vt 0.187500 0.625000
vt 0.000000 0.000000
vt 0.687500 0.687500
vt 0.750000 0.687500
vt 0.000000 0.875000
vt 0.000000 0.937500
vt 0.062500 0.937500
vt 0.062500 0.875000
vt 0.000000 1.000000
vt 0.062500 1.000000
vt 0.000000 0.812500
vt 0.062500 0.812500
vt 0.187500 0.750000
vt 0.187500 0.812500
vt 0.250000 0.812500
vt 0.250000 0.750000
vt 0.125000 0.750000
vt 0.125000 0.812500
vt 0.125000 0.875000
vt 0.187500 0.875000
vt 0.312500 0.125000
vt 0.312500 0.187500
vt 0.375000 0.187500
vt 0.375000 0.125000
vt 0.250000 0.125000
vt 0.250000 0.187500
vt 0.250000 0.250000
vt 0.312500 0.250000
vt 0.312500 0.000000
vt 0.312500 0.062500
vt 0.375000 0.062500
vt 0.375000 0.000000
vt 0.250000 0.000000
vt 0.250000 0.062500
vt 0.437500 0.000000
vt 0.437500 0.062500
vt 0.500000 0.062500
vt 0.500000 0.000000
vt 0.437500 0.125000
vt 0.062500 0.125000
vt 0.062500 0.187500
vt 0.125000 0.187500
vt 0.125000 0.125000
vt 0.000000 0.125000
vt 0.000000 0.187500
vt 0.000000 0.250000
vt 0.062500 0.250000
vt 0.000000 0.062500
vt 0.062500 0.062500
vt 0.187500 0.000000
vt 0.187500 0.062500
vt 0.125000 0.062500
vt 0.187500 0.125000
vt 0.062500 0.375000
vt 0.062500 0.437500
vt 0.125000 0.437500
vt 0.125000 0.375000
vt 0.000000 0.375000
vt 0.000000 0.437500
vt 0.062500 0.312500
vt 0.125000 0.312500
vt 0.125000 0.250000
vt 0.000000 0.312500
vt 0.187500 0.250000
vt 0.187500 0.312500
vt 0.250000 0.312500
vt 0.562500 0.187500
vt 0.562500 0.250000
vt 0.625000 0.250000
vt 0.625000 0.187500
vt 0.562500 0.062500
vt 0.562500 0.125000
vt 0.625000 0.125000
vt 0.625000 0.062500
vt 0.187500 0.375000
vt 0.812500 0.125000
vt 0.812500 0.187500
vt 0.875000 0.187500
vt 0.875000 0.125000
vt 0.750000 0.125000
vt 0.750000 0.187500
vt 0.687500 0.375000
vt 0.687500 0.312500
vt 0.750000 0.250000
vt 0.812500 0.250000
vt 0.812500 0.000000
vt 0.812500 0.062500
vt 0.875000 0.062500
vt 0.875000 0.000000
vt 0.750000 0.000000
vt 0.750000 0.062500
vt 0.562500 0.000000
vt 0.625000 0.000000
vt 0.312500 0.937500
vt 0.312500 1.000000
vt 0.375000 1.000000
vt 0.375000 0.937500
vt 0.687500 0.000000
vt 0.687500 0.062500
vt 0.562500 0.375000
vt 0.562500 0.437500
vt 0.625000 0.437500
vt 0.625000 0.375000
vt 0.500000 0.375000
vt 0.500000 0.437500
vt 0.562500 0.500000
vt 0.562500 0.312500
vt 0.625000 0.312500
vt 0.500000 0.250000
vt 0.500000 0.312500
vt 0.687500 0.250000
vt 0.750000 0.312500
vt 0.812500 0.375000
vt 0.812500 0.437500
vt 0.875000 0.437500
vt 0.875000 0.375000
vt 0.750000 0.375000
vt 0.750000 0.437500
vt 0.750000 0.500000
vt 0.812500 0.500000
vt 0.812500 0.312500
vt 0.875000 0.312500
vt 0.875000 0.250000
vt 0.937500 0.250000
vt 0.937500 0.312500
vt 1.000000 0.312500
vt 1.000000 0.250000
vt 0.937500 0.375000
vt 0.250000 0.937500
vt 0.250000 1.000000
vt 0.312500 0.375000
vt 0.312500 0.437500
vt 0.375000 0.437500
vt 0.375000 0.375000
vt 0.312500 0.875000
vt 0.375000 0.875000
vt 0.250000 0.375000
vt 0.250000 0.437500
vt 0.312500 0.500000
vt 0.312500 0.312500
vt 0.375000 0.312500
vt 0.375000 0.250000
vt 0.437500 0.250000
vt 0.437500 0.312500
vt 0.437500 0.375000
vt 0.250000 0.875000
vt 0.312500 0.750000
vt 0.312500 0.812500
vt 0.375000 0.812500
vt 0.375000 0.750000
vt 0.437500 0.750000
vt 0.437500 0.812500
vt 0.500000 0.812500
vt 0.500000 0.750000
vt 0.437500 0.875000
vt 0.812500 0.875000
vt 0.812500 0.937500
vt 0.875000 0.937500
vt 0.875000 0.875000
vt 0.750000 0.875000
vt 0.750000 0.937500
vt 0.750000 1.000000
vt 0.812500 1.000000
vt 0.812500 0.750000
vt 0.812500 0.812500
vt 0.875000 0.812500
vt 0.875000 0.750000
vt 0.750000 0.750000
vt 0.750000 0.812500
vt 0.937500 0.750000
vt 0.937500 0.812500
vt 1.000000 0.812500
vt 1.000000 0.750000
vt 0.937500 0.875000
vt 1.000000 0.875000
vt 0.875000 1.000000
vt 0.687500 0.125000
vt 0.500000 0.875000
vt 0.500000 0.125000
vt 0.500000 0.187500
vt 0.937500 0.125000
vt 1.000000 0.375000
vt 0.875000 0.500000
vt 0.625000 0.500000
vt 0.125000 0.000000
vt 0.062500 0.000000
vt 0.125000 1.000000
vt 0.125000 0.937500
vt 0.250000 0.625000
vt 0.500000 0.625000
vt 0.312500 0.562500
vt 0.312500 0.625000
vt 0.312500 0.687500
vt 0.375000 0.687500
vt 0.687500 0.812500
vt 0.687500 0.875000
vt 0.562500 0.812500
vt 0.562500 0.875000
vt 0.625000 0.875000
vt 0.625000 0.812500
vt 0.562500 0.937500
vt 0.562500 1.000000
vt 0.625000 1.000000
vt 0.625000 0.937500
vt 0.687500 0.562500
vt 0.687500 0.625000
vt 0.750000 0.625000
vt 0.750000 0.562500
vt 0.562500 0.562500
vt 0.562500 0.625000
vt 0.625000 0.625000
vt 0.625000 0.562500
vt 0.562500 0.687500
vt 0.562500 0.750000
vt 0.625000 0.750000
vt 0.625000 0.687500
vt 0.937500 0.562500
vt 0.937500 0.625000
vt 1.000000 0.625000
vt 1.000000 0.562500
vt 0.812500 0.562500
vt 0.812500 0.625000
vt 0.875000 0.625000
vt 0.875000 0.562500
vt 0.812500 0.687500
vt 0.875000 0.687500
vt 0.937500 0.687500
vt 1.000000 0.687500
vt 0.687500 0.937500
vt 0.687500 1.000000
vt 0.437500 0.687500
vt 0.500000 0.687500
vt 0.187500 0.687500
vt 0.250000 0.687500
vt 0.187500 0.937500
vt 0.187500 1.000000
vt 0.437500 0.187500
vt 0.187500 0.187500
vt 0.187500 0.437500
vt 0.937500 0.187500
vt 1.000000 0.187500
vt 0.687500 0.187500
vt 0.687500 0.437500
vt 0.687500 0.500000
vt 0.937500 0.437500
vt 0.937500 0.500000
vt 1.000000 0.500000
vt 1.000000 0.437500
vt 0.437500 0.437500
vt 0.937500 0.937500
vt 0.937500 1.000000
vt 1.000000 1.000000
vt 1.000000 0.937500
vt 0.937500 0.062500
vt 1.000000 0.125000
vt 1.000000 0.062500
vt 0.937500 0.000000
vt 1.000000 0.000000
vt 0.687500 0.750000
s 0
f 91/1/1 576/2/1 93/3/1 276/4/1
f 288/5/1 137/6/1 8/7/1 90/8/1
f 229/9/1 35/10/1 576/2/1 91/1/1
f 35/10/1 200/11/1 24/12/1 576/2/1
f 21/13/1 575/14/1 23/15/1 198/16/1
f 253/17/1 121/18/1 575/14/1 21/13/1
f 121/18/1 270/19/1 150/20/1 575/14/1
f 174/21/1 574/22/1 22/23/1 245/24/1
f 280/25/1 180/26/1 574/22/1 174/21/1
f 180/26/1 253/17/1 21/13/1 574/22/1
f 112/27/1 573/28/1 68/29/1 264/30/1
f 245/24/1 22/23/1 573/28/1 112/27/1
f 22/23/1 198/16/1 20/31/1 573/28/1
f 494/32/2 482/32/2 483/32/2 492/32/2
f 275/33/3 313/33/3 311/34/3 119/34/3
f 235/35/1 105/36/1 572/37/1 502/38/1
f 105/36/1 283/39/1 181/40/1 572/37/1
f 270/19/1 169/41/1 571/42/1 150/20/1
f 169/41/1 235/35/1 502/38/1 571/42/1
f 67/43/1 570/44/1 69/45/1 260/46/1
f 215/47/1 9/48/1 570/44/1 67/43/1
f 9/48/1 197/49/1 503/50/1 570/44/1
f 506/51/1 569/52/1 504/53/1 196/54/1
f 222/55/1 155/56/1 569/52/1 506/51/1
f 155/56/1 261/57/1 153/58/1 569/52/1
f 120/59/1 568/60/1 505/61/1 252/62/1
f 269/63/1 72/64/1 568/60/1 120/59/1
f 72/64/1 222/55/1 506/51/1 568/60/1
f 179/65/1 567/66/1 92/67/1 279/68/1
f 252/62/1 505/61/1 567/66/1 179/65/1
f 505/61/1 196/54/1 507/69/1 567/66/1
f 510/70/1 566/71/1 508/72/1 195/73/1
f 258/74/1 133/75/1 566/71/1 510/70/1
f 133/75/1 274/76/1 154/77/1 566/71/1
f 185/78/1 258/74/1 510/70/1 565/79/1
f 168/80/1 564/81/1 72/64/1 269/63/1
f 509/82/1 195/73/1 511/83/1 564/81/1
f 514/84/1 563/85/1 512/86/1 194/87/1
f 239/88/1 109/89/1 563/85/1 514/84/1
f 109/89/1 280/25/1 174/21/1 563/85/1
f 154/77/1 562/90/1 513/91/1 221/92/1
f 274/76/1 172/93/1 562/90/1 154/77/1
f 172/93/1 239/88/1 514/84/1 562/90/1
f 71/94/1 561/95/1 73/96/1 261/57/1
f 221/92/1 513/91/1 561/95/1 71/94/1
f 83/32/3 294/32/3 290/32/3 2/32/3
f 243/97/1 108/98/1 52/99/1 202/100/1
f 242/101/1 204/102/1 76/103/1 203/104/1
f 513/91/1 194/87/1 515/105/1 561/95/1
f 518/106/1 560/107/1 516/108/1 192/109/1
f 226/110/1 159/111/1 560/107/1 518/106/1
f 209/112/4 332/112/4 333/113/4 238/113/4
f 159/111/1 262/114/1 157/115/1 560/107/1
f 132/116/1 559/117/1 517/118/1 256/119/1
f 273/120/1 78/121/1 559/117/1 132/116/1
f 78/121/1 226/110/1 518/106/1 559/117/1
f 107/122/1 558/101/1 520/104/1 237/123/1
f 279/68/1 92/67/1 558/101/1 107/122/1
f 231/124/1 97/125/1 41/126/1 218/127/1
f 171/128/1 557/129/1 78/121/1 273/120/1
f 237/123/1 520/104/1 557/129/1 171/128/1
f 524/130/1 556/131/1 522/132/1 190/133/1
f 246/134/1 175/135/1 556/131/1 524/130/1
f 175/135/1 276/4/1 173/136/1 556/131/1
f 158/98/1 555/137/1 523/138/1 225/99/1
f 265/139/1 113/140/1 555/137/1 158/98/1
f 113/140/1 246/134/1 524/130/1 555/137/1
f 77/141/1 554/113/1 79/142/1 262/114/1
f 225/99/1 523/138/1 554/113/1 77/141/1
f 523/138/1 190/133/1 525/112/1 554/113/1
f 528/143/1 553/144/1 526/145/1 189/146/1
f 227/147/1 161/148/1 553/144/1 528/143/1
f 161/148/1 263/149/1 162/150/1 553/144/1
f 157/115/1 552/151/1 527/152/1 224/153/1
f 262/114/1 79/142/1 552/151/1 157/115/1
f 79/142/1 227/147/1 528/143/1 552/151/1
f 74/154/1 551/155/1 118/156/1 268/157/1
f 224/153/1 527/152/1 551/155/1 74/154/1
f 527/152/1 189/146/1 529/158/1 551/155/1
f 114/159/1 13/160/1 97/125/1 231/124/1
f 532/161/1 550/162/1 530/163/1 188/164/1
f 220/165/3 393/165/3 391/166/3 80/166/3
f 223/167/1 156/168/1 550/162/1 532/161/1
f 156/168/1 264/30/1 163/169/1 550/162/1
f 153/58/1 549/170/1 531/171/1 219/172/1
f 261/57/1 73/96/1 549/170/1 153/58/1
f 73/96/1 223/167/1 532/161/1 549/170/1
f 70/173/1 548/174/1 113/140/1 265/139/1
f 219/172/1 531/171/1 548/174/1 70/173/1
f 531/171/1 188/164/1 533/175/1 548/174/1
f 217/176/1 152/159/1 547/124/1 536/165/1
f 149/177/1 546/178/1 535/179/1 214/180/1
f 260/46/1 69/45/1 546/178/1 149/177/1
f 69/45/1 217/176/1 536/165/1 546/178/1
f 66/181/1 545/182/1 115/183/1 266/184/1
f 214/180/1 535/179/1 545/182/1 66/181/1
f 535/179/1 187/166/1 537/185/1 545/182/1
f 540/186/1 544/187/1 538/188/1 186/189/1
f 213/190/1 147/191/1 544/187/1 540/186/1
f 147/191/1 267/192/1 166/193/1 544/187/1
f 142/194/1 543/195/1 539/196/1 210/197/1
f 259/198/1 65/199/1 543/195/1 142/194/1
f 65/199/1 213/190/1 540/186/1 543/195/1
f 62/200/1 542/201/1 131/202/1 272/203/1
f 210/197/1 539/196/1 542/201/1 62/200/1
f 539/196/1 186/189/1 541/204/1 542/201/1
f 542/201/1 541/204/1 255/205/1 131/202/1
f 543/195/1 540/186/1 186/189/1 539/196/1
f 544/187/1 166/193/1 233/206/1 538/188/1
f 203/104/1 76/103/1 205/207/1 241/129/1
f 545/182/1 537/185/1 247/208/1 115/183/1
f 546/178/1 536/165/1 187/166/1 535/179/1
f 143/67/1 47/209/1 204/102/1 242/101/1
f 548/174/1 533/175/1 246/134/1 113/140/1
f 549/170/1 532/161/1 188/164/1 531/171/1
f 103/210/1 19/139/1 108/98/1 243/97/1
f 47/209/1 103/210/1 243/97/1 204/102/1
f 76/103/2 355/103/2 356/100/2 202/100/2
f 140/32/5 295/32/5 292/32/5 44/32/5
f 75/109/4 293/109/4 296/118/4 199/118/4
f 201/211/6 297/211/6 293/109/6 75/109/6
f 550/162/1 163/169/1 229/9/1 530/163/1
f 551/155/1 529/158/1 249/212/1 118/156/1
f 552/151/1 528/143/1 189/146/1 527/152/1
f 553/144/1 162/150/1 228/213/1 526/145/1
f 555/137/1 524/130/1 190/133/1 523/138/1
f 556/131/1 173/136/1 240/214/1 522/132/1
f 557/129/1 521/207/1 226/110/1 78/121/1
f 559/117/1 518/106/1 192/109/1 517/118/1
f 560/107/1 157/115/1 224/153/1 516/108/1
f 561/95/1 515/105/1 223/167/1 73/96/1
f 562/90/1 514/84/1 194/87/1 513/91/1
f 563/85/1 174/21/1 245/24/1 512/86/1
f 564/81/1 511/83/1 222/55/1 72/64/1
f 565/79/1 510/70/1 195/73/1 509/82/1
f 566/71/1 154/77/1 221/92/1 508/72/1
f 567/66/1 507/69/1 230/209/1 92/67/1
f 43/215/1 191/82/1 250/81/1 99/80/1
f 568/60/1 506/51/1 196/54/1 505/61/1
f 569/52/1 153/58/1 219/172/1 504/53/1
f 1/32/1 82/78/1 251/79/1 139/216/1
f 139/216/1 251/79/1 191/82/1 43/215/1
f 570/44/1 503/50/1 217/176/1 69/45/1
f 571/42/1 502/38/1 197/49/1 9/48/1
f 572/37/1 181/40/1 254/217/1 18/218/1
f 573/28/1 20/31/1 216/219/1 68/29/1
f 574/22/1 21/13/1 198/16/1 22/23/1
f 575/14/1 150/20/1 215/47/1 23/15/1
f 576/2/1 24/12/1 232/220/1 93/3/1
f 577/221/1 34/222/1 200/11/1 35/10/1
f 578/223/1 149/177/1 214/180/1 36/224/1
f 579/225/1 37/226/1 213/190/1 65/199/1
f 580/227/1 46/228/1 206/229/1 48/230/1
f 581/231/1 177/232/1 248/233/1 49/234/1
f 582/235/1 51/236/1 212/237/1 64/238/1
f 583/239/1 53/240/1 207/241/1 54/242/1
f 584/243/1 144/244/1 211/245/1 56/246/1
f 585/247/1 57/248/1 236/249/1 106/250/1
f 586/251/1 58/252/1 208/253/1 59/254/1
f 183/48/6 341/48/6 340/42/6 257/42/6
f 587/255/1 142/194/1 210/197/1 61/256/1
f 588/257/1 62/200/1 272/203/1 170/258/1
f 590/259/1 117/260/1 267/192/1 147/191/1
f 591/261/1 66/181/1 266/184/1 165/262/1
f 592/263/1 67/43/1 260/46/1 151/264/1
f 593/265/1 130/266/1 271/160/1 152/159/1
f 594/267/1 70/173/1 265/139/1 164/210/1
f 595/268/1 71/94/1 261/57/1 155/56/1
f 596/269/1 112/27/1 264/30/1 156/168/1
f 597/270/1 74/154/1 268/157/1 167/271/1
f 598/272/1 77/141/1 262/114/1 159/111/1
f 599/273/1 110/274/1 263/149/1 161/148/1
f 600/275/1 81/276/1 278/277/1 178/278/1
f 601/279/1 91/1/1 276/4/1 175/135/1
f 603/280/1 102/281/1 282/282/1 182/283/1
f 143/67/2 460/67/2 425/209/2 47/209/2
f 8/7/2 401/7/2 435/8/2 90/8/2
f 47/209/2 425/209/2 443/210/2 103/210/2
f 17/32/2 409/32/2 453/32/2 129/32/2
f 205/207/2 464/207/2 467/129/2 241/129/2
f 89/32/2 434/32/2 401/32/2 8/32/2
f 141/32/2 459/32/2 424/32/2 45/32/2
f 16/32/2 408/32/2 452/32/2 128/32/2
f 88/32/2 433/32/2 400/32/2 7/32/2
f 114/159/2 445/159/2 405/160/2 13/160/2
f 45/32/2 424/32/2 442/32/2 101/32/2
f 44/32/2 423/32/2 458/32/2 140/32/2
f 15/32/2 407/32/2 451/32/2 127/32/2
f 87/32/2 432/32/2 399/32/2 6/32/2
f 44/32/2 423/32/2 441/32/2 100/32/2
f 14/32/2 406/32/2 450/32/2 126/32/2
f 86/32/2 431/32/2 398/32/2 5/32/2
f 138/32/2 457/32/2 422/32/2 42/32/2
f 13/32/2 405/32/2 449/32/2 125/32/2
f 85/32/2 430/32/2 396/32/2 3/32/2
f 42/32/2 422/32/2 439/32/2 98/32/2
f 12/32/2 404/32/2 448/32/2 124/32/2
f 84/32/2 429/32/2 397/32/2 4/32/2
f 136/32/2 456/32/2 421/32/2 40/32/2
f 11/32/2 403/32/2 447/32/2 123/32/2
f 2/32/2 395/32/2 428/32/2 83/32/2
f 40/32/2 421/32/2 438/32/2 96/32/2
f 10/32/2 402/32/2 446/32/2 122/32/2
f 135/32/2 455/32/2 420/32/2 39/32/2
f 39/32/2 420/32/2 437/32/2 95/32/2
f 19/139/2 410/139/2 444/98/2 108/98/2
f 134/32/2 454/32/2 419/32/2 38/32/2
f 38/32/2 419/32/2 436/32/2 94/32/2
f 251/79/2 470/79/2 462/82/2 191/82/2
f 343/125/2 496/125/2 495/126/2 342/126/2
f 82/78/2 427/78/2 470/79/2 251/79/2
f 284/272/2 489/272/2 464/207/2 205/207/2
f 342/126/2 495/126/2 497/6/2 344/6/2
f 231/124/2 466/124/2 465/127/2 218/127/2
f 148/141/2 461/141/2 489/272/2 284/272/2
f 231/124/2 466/124/2 445/159/2 114/159/2
f 103/210/2 443/210/2 410/139/2 19/139/2
f 129/32/2 453/32/2 418/32/2 33/32/2
f 33/32/2 418/32/2 434/32/2 89/32/2
f 128/32/2 452/32/2 417/32/2 32/32/2
f 4/32/2 397/32/2 459/32/2 141/32/2
f 191/82/2 462/82/2 469/81/2 250/81/2
f 101/32/2 442/32/2 409/32/2 17/32/2
f 32/32/2 417/32/2 433/32/2 88/32/2
f 127/32/2 451/32/2 416/32/2 31/32/2
f 140/32/2 458/32/2 395/32/2 2/32/2
f 250/81/2 469/81/2 440/80/2 99/80/2
f 100/32/2 441/32/2 408/32/2 16/32/2
f 31/32/2 416/32/2 432/32/2 87/32/2
f 126/32/2 450/32/2 415/32/2 30/32/2
f 30/32/2 415/32/2 431/32/2 86/32/2
f 111/56/6 299/56/6 301/268/6 281/268/6
f 99/32/2 440/32/2 407/32/2 15/32/2
f 125/32/2 449/32/2 414/32/2 29/32/2
f 3/32/2 396/32/2 457/32/2 138/32/2
f 29/32/2 414/32/2 430/32/2 85/32/2
f 98/32/2 439/32/2 406/32/2 14/32/2
f 124/32/2 448/32/2 413/32/2 28/32/2
f 202/100/1 52/99/1 148/141/1 284/272/1
f 76/103/1 202/100/1 284/272/1 205/207/1
f 28/32/2 413/32/2 429/32/2 84/32/2
f 90/8/2 435/8/2 493/5/2 288/5/2
f 123/32/2 447/32/2 412/32/2 27/32/2
f 366/97/2 501/97/2 499/100/2 364/100/2
f 7/32/2 400/32/2 456/32/2 136/32/2
f 203/104/2 463/104/2 468/101/2 242/101/2
f 83/32/2 428/32/2 412/32/2 27/32/2
f 96/32/2 438/32/2 404/32/2 12/32/2
f 288/5/2 493/5/2 465/127/2 218/127/2
f 122/32/2 446/32/2 411/32/2 26/32/2
f 218/127/1 41/126/1 137/6/1 288/5/1
f 365/102/2 500/102/2 501/97/2 366/97/2
f 52/99/2 426/99/2 461/141/2 148/141/2
f 6/32/2 399/32/2 455/32/2 135/32/2
f 242/101/2 468/101/2 460/67/2 143/67/2
f 26/32/2 411/32/2 427/32/2 82/32/2
f 298/284/1 297/211/1 292/285/1 295/286/1
f 296/118/1 293/109/1 297/211/1 298/284/1
f 291/119/1 296/118/1 298/284/1 294/287/1
f 294/287/1 298/284/1 295/286/1 290/288/1
f 44/285/6 292/285/6 297/211/6 201/211/6
f 199/118/4 296/118/4 291/119/4 27/119/4
f 2/32/5 290/32/5 295/32/5 140/32/5
f 27/32/3 291/32/3 294/32/3 83/32/3
f 300/83/3 304/83/3 302/55/3 244/55/3
f 281/268/4 301/268/4 300/83/4 193/83/4
f 55/55/5 244/55/5 299/56/5 111/56/5
f 193/83/3 300/83/3 244/55/3 55/55/3
f 304/83/1 305/268/1 303/56/1 302/55/1
f 301/268/4 305/268/4 304/83/4 300/83/4
f 302/55/3 377/55/3 375/55/3 244/55/3
f 303/56/5 308/56/5 306/56/5 299/56/5
f 306/56/6 308/56/6 309/268/6 307/268/6
f 305/268/1 309/268/1 308/56/1 303/56/1
f 299/56/2 306/56/2 307/268/2 301/268/2
f 301/268/4 307/268/4 309/268/4 305/268/4
f 312/289/2 318/289/2 319/33/2 313/33/2
f 119/34/5 311/34/5 310/198/5 25/198/5
f 25/198/6 310/198/6 312/289/6 160/289/6
f 160/289/4 312/289/4 313/33/4 275/33/4
f 316/289/4 382/289/4 383/33/4 317/33/4
f 311/34/5 315/34/5 314/198/5 310/198/5
f 313/33/3 317/33/3 315/34/3 311/34/3
f 310/198/6 314/198/6 316/289/6 312/289/6
f 321/33/5 327/33/5 326/289/5 320/289/5
f 316/289/6 320/289/6 318/289/6 312/289/6
f 313/33/3 319/33/3 321/33/3 317/33/3
f 317/33/1 321/33/1 320/289/1 316/289/1
f 319/33/2 345/33/2 346/33/2 321/33/2
f 321/33/2 346/33/2 350/33/2 325/33/2
f 318/289/2 322/289/2 323/33/2 319/33/2
f 320/289/6 324/289/6 322/289/6 318/289/6
f 327/33/1 329/33/1 328/289/1 326/289/1
f 324/289/4 328/289/4 329/33/4 325/33/4
f 320/289/6 326/289/6 328/289/6 324/289/6
f 325/33/3 329/33/3 327/33/3 321/33/3
f 332/112/4 336/112/4 337/113/4 333/113/4
f 146/142/5 331/142/5 330/147/5 50/147/5
f 238/113/3 333/113/3 331/142/3 146/142/3
f 50/147/6 330/147/6 332/112/6 209/112/6
f 337/113/1 336/112/1 334/147/1 335/142/1
f 331/142/5 335/142/5 334/147/5 330/147/5
f 333/113/3 337/113/3 335/142/3 331/142/3
f 332/112/4 313/112/4 317/112/4 336/112/4
f 338/20/1 340/42/1 341/48/1 339/47/1
f 336/112/1 317/112/1 315/147/1 334/147/1
f 334/147/5 315/147/5 311/147/5 330/147/5
f 330/147/2 311/147/2 313/112/2 332/112/2
f 257/42/4 340/42/4 338/20/4 116/20/4
f 116/20/3 338/20/3 339/47/3 60/47/3
f 60/47/5 339/47/5 341/48/5 183/48/5
f 347/289/4 349/289/4 350/33/4 348/33/4
f 346/33/1 352/33/1 354/33/1 350/33/1
f 324/289/2 349/289/2 347/289/2 322/289/2
f 325/33/2 350/33/2 349/289/2 324/289/2
f 41/126/2 342/126/2 344/6/2 137/6/2
f 323/33/2 348/33/2 345/33/2 319/33/2
f 97/125/2 343/125/2 342/126/2 41/126/2
f 322/289/2 347/289/2 348/33/2 323/33/2
f 351/33/3 353/33/3 354/33/3 352/33/3
f 350/33/4 354/33/4 353/33/4 348/33/4
f 348/33/2 353/33/2 351/33/2 345/33/2
f 345/33/5 351/33/5 352/33/5 346/33/5
f 356/100/2 360/100/2 362/97/2 358/97/2
f 202/100/2 356/100/2 358/97/2 243/97/2
f 243/97/2 358/97/2 357/102/2 204/102/2
f 204/102/2 357/102/2 355/103/2 76/103/2
f 362/97/2 366/97/2 365/102/2 361/102/2
f 357/102/2 361/102/2 359/103/2 355/103/2
f 358/97/2 362/97/2 361/102/2 357/102/2
f 355/103/2 359/103/2 360/100/2 356/100/2
f 363/103/5 367/103/5 368/100/5 364/100/5
f 359/103/2 363/103/2 364/100/2 360/100/2
f 360/100/2 364/100/2 366/97/2 362/97/2
f 361/102/2 365/102/2 363/103/2 359/103/2
f 368/100/6 372/100/6 374/97/6 370/97/6
f 364/100/6 368/100/6 370/97/6 366/97/6
f 365/102/3 369/102/3 367/103/3 363/103/3
f 366/97/4 370/97/4 369/102/4 365/102/4
f 373/102/1 374/97/1 372/100/1 371/103/1
f 369/102/3 373/102/3 371/103/3 367/103/3
f 370/97/4 374/97/4 373/102/4 369/102/4
f 367/103/5 371/103/5 372/100/5 368/100/5
f 375/55/5 377/55/5 378/56/5 376/56/5
f 303/56/1 378/56/1 377/55/1 302/55/1
f 299/56/6 376/56/6 378/56/6 303/56/6
f 244/55/2 375/55/2 376/56/2 299/56/2
f 383/33/3 387/33/3 385/34/3 381/34/3
f 315/34/5 381/34/5 380/198/5 314/198/5
f 317/33/3 383/33/3 381/34/3 315/34/3
f 314/198/6 380/198/6 382/289/6 316/289/6
f 387/33/1 386/289/1 384/198/1 385/34/1
f 380/198/6 384/198/6 386/289/6 382/289/6
f 383/33/3 388/33/3 390/33/3 387/33/3
f 381/34/5 385/34/5 384/198/5 380/198/5
f 379/289/4 389/289/4 390/33/4 388/33/4
f 386/289/6 389/289/6 379/289/6 382/289/6
f 382/289/2 379/289/2 388/33/2 383/33/2
f 387/33/1 390/33/1 389/289/1 386/289/1
f 393/165/1 394/124/1 392/127/1 391/166/1
f 80/166/5 391/166/5 392/127/5 218/127/5
f 218/127/6 392/127/6 394/124/6 231/124/6
f 231/124/4 394/124/4 393/165/4 220/165/4
f 95/32/2 437/32/2 403/32/2 11/32/2
f 108/98/2 444/98/2 426/99/2 52/99/2
f 363/103/2 498/103/2 500/102/2 365/102/2
f 5/32/2 398/32/2 454/32/2 134/32/2
f 94/32/2 436/32/2 402/32/2 10/32/2
f 364/100/2 499/100/2 498/103/2 363/103/2
f 241/129/2 467/129/2 463/104/2 203/104/2
f 487/49/2 477/49/2 476/218/2 488/218/2
f 502/38/2 472/38/2 471/37/2 572/37/2
f 494/32/2 473/32/2 475/32/2 491/32/2
f 492/32/2 474/32/2 473/32/2 494/32/2
f 502/38/2 481/38/2 487/49/2 197/49/2
f 197/49/2 487/49/2 488/218/2 18/218/2
f 572/37/2 480/37/2 481/38/2 502/38/2
f 491/32/2 484/32/2 482/32/2 494/32/2
f 18/218/2 488/218/2 480/37/2 572/37/2
f 481/38/1 480/37/1 488/218/1 487/49/1
f 396/32/2 494/32/2 492/32/2 430/32/2
f 457/32/2 491/32/2 494/32/2 396/32/2
f 493/5/2 602/5/2 534/127/2 465/127/2
f 418/32/2 248/32/2 177/32/2 434/32/2
f 436/32/2 172/32/2 274/32/2 402/32/2
f 417/32/2 249/32/2 178/32/2 433/32/2
f 426/99/2 225/99/2 77/141/2 461/141/2
f 416/32/2 252/32/2 179/32/2 432/32/2
f 415/32/2 253/32/2 180/32/2 431/32/2
f 43/215/2 287/215/2 286/216/2 139/216/2
f 414/32/2 254/32/2 181/32/2 430/32/2
f 401/7/2 277/7/2 176/8/2 435/8/2
f 397/32/2 282/32/2 102/32/2 459/32/2
f 413/32/2 255/32/2 182/32/2 429/32/2
f 434/32/2 177/32/2 277/32/2 401/32/2
f 466/124/2 547/124/2 534/127/2 465/127/2
f 458/32/2 104/32/2 285/32/2 395/32/2
f 428/32/2 184/32/2 256/32/2 412/32/2
f 433/32/2 178/32/2 278/32/2 400/32/2
f 466/124/2 547/124/2 152/159/2 445/159/2
f 460/67/2 92/67/2 230/209/2 425/209/2
f 396/32/2 283/32/2 105/32/2 457/32/2
f 411/32/2 258/32/2 185/32/2 427/32/2
f 432/32/2 179/32/2 279/32/2 399/32/2
f 445/159/2 152/159/2 271/160/2 405/160/2
f 400/32/2 278/32/2 106/32/2 456/32/2
f 431/32/2 180/32/2 280/32/2 398/32/2
f 459/32/2 102/32/2 233/32/2 424/32/2
f 399/32/2 279/32/2 107/32/2 455/32/2
f 430/32/2 181/32/2 283/32/2 396/32/2
f 444/98/2 158/98/2 225/99/2 426/99/2
f 423/32/2 234/32/2 104/32/2 458/32/2
f 398/32/2 280/32/2 109/32/2 454/32/2
f 429/32/2 182/32/2 282/32/2 397/32/2
f 457/32/2 105/32/2 235/32/2 422/32/2
f 395/32/2 285/32/2 184/32/2 428/32/2
f 456/32/2 106/32/2 236/32/2 421/32/2
f 455/32/2 107/32/2 237/32/2 420/32/2
f 410/139/2 265/139/2 158/98/2 444/98/2
f 454/32/2 109/32/2 239/32/2 419/32/2
f 470/79/2 565/79/2 509/82/2 462/82/2
f 425/209/2 230/209/2 164/210/2 443/210/2
f 409/32/2 267/32/2 117/32/2 453/32/2
f 463/104/2 520/104/2 558/101/2 468/101/2
f 427/78/2 185/78/2 565/79/2 470/79/2
f 489/272/2 598/272/2 521/207/2 464/207/2
f 501/97/2 610/97/2 608/100/2 499/100/2
f 408/32/2 268/32/2 118/32/2 452/32/2
f 468/101/2 558/101/2 92/67/2 460/67/2
f 461/141/2 77/141/2 598/272/2 489/272/2
f 500/102/2 609/102/2 610/97/2 501/97/2
f 424/32/2 233/32/2 166/32/2 442/32/2
f 407/32/2 269/32/2 120/32/2 451/32/2
f 139/216/2 286/216/2 289/32/2 1/32/2
f 498/103/2 607/103/2 609/102/2 500/102/2
f 423/32/2 234/32/2 167/32/2 441/32/2
f 406/32/2 270/32/2 121/32/2 450/32/2
f 462/82/2 509/82/2 564/81/2 469/81/2
f 499/100/2 608/100/2 607/103/2 498/103/2
f 422/32/2 235/32/2 169/32/2 439/32/2
f 443/210/2 164/210/2 265/139/2 410/139/2
f 453/32/2 117/32/2 248/32/2 418/32/2
f 405/32/2 271/32/2 130/32/2 449/32/2
f 467/129/2 557/129/2 520/104/2 463/104/2
f 469/81/2 564/81/2 168/80/2 440/80/2
f 496/125/2 605/125/2 604/126/2 495/126/2
f 421/32/2 236/32/2 170/32/2 438/32/2
f 452/32/2 118/32/2 249/32/2 417/32/2
f 404/32/2 272/32/2 131/32/2 448/32/2
f 495/126/2 604/126/2 606/6/2 497/6/2
f 420/32/2 237/32/2 171/32/2 437/32/2
f 442/32/2 166/32/2 267/32/2 409/32/2
f 451/32/2 120/32/2 252/32/2 416/32/2
f 403/32/2 273/32/2 132/32/2 447/32/2
f 464/207/2 521/207/2 557/129/2 467/129/2
f 419/32/2 239/32/2 172/32/2 436/32/2
f 441/32/2 167/32/2 268/32/2 408/32/2
f 450/32/2 121/32/2 253/32/2 415/32/2
f 402/32/2 274/32/2 133/32/2 446/32/2
f 440/32/2 168/32/2 269/32/2 407/32/2
f 449/32/2 130/32/2 254/32/2 414/32/2
f 439/32/2 169/32/2 270/32/2 406/32/2
f 448/32/2 131/32/2 255/32/2 413/32/2
f 438/32/2 170/32/2 272/32/2 404/32/2
f 447/32/2 132/32/2 256/32/2 412/32/2
f 435/8/2 176/8/2 602/5/2 493/5/2
f 437/32/2 171/32/2 273/32/2 403/32/2
f 446/32/2 133/32/2 258/32/2 411/32/2
f 68/29/1 216/219/1 34/222/1 577/221/1
f 264/30/1 68/29/1 577/221/1 163/169/1
f 163/169/1 577/221/1 35/10/1 229/9/1
f 151/264/1 260/46/1 149/177/1 578/223/1
f 216/219/1 151/264/1 578/223/1 34/222/1
f 34/222/1 578/223/1 36/224/1 200/11/1
f 48/230/1 206/229/1 37/226/1 579/225/1
f 211/245/1 48/230/1 579/225/1 63/289/1
f 63/289/1 579/225/1 65/199/1 259/198/1
f 115/183/1 247/208/1 46/228/1 580/227/1
f 266/184/1 115/183/1 580/227/1 144/244/1
f 144/244/1 580/227/1 48/230/1 211/245/1
f 176/8/1 277/7/1 177/232/1 581/231/1
f 247/208/1 176/8/1 581/231/1 46/228/1
f 46/228/1 581/231/1 49/234/1 206/229/1
f 54/242/1 207/241/1 51/236/1 582/235/1
f 240/214/1 54/242/1 582/235/1 110/274/1
f 110/274/1 582/235/1 64/238/1 263/149/1
f 93/3/1 232/220/1 53/240/1 583/239/1
f 276/4/1 93/3/1 583/239/1 173/136/1
f 173/136/1 583/239/1 54/242/1 240/214/1
f 165/262/1 266/184/1 144/244/1 584/243/1
f 232/220/1 165/262/1 584/243/1 53/240/1
f 53/240/1 584/243/1 56/246/1 207/241/1
f 59/254/1 208/253/1 57/248/1 585/247/1
f 228/213/1 59/254/1 585/247/1 81/276/1
f 81/276/1 585/247/1 106/250/1 278/277/1
f 64/238/1 212/237/1 58/252/1 586/251/1
f 263/149/1 64/238/1 586/251/1 162/150/1
f 162/150/1 586/251/1 59/254/1 228/213/1
f 145/34/1 259/198/1 142/194/1 587/255/1
f 212/237/1 145/34/1 587/255/1 58/252/1
f 58/252/1 587/255/1 61/256/1 208/253/1
f 61/256/1 210/197/1 62/200/1 588/257/1
f 208/253/1 61/256/1 588/257/1 57/248/1
f 57/248/1 588/257/1 170/258/1 236/249/1
f 56/246/1 211/245/1 63/289/1 589/33/1
f 207/241/1 56/246/1 589/33/1 51/236/1
f 51/236/1 589/33/1 145/34/1 212/237/1
f 49/234/1 248/233/1 117/260/1 590/259/1
f 206/229/1 49/234/1 590/259/1 37/226/1
f 37/226/1 590/259/1 147/191/1 213/190/1
f 36/224/1 214/180/1 66/181/1 591/261/1
f 200/11/1 36/224/1 591/261/1 24/12/1
f 24/12/1 591/261/1 165/262/1 232/220/1
f 23/15/1 215/47/1 67/43/1 592/263/1
f 198/16/1 23/15/1 592/263/1 20/31/1
f 20/31/1 592/263/1 151/264/1 216/219/1
f 18/218/1 254/217/1 130/266/1 593/265/1
f 197/49/1 18/218/1 593/265/1 503/50/1
f 503/50/1 593/265/1 152/159/1 217/176/1
f 504/53/1 219/172/1 70/173/1 594/267/1
f 196/54/1 504/53/1 594/267/1 507/69/1
f 507/69/1 594/267/1 164/210/1 230/209/1
f 508/72/1 221/92/1 71/94/1 595/268/1
f 195/73/1 508/72/1 595/268/1 511/83/1
f 512/86/1 245/24/1 112/27/1 596/269/1
f 194/87/1 512/86/1 596/269/1 515/105/1
f 515/105/1 596/269/1 156/168/1 223/167/1
f 516/108/1 224/153/1 74/154/1 597/270/1
f 192/109/1 516/108/1 597/270/1 519/211/1
f 519/211/1 597/270/1 167/271/1 234/285/1
f 521/207/1 598/272/1 159/111/1 226/110/1
f 522/132/1 240/214/1 110/274/1 599/273/1
f 190/133/1 522/132/1 599/273/1 525/112/1
f 525/112/1 599/273/1 161/148/1 227/147/1
f 526/145/1 228/213/1 81/276/1 600/275/1
f 189/146/1 526/145/1 600/275/1 529/158/1
f 529/158/1 600/275/1 178/278/1 249/212/1
f 530/163/1 229/9/1 91/1/1 601/279/1
f 188/164/1 530/163/1 601/279/1 533/175/1
f 533/175/1 601/279/1 175/135/1 246/134/1
f 187/166/1 534/127/1 602/5/1 537/185/1
f 537/185/1 602/5/1 176/8/1 247/208/1
f 538/188/1 233/206/1 102/281/1 603/280/1
f 186/189/1 538/188/1 603/280/1 541/204/1
f 541/204/1 603/280/1 182/283/1 255/205/1
f 145/32/2 259/32/2 63/32/2 589/32/2
f 79/32/2 227/32/2 525/32/2 554/32/2
f 184/32/2 285/32/2 104/32/2 234/32/2 519/32/2 192/32/2 517/32/2 256/32/2
f 607/32/2 608/32/2 610/32/2 609/32/2
f 222/32/2 155/32/2 595/32/2 511/32/2
f 187/32/2 534/32/2 547/32/2 536/32/2
f 9/32/2 571/32/2 150/32/2 215/32/2
f 887/32/1 888/32/1 796/32/1 732/32/1
f 963/32/1 989/32/1 991/32/1 992/32/1
f 906/32/1 905/32/1 703/32/1 793/32/1
f 693/32/1 691/32/1 690/32/1 692/32/1
f 765/32/1 937/32/1 936/32/1 940/32/1 946/32/1 947/32/1 817/32/1 818/32/1
f 1031/32/1 1030/32/1 1028/32/1 955/32/1
f 797/32/1 709/32/1 844/32/1 845/32/1
f 968/204/2 967/205/2 766/283/2 695/280/2
f 966/189/2 968/204/2 695/280/2 980/188/2
f 980/188/2 695/280/2 819/281/2 788/206/2
f 981/185/2 964/208/2 775/8/2 696/5/2
f 963/166/2 981/185/2 696/5/2 992/127/2
f 993/175/2 961/134/2 776/135/2 697/279/2
f 960/164/2 993/175/2 697/279/2 1013/163/2
f 1013/163/2 697/279/2 824/1/2 873/9/2
f 1014/158/2 958/212/2 772/278/2 698/275/2
f 957/146/2 1014/158/2 698/275/2 1026/145/2
f 1026/145/2 698/275/2 826/276/2 849/213/2
f 1028/112/2 955/147/2 1024/148/2 699/273/2
f 954/133/2 1028/112/2 699/273/2 952/132/2
f 952/132/2 699/273/2 810/274/2 857/214/2
f 950/207/2 951/110/2 791/111/2 700/272/2
f 946/211/2 947/285/2 787/271/2 701/270/2
f 940/109/2 946/211/2 701/270/2 935/108/2
f 935/108/2 701/270/2 1015/154/2 956/153/2
f 931/105/2 932/167/2 1011/168/2 702/269/2
f 930/87/2 931/105/2 702/269/2 907/86/2
f 907/86/2 702/269/2 809/27/2 881/24/2
f 904/73/2 905/83/2 703/268/2 902/72/2
f 902/72/2 703/268/2 834/94/2 918/92/2
f 900/69/2 901/209/2 790/210/2 704/267/2
f 899/54/2 900/69/2 704/267/2 893/53/2
f 893/53/2 704/267/2 994/173/2 959/172/2
f 891/50/2 892/176/2 990/159/2 705/265/2
f 890/49/2 891/50/2 705/265/2 886/218/2
f 886/218/2 705/265/2 802/266/2 768/217/2
f 884/31/2 885/219/2 795/264/2 706/263/2
f 883/16/2 884/31/2 706/263/2 879/15/2
f 879/15/2 706/263/2 839/43/2 888/47/2
f 877/12/2 878/220/2 789/262/2 707/261/2
f 875/11/2 877/12/2 707/261/2 871/224/2
f 871/224/2 707/261/2 982/181/2 962/180/2
f 869/226/2 870/190/2 978/191/2 708/259/2
f 868/229/2 869/226/2 708/259/2 863/234/2
f 863/234/2 708/259/2 807/260/2 774/233/2
f 861/236/2 862/237/2 797/34/2 709/33/2
f 860/241/2 861/236/2 709/33/2 855/246/2
f 855/246/2 709/33/2 844/289/2 865/245/2
f 853/248/2 854/249/2 784/258/2 710/257/2
f 852/253/2 853/248/2 710/257/2 847/256/2
f 847/256/2 710/257/2 969/200/2 965/197/2
f 850/252/2 852/253/2 847/256/2 711/255/2
f 862/237/2 850/252/2 711/255/2 797/34/2
f 797/34/2 711/255/2 972/194/2 845/198/2
f 1022/150/2 849/213/2 848/254/2 713/251/2
f 843/149/2 1022/150/2 713/251/2 842/238/2
f 842/238/2 713/251/2 850/252/2 862/237/2
f 826/276/2 827/277/2 814/250/2 714/247/2
f 849/213/2 826/276/2 714/247/2 848/254/2
f 848/254/2 714/247/2 853/248/2 852/253/2
f 858/240/2 860/241/2 855/246/2 715/243/2
f 878/220/2 858/240/2 715/243/2 789/262/2
f 789/262/2 715/243/2 798/244/2 841/184/2
f 778/136/2 857/214/2 856/242/2 716/239/2
f 825/4/2 778/136/2 716/239/2 821/3/2
f 821/3/2 716/239/2 858/240/2 878/220/2
f 810/274/2 843/149/2 842/238/2 717/235/2
f 857/214/2 810/274/2 717/235/2 856/242/2
f 856/242/2 717/235/2 861/236/2 860/241/2
f 866/228/2 868/229/2 863/234/2 719/231/2
f 964/208/2 866/228/2 719/231/2 775/8/2
f 775/8/2 719/231/2 773/232/2 754/7/2
f 798/244/2 865/245/2 864/230/2 720/227/2
f 841/184/2 798/244/2 720/227/2 984/183/2
f 984/183/2 720/227/2 866/228/2 964/208/2
f 844/289/2 845/198/2 973/199/2 721/225/2
f 865/245/2 844/289/2 721/225/2 864/230/2
f 864/230/2 721/225/2 869/226/2 868/229/2
f 874/222/2 875/11/2 871/224/2 722/223/2
f 885/219/2 874/222/2 722/223/2 795/264/2
f 795/264/2 722/223/2 985/177/2 840/46/2
f 1004/169/2 873/9/2 872/10/2 725/221/2
f 838/30/2 1004/169/2 725/221/2 837/29/2
f 837/29/2 725/221/2 874/222/2 885/219/2
f 749/38/2 748/49/2 751/218/2 750/37/2
f 897/127/2 752/5/2 1008/6/2 1007/126/2
f 943/103/2 941/207/2 753/272/2 945/100/2
f 945/100/2 753/272/2 997/141/2 996/99/2
f 695/280/2 766/283/2 820/282/2 819/281/2
f 697/279/2 776/135/2 825/4/2 824/1/2
f 698/275/2 772/278/2 827/277/2 826/276/2
f 699/273/2 1024/148/2 843/149/2 810/274/2
f 700/272/2 791/111/2 830/114/2 1029/141/2
f 701/270/2 787/271/2 831/157/2 1015/154/2
f 702/269/2 1011/168/2 838/30/2 809/27/2
f 703/268/2 793/56/2 835/57/2 834/94/2
f 704/267/2 790/210/2 836/139/2 994/173/2
f 705/265/2 990/159/2 803/160/2 802/266/2
f 706/263/2 795/264/2 840/46/2 839/43/2
f 707/261/2 789/262/2 841/184/2 982/181/2
f 708/259/2 978/191/2 808/192/2 807/260/2
f 710/257/2 784/258/2 846/203/2 969/200/2
f 711/255/2 847/256/2 965/197/2 972/194/2
f 713/251/2 848/254/2 852/253/2 850/252/2
f 714/247/2 814/250/2 854/249/2 853/248/2
f 715/243/2 855/246/2 865/245/2 798/244/2
f 716/239/2 856/242/2 860/241/2 858/240/2
f 717/235/2 842/238/2 862/237/2 861/236/2
f 719/231/2 863/234/2 774/233/2 773/232/2
f 720/227/2 864/230/2 868/229/2 866/228/2
f 721/225/2 973/199/2 870/190/2 869/226/2
f 722/223/2 871/224/2 962/180/2 985/177/2
f 725/221/2 872/10/2 875/11/2 874/222/2
f 727/2/2 821/3/2 878/220/2 877/12/2
f 728/14/2 879/15/2 888/47/2 796/20/2
f 729/22/2 880/23/2 883/16/2 882/13/2
f 730/28/2 837/29/2 885/219/2 884/31/2
f 731/37/2 886/218/2 768/217/2 767/40/2
f 732/42/2 887/48/2 890/49/2 889/38/2
f 733/44/2 986/45/2 892/176/2 891/50/2
f 1006/216/2 1005/215/2 792/82/2 756/79/2
f 1046/32/2 1006/216/2 756/79/2 1047/78/2
f 734/52/2 893/53/2 959/172/2 998/58/2
f 735/60/2 895/61/2 899/54/2 898/51/2
f 1005/215/2 876/80/2 757/81/2 792/82/2
f 736/66/2 822/67/2 901/209/2 900/69/2
f 737/71/2 902/72/2 918/92/2 794/77/2
f 738/79/2 761/82/2 904/73/2 903/70/2
f 739/81/2 832/64/2 906/55/2 905/83/2
f 740/85/2 907/86/2 881/24/2 777/21/2
f 741/90/2 917/91/2 930/87/2 926/84/2
f 742/95/2 999/96/2 932/167/2 931/105/2
f 743/107/2 935/108/2 956/153/2 1018/115/2
f 744/117/2 936/118/2 940/109/2 938/106/2
f 746/129/2 828/121/2 951/110/2 950/207/2
f 747/131/2 952/132/2 857/214/2 778/136/2
f 1039/137/2 1040/138/2 954/133/2 1034/130/2
f 1025/144/2 1026/145/2 849/213/2 1022/150/2
f 1020/151/2 1021/152/2 957/146/2 1023/143/2
f 1016/155/2 1017/156/2 958/212/2 1014/158/2
f 1012/162/2 1013/163/2 873/9/2 1004/169/2
f 1002/209/2 942/102/2 758/97/2 1033/210/2
f 1033/210/2 758/97/2 1027/98/2 1032/139/2
f 1000/170/2 1001/171/2 960/164/2 1010/161/2
f 995/174/2 1038/140/2 961/134/2 993/175/2
f 1003/67/2 759/101/2 942/102/2 1002/209/2
f 987/178/2 988/179/2 963/166/2 989/165/2
f 983/182/2 984/183/2 964/208/2 981/185/2
f 944/104/2 760/129/2 941/207/2 943/103/2
f 979/187/2 980/188/2 788/206/2 976/193/2
f 974/195/2 975/196/2 966/189/2 977/186/2
f 970/201/2 971/202/2 967/205/2 968/204/2
f 975/196/2 970/201/2 968/204/2 966/189/2
f 965/197/2 969/200/2 970/201/2 975/196/2
f 969/200/2 846/203/2 971/202/2 970/201/2
f 973/199/2 974/195/2 977/186/2 870/190/2
f 845/198/2 972/194/2 974/195/2 973/199/2
f 972/194/2 965/197/2 975/196/2 974/195/2
f 978/191/2 979/187/2 976/193/2 808/192/2
f 870/190/2 977/186/2 979/187/2 978/191/2
f 977/186/2 966/189/2 980/188/2 979/187/2
f 988/179/2 983/182/2 981/185/2 963/166/2
f 962/180/2 982/181/2 983/182/2 988/179/2
f 982/181/2 841/184/2 984/183/2 983/182/2
f 986/45/2 987/178/2 989/165/2 892/176/2
f 840/46/2 985/177/2 987/178/2 986/45/2
f 985/177/2 962/180/2 988/179/2 987/178/2
f 892/176/2 989/165/2 991/124/2 990/159/2
f 1001/171/2 995/174/2 993/175/2 960/164/2
f 959/172/2 994/173/2 995/174/2 1001/171/2
f 994/173/2 836/139/2 1038/140/2 995/174/2
f 999/96/2 1000/170/2 1010/161/2 932/167/2
f 835/57/2 998/58/2 1000/170/2 999/96/2
f 998/58/2 959/172/2 1001/171/2 1000/170/2
f 1011/168/2 1012/162/2 1004/169/2 838/30/2
f 932/167/2 1010/161/2 1012/162/2 1011/168/2
f 1010/161/2 960/164/2 1013/163/2 1012/162/2
f 1019/159/2 762/124/2 1036/125/2 1035/160/2
f 1021/152/2 1016/155/2 1014/158/2 957/146/2
f 956/153/2 1015/154/2 1016/155/2 1021/152/2
f 1015/154/2 831/157/2 1017/156/2 1016/155/2
f 1031/142/2 1020/151/2 1023/143/2 955/147/2
f 830/114/2 1018/115/2 1020/151/2 1031/142/2
f 1018/115/2 956/153/2 1021/152/2 1020/151/2
f 1024/148/2 1025/144/2 1022/150/2 843/149/2
f 955/147/2 1023/143/2 1025/144/2 1024/148/2
f 1023/143/2 957/146/2 1026/145/2 1025/144/2
f 1040/138/2 1030/113/2 1028/112/2 954/133/2
f 953/99/2 1029/141/2 1030/113/2 1040/138/2
f 1029/141/2 830/114/2 1031/142/2 1030/113/2
f 1038/140/2 1039/137/2 1034/130/2 961/134/2
f 836/139/2 1037/98/2 1039/137/2 1038/140/2
f 1037/98/2 953/99/2 1040/138/2 1039/137/2
f 776/135/2 747/131/2 778/136/2 825/4/2
f 961/134/2 1034/130/2 747/131/2 776/135/2
f 1034/130/2 954/133/2 952/132/2 747/131/2
f 949/123/2 783/128/2 746/129/2 948/104/2
f 783/128/2 829/120/2 828/121/2 746/129/2
f 762/124/2 897/127/2 1007/126/2 1036/125/2
f 823/68/2 813/122/2 745/101/2 822/67/2
f 813/122/2 949/123/2 948/104/2 745/101/2
f 828/121/2 744/117/2 938/106/2 951/110/2
f 829/120/2 801/116/2 744/117/2 828/121/2
f 801/116/2 937/119/2 936/118/2 744/117/2
f 791/111/2 743/107/2 1018/115/2 830/114/2
f 951/110/2 938/106/2 743/107/2 791/111/2
f 938/106/2 940/109/2 935/108/2 743/107/2
f 917/91/2 742/95/2 931/105/2 930/87/2
f 759/101/2 944/104/2 943/103/2 942/102/2
f 758/97/2 945/100/2 996/99/2 1027/98/2
f 918/92/2 834/94/2 742/95/2 917/91/2
f 834/94/2 835/57/2 999/96/2 742/95/2
f 779/93/2 741/90/2 926/84/2 782/88/2
f 800/76/2 794/77/2 741/90/2 779/93/2
f 794/77/2 918/92/2 917/91/2 741/90/2
f 811/89/2 740/85/2 777/21/2 812/25/2
f 782/88/2 926/84/2 740/85/2 811/89/2
f 926/84/2 930/87/2 907/86/2 740/85/2
f 761/82/2 739/81/2 905/83/2 904/73/2
f 755/80/2 833/63/2 832/64/2 739/81/2
f 763/78/2 738/79/2 903/70/2 764/74/2
f 799/75/2 737/71/2 794/77/2 800/76/2
f 764/74/2 903/70/2 737/71/2 799/75/2
f 903/70/2 904/73/2 902/72/2 737/71/2
f 895/61/2 736/66/2 900/69/2 899/54/2
f 896/62/2 771/65/2 736/66/2 895/61/2
f 771/65/2 823/68/2 822/67/2 736/66/2
f 832/64/2 735/60/2 898/51/2 906/55/2
f 833/63/2 806/59/2 735/60/2 832/64/2
f 806/59/2 896/62/2 895/61/2 735/60/2
f 793/56/2 734/52/2 998/58/2 835/57/2
f 906/55/2 898/51/2 734/52/2 793/56/2
f 898/51/2 899/54/2 893/53/2 734/52/2
f 887/48/2 733/44/2 891/50/2 890/49/2
f 888/47/2 839/43/2 733/44/2 887/48/2
f 839/43/2 840/46/2 986/45/2 733/44/2
f 785/41/2 732/42/2 889/38/2 786/35/2
f 805/19/2 796/20/2 732/42/2 785/41/2
f 815/36/2 731/37/2 767/40/2 816/39/2
f 786/35/2 889/38/2 731/37/2 815/36/2
f 880/23/2 730/28/2 884/31/2 883/16/2
f 881/24/2 809/27/2 730/28/2 880/23/2
f 809/27/2 838/30/2 837/29/2 730/28/2
f 769/26/2 729/22/2 882/13/2 770/17/2
f 812/25/2 777/21/2 729/22/2 769/26/2
f 777/21/2 881/24/2 880/23/2 729/22/2
f 804/18/2 728/14/2 796/20/2 805/19/2
f 770/17/2 882/13/2 728/14/2 804/18/2
f 882/13/2 883/16/2 879/15/2 728/14/2
f 872/10/2 727/2/2 877/12/2 875/11/2
f 873/9/2 824/1/2 727/2/2 872/10/2
f 752/5/2 1045/8/2 1044/7/2 1008/6/2
f 824/1/2 825/4/2 821/3/2 727/2/2
f 642/147/2 685/112/2 1179/112/2 1084/147/2
f 656/32/2 620/32/2 1058/32/2 1104/32/2
f 928/32/2 912/32/2 1415/32/2 1431/32/2
f 655/32/2 619/32/2 1057/32/2 1103/32/2
f 679/142/2 642/147/2 1084/147/2 1147/142/2
f 1009/37/2 908/37/2 1411/37/2 1452/37/2
f 654/32/2 618/32/2 1056/32/2 1102/32/2
f 909/38/2 939/38/2 1442/38/2 1412/38/2
f 925/218/2 913/218/2 1416/218/2 1428/218/2
f 914/49/2 924/49/2 1427/49/2 1417/49/2
f 641/32/2 661/32/2 1109/32/2 1082/32/2
f 922/32/2 916/32/2 1419/32/2 1425/32/2
f 640/32/2 660/32/2 1108/32/2 1081/32/2
f 678/32/2 641/32/2 1082/32/2 1145/32/2
f 923/32/2 915/32/2 1418/32/2 1426/32/2
f 653/32/2 617/32/2 1055/32/2 1099/32/2
f 639/215/2 659/80/2 1107/80/2 1080/215/2
f 640/285/2 684/211/2 1174/211/2 1081/285/2
f 652/32/2 616/32/2 1054/32/2 1098/32/2
f 638/32/2 658/32/2 1106/32/2 1079/32/2
f 651/32/2 615/32/2 1053/32/2 1097/32/2
f 677/32/2 638/32/2 1079/32/2 1142/32/2
f 683/118/2 628/119/2 1068/119/2 1173/118/2
f 650/32/2 614/32/2 1052/32/2 1096/32/2
f 681/48/2 694/42/2 1205/42/2 1167/48/2
f 637/32/2 656/32/2 1104/32/2 1077/32/2
f 649/32/2 612/32/2 1050/32/2 1095/32/2
f 636/32/2 655/32/2 1103/32/2 1076/32/2
f 675/32/2 637/32/2 1077/32/2 1140/32/2
f 648/32/2 613/32/2 1051/32/2 1094/32/2
f 694/42/2 663/20/2 1120/20/2 1205/42/2
f 635/32/2 654/32/2 1102/32/2 1075/32/2
f 674/32/2 636/32/2 1076/32/2 1139/32/2
f 688/124/2 687/165/2 1181/165/2 1184/124/2
f 673/32/2 635/32/2 1075/32/2 1138/32/2
f 647/78/2 611/32/2 1048/32/2 1092/78/2
f 781/6/2 934/6/2 1437/6/2 1284/6/2
f 780/125/2 657/125/2 1105/125/2 1283/125/2
f 682/83/2 643/55/2 1086/55/2 1171/83/2
f 613/32/2 678/32/2 1145/32/2 1051/32/2
f 634/32/2 653/32/2 1099/32/2 1074/32/2
f 633/32/2 652/32/2 1098/32/2 1073/32/2
f 672/32/2 634/32/2 1074/32/2 1133/32/2
f 662/56/2 718/268/2 1221/268/2 1118/56/2
f 676/6/2 781/6/2 1284/6/2 1141/6/2
f 933/125/2 780/125/2 1283/125/2 1436/125/2
f 632/32/2 651/32/2 1097/32/2 1072/32/2
f 671/32/2 633/32/2 1073/32/2 1132/32/2
f 612/32/2 677/32/2 1142/32/2 1050/32/2
f 631/32/2 650/32/2 1096/32/2 1071/32/2
f 670/32/2 632/32/2 1072/32/2 1131/32/2
f 718/268/2 682/83/2 1171/83/2 1221/268/2
f 617/7/2 676/6/2 1141/6/2 1055/7/2
f 934/6/2 1043/6/2 1457/6/2 1437/6/2
f 630/32/2 649/32/2 1095/32/2 1070/32/2
f 669/32/2 631/32/2 1071/32/2 1130/32/2
f 616/32/2 675/32/2 1140/32/2 1054/32/2
f 629/32/2 648/32/2 1094/32/2 1069/32/2
f 668/32/2 630/32/2 1070/32/2 1129/32/2
f 615/32/2 674/32/2 1139/32/2 1053/32/2
f 667/32/2 629/32/2 1069/32/2 1128/32/2
f 614/32/2 673/32/2 1138/32/2 1052/32/2
f 627/32/2 647/32/2 1092/32/2 1067/32/2
f 724/215/2 639/215/2 1080/215/2 1227/215/2
f 666/32/2 628/32/2 1068/32/2 1127/32/2
f 665/32/2 627/32/2 1067/32/2 1126/32/2
f 1042/125/2 933/125/2 1436/125/2 1456/125/2
f 644/47/2 681/48/2 1167/48/2 1087/47/2
f 928/32/2 894/32/2 1397/32/2 1431/32/2
f 664/34/2 626/198/2 1066/198/2 1123/34/2
f 723/216/2 724/215/2 1227/215/2 1226/216/2
f 625/32/2 672/32/2 1133/32/2 1063/32/2
f 867/32/2 929/32/2 1432/32/2 1370/32/2
f 726/32/2 723/216/2 1226/216/2 1229/32/2
f 624/32/2 671/32/2 1132/32/2 1062/32/2
f 1009/32/2 927/32/2 1430/32/2 1452/32/2
f 623/32/2 670/32/2 1131/32/2 1061/32/2
f 622/32/2 669/32/2 1130/32/2 1060/32/2
f 621/32/2 668/32/2 1129/32/2 1059/32/2
f 919/32/2 921/32/2 1424/32/2 1422/32/2
f 620/32/2 667/32/2 1128/32/2 1058/32/2
f 920/32/2 919/32/2 1422/32/2 1423/32/2
f 619/32/2 666/32/2 1127/32/2 1057/32/2
f 689/113/2 679/142/2 1147/142/2 1190/113/2
f 618/32/2 665/32/2 1126/32/2 1056/32/2
f 929/32/2 920/32/2 1423/32/2 1432/32/2
f 685/112/2 689/113/2 1190/113/2 1179/112/2
f 611/32/2 726/32/2 1229/32/2 1048/32/2
f 687/165/2 646/166/2 1091/166/2 1181/165/2
f 921/32/2 928/32/2 1431/32/2 1424/32/2
f 663/20/2 644/47/2 1087/47/2 1120/20/2
f 646/166/2 686/127/2 1180/127/2 1091/166/2
f 712/33/2 664/34/2 1123/34/2 1216/33/2
f 851/32/2 923/32/2 1426/32/2 1354/32/2
f 859/32/2 922/32/2 1425/32/2 1362/32/2
f 680/289/2 712/33/2 1216/33/2 1151/289/2
f 1041/126/2 1042/125/2 1456/125/2 1455/126/2
f 913/218/2 914/49/2 1417/49/2 1416/218/2
f 661/32/2 625/32/2 1063/32/2 1109/32/2
f 643/55/2 662/56/2 1118/56/2 1086/55/2
f 1043/6/2 1041/126/2 1455/126/2 1457/6/2
f 912/32/2 910/32/2 1413/32/2 1415/32/2
f 660/32/2 624/32/2 1062/32/2 1108/32/2
f 910/32/2 911/32/2 1414/32/2 1413/32/2
f 659/32/2 623/32/2 1061/32/2 1107/32/2
f 626/198/2 680/289/2 1151/289/2 1066/198/2
f 684/211/2 645/109/2 1088/109/2 1174/211/2
f 908/37/2 909/38/2 1412/38/2 1411/37/2
f 658/32/2 622/32/2 1060/32/2 1106/32/2
f 657/125/2 621/160/2 1059/160/2 1105/125/2
f 911/32/2 929/32/2 1432/32/2 1414/32/2
f 645/109/2 683/118/2 1173/118/2 1088/109/2
f 123/32/2 27/32/2 628/32/2 666/32/2
f 605/125/2 496/125/2 933/125/2 1042/125/2
f 26/32/2 82/32/2 647/32/2 627/32/2
f 5/32/2 134/32/2 673/32/2 614/32/2
f 124/32/2 28/32/2 629/32/2 667/32/2
f 287/215/2 43/215/2 639/215/2 724/215/2
f 6/32/2 135/32/2 674/32/2 615/32/2
f 125/32/2 29/32/2 630/32/2 668/32/2
f 28/32/2 84/32/2 648/32/2 629/32/2
f 7/32/2 136/32/2 675/32/2 616/32/2
f 126/32/2 30/32/2 631/32/2 669/32/2
f 29/32/2 85/32/2 649/32/2 630/32/2
f 8/7/2 137/6/2 676/6/2 617/7/2
f 127/32/2 31/32/2 632/32/2 670/32/2
f 30/32/2 86/32/2 650/32/2 631/32/2
f 3/32/2 138/32/2 677/32/2 612/32/2
f 128/32/2 32/32/2 633/32/2 671/32/2
f 497/6/2 606/6/2 1043/6/2 934/6/2
f 31/32/2 87/32/2 651/32/2 632/32/2
f 281/268/2 193/83/2 682/83/2 718/268/2
f 496/125/2 343/125/2 780/125/2 933/125/2
f 129/32/2 33/32/2 634/32/2 672/32/2
f 32/32/2 88/32/2 652/32/2 633/32/2
f 137/6/2 344/6/2 781/6/2 676/6/2
f 33/32/2 89/32/2 653/32/2 634/32/2
f 111/56/2 281/268/2 718/268/2 662/56/2
f 4/32/2 141/32/2 678/32/2 613/32/2
f 193/83/2 55/55/2 643/55/2 682/83/2
f 344/6/2 497/6/2 934/6/2 781/6/2
f 343/125/2 97/125/2 657/125/2 780/125/2
f 82/78/2 1/32/2 611/32/2 647/78/2
f 134/32/2 38/32/2 635/32/2 673/32/2
f 231/124/2 220/165/2 687/165/2 688/124/2
f 135/32/2 39/32/2 636/32/2 674/32/2
f 38/32/2 94/32/2 654/32/2 635/32/2
f 257/42/2 116/20/2 663/20/2 694/42/2
f 84/32/2 4/32/2 613/32/2 648/32/2
f 136/32/2 40/32/2 637/32/2 675/32/2
f 39/32/2 95/32/2 655/32/2 636/32/2
f 85/32/2 3/32/2 612/32/2 649/32/2
f 40/32/2 96/32/2 656/32/2 637/32/2
f 183/48/2 257/42/2 694/42/2 681/48/2
f 86/32/2 5/32/2 614/32/2 650/32/2
f 199/118/2 27/119/2 628/119/2 683/118/2
f 138/32/2 42/32/2 638/32/2 677/32/2
f 87/32/2 6/32/2 615/32/2 651/32/2
f 42/32/2 98/32/2 658/32/2 638/32/2
f 88/32/2 7/32/2 616/32/2 652/32/2
f 44/285/2 201/211/2 684/211/2 640/285/2
f 43/215/2 99/80/2 659/80/2 639/215/2
f 89/32/2 8/32/2 617/32/2 653/32/2
f 141/32/2 45/32/2 641/32/2 678/32/2
f 44/32/2 100/32/2 660/32/2 640/32/2
f 486/32/2 478/32/2 915/32/2 923/32/2
f 45/32/2 101/32/2 661/32/2 641/32/2
f 485/32/2 479/32/2 916/32/2 922/32/2
f 477/49/2 487/49/2 924/49/2 914/49/2
f 488/218/2 476/218/2 913/218/2 925/218/2
f 94/32/2 10/32/2 618/32/2 654/32/2
f 146/142/2 50/147/2 642/147/2 679/142/2
f 472/38/2 502/38/2 939/38/2 909/38/2
f 95/32/2 11/32/2 619/32/2 655/32/2
f 572/37/2 471/37/2 908/37/2 1009/37/2
f 96/32/2 12/32/2 620/32/2 656/32/2
f 50/147/2 209/112/2 685/112/2 642/147/2
f 75/109/2 199/118/2 683/118/2 645/109/2
f 491/32/2 475/32/2 912/32/2 928/32/2
f 97/125/2 13/160/2 621/160/2 657/125/2
f 474/32/2 492/32/2 929/32/2 911/32/2
f 98/32/2 14/32/2 622/32/2 658/32/2
f 201/211/2 75/109/2 645/109/2 684/211/2
f 25/198/2 160/289/2 680/289/2 626/198/2
f 99/32/2 15/32/2 623/32/2 659/32/2
f 471/37/2 472/38/2 909/38/2 908/37/2
f 100/32/2 16/32/2 624/32/2 660/32/2
f 473/32/2 474/32/2 911/32/2 910/32/2
f 55/55/2 111/56/2 662/56/2 643/55/2
f 101/32/2 17/32/2 625/32/2 661/32/2
f 475/32/2 473/32/2 910/32/2 912/32/2
f 606/6/2 604/126/2 1041/126/2 1043/6/2
f 476/218/2 477/49/2 914/49/2 913/218/2
f 604/126/2 605/125/2 1042/125/2 1041/126/2
f 160/289/2 275/33/2 712/33/2 680/289/2
f 422/32/2 485/32/2 922/32/2 859/32/2
f 414/32/2 486/32/2 923/32/2 851/32/2
f 80/166/2 218/127/2 686/127/2 646/166/2
f 116/20/2 60/47/2 644/47/2 663/20/2
f 275/33/2 119/34/2 664/34/2 712/33/2
f 220/165/2 80/166/2 646/166/2 687/165/2
f 484/32/2 491/32/2 928/32/2 921/32/2
f 1/32/2 289/32/2 726/32/2 611/32/2
f 209/112/2 238/113/2 689/113/2 685/112/2
f 492/32/2 483/32/2 920/32/2 929/32/2
f 10/32/2 122/32/2 665/32/2 618/32/2
f 238/113/2 146/142/2 679/142/2 689/113/2
f 11/32/2 123/32/2 666/32/2 619/32/2
f 12/32/2 124/32/2 667/32/2 620/32/2
f 483/32/2 482/32/2 919/32/2 920/32/2
f 13/32/2 125/32/2 668/32/2 621/32/2
f 482/32/2 484/32/2 921/32/2 919/32/2
f 14/32/2 126/32/2 669/32/2 622/32/2
f 15/32/2 127/32/2 670/32/2 623/32/2
f 16/32/2 128/32/2 671/32/2 624/32/2
f 289/32/2 286/216/2 723/216/2 726/32/2
f 572/32/2 490/32/2 927/32/2 1009/32/2
f 17/32/2 129/32/2 672/32/2 625/32/2
f 286/216/2 287/215/2 724/215/2 723/216/2
f 119/34/2 25/198/2 626/198/2 664/34/2
f 430/32/2 492/32/2 929/32/2 867/32/2
f 491/32/2 457/32/2 894/32/2 928/32/2
f 60/47/2 183/48/2 681/48/2 644/47/2
f 122/32/2 26/32/2 627/32/2 665/32/2
f 1434/32/2 1432/32/2 1423/32/2 1422/32/2
f 1216/33/6 1123/34/6 1251/34/6 1253/33/6
f 1093/32/6 1049/32/6 1230/32/6 1234/32/6
f 1179/112/5 1190/113/5 1273/113/5 1272/112/5
f 1181/165/6 1091/166/6 1331/166/6 1333/165/6
f 1089/103/2 1175/100/2 1296/100/2 1295/103/2
f 1144/32/4 1081/32/4 1232/32/4 1235/32/4
f 1088/109/5 1173/118/5 1236/118/5 1233/109/5
f 1174/211/3 1088/109/3 1233/109/3 1237/211/3
f 1210/32/3 1124/32/3 806/32/3 833/32/3
f 1198/81/6 1170/82/6 792/82/6 757/81/6
f 1203/32/5 1166/32/5 766/32/5 967/32/5
f 1116/98/6 1065/139/6 1032/139/6 1027/98/6
f 1209/32/5 1122/32/5 1017/32/5 831/32/5
f 1107/80/5 1198/81/5 757/81/5 876/80/5
f 1228/5/3 1100/8/3 1045/8/3 752/5/3
f 1208/32/6 1121/32/6 807/32/6 808/32/6
f 1110/32/6 1185/32/6 788/32/6 819/32/6
f 1202/32/6 1165/32/6 767/32/6 768/32/6
f 1180/127/3 1228/5/3 752/5/3 897/127/3
f 1159/32/4 1215/32/4 800/32/4 779/32/4
f 1421/38/3 1427/49/3 748/49/3 749/38/3
f 1158/32/3 1214/32/3 829/32/3 783/32/3
f 1101/67/5 1183/209/5 901/209/5 822/67/5
f 1427/49/5 1428/218/5 751/218/5 748/49/5
f 1201/32/4 1164/32/4 769/32/4 770/32/4
f 1157/32/5 1213/32/5 846/32/5 784/32/5
f 1447/124/6 1149/159/6 990/159/6 991/124/6
f 1200/32/3 1163/32/3 771/32/3 896/32/3
f 1065/139/4 1111/210/4 1033/210/4 1032/139/4
f 1167/48/3 1205/42/3 1280/42/3 1281/48/3
f 1156/32/4 1211/32/4 805/32/4 785/32/4
f 1447/124/3 1446/127/3 992/127/3 991/124/3
f 1197/32/5 1162/32/5 772/32/5 958/32/5
f 1155/32/3 1210/32/3 833/32/3 755/32/3
f 1220/32/4 1117/32/4 811/32/4 812/32/4
f 1420/37/4 1421/38/4 749/38/4 750/37/4
f 1196/32/6 1161/32/6 773/32/6 774/32/6
f 1154/32/5 1209/32/5 831/32/5 787/32/5
f 1219/32/3 1115/32/3 813/32/3 823/32/3
f 1428/218/6 1420/37/6 750/37/6 751/218/6
f 1153/32/6 1208/32/6 808/32/6 976/32/6
f 1218/32/5 1114/32/5 814/32/5 827/32/5
f 1182/99/3 1090/141/3 1029/141/3 953/99/3
f 1152/210/5 1207/139/5 836/139/5 790/210/5
f 1085/99/6 1116/98/6 1027/98/6 996/99/6
f 1146/67/2 1083/209/2 1365/209/2 1400/67/2
f 1055/7/2 1100/8/2 1375/8/2 1341/7/2
f 1083/209/2 1111/210/2 1383/210/2 1365/209/2
f 1063/32/2 1133/32/2 1393/32/2 1349/32/2
f 1178/207/2 1192/129/2 1407/129/2 1404/207/2
f 1099/32/2 1055/32/2 1341/32/2 1374/32/2
f 1145/32/2 1082/32/2 1364/32/2 1399/32/2
f 1062/32/2 1132/32/2 1392/32/2 1348/32/2
f 1098/32/2 1054/32/2 1340/32/2 1373/32/2
f 1119/159/2 1059/160/2 1345/160/2 1385/159/2
f 1082/32/2 1109/32/2 1382/32/2 1364/32/2
f 1081/32/2 1144/32/2 1398/32/2 1363/32/2
f 1061/32/2 1131/32/2 1391/32/2 1347/32/2
f 1097/32/2 1053/32/2 1339/32/2 1372/32/2
f 1081/32/2 1108/32/2 1381/32/2 1363/32/2
f 1060/32/2 1130/32/2 1390/32/2 1346/32/2
f 1096/32/2 1052/32/2 1338/32/2 1371/32/2
f 1142/32/2 1079/32/2 1362/32/2 1397/32/2
f 1059/32/2 1129/32/2 1389/32/2 1345/32/2
f 1095/32/2 1050/32/2 1336/32/2 1370/32/2
f 1079/32/2 1106/32/2 1379/32/2 1362/32/2
f 1058/32/2 1128/32/2 1388/32/2 1344/32/2
f 1094/32/2 1051/32/2 1337/32/2 1369/32/2
f 1140/32/2 1077/32/2 1361/32/2 1396/32/2
f 1057/32/2 1127/32/2 1387/32/2 1343/32/2
f 1049/32/2 1093/32/2 1368/32/2 1335/32/2
f 1077/32/2 1104/32/2 1378/32/2 1361/32/2
f 1056/32/2 1126/32/2 1386/32/2 1342/32/2
f 1139/32/2 1076/32/2 1360/32/2 1395/32/2
f 1076/32/2 1103/32/2 1377/32/2 1360/32/2
f 1065/139/2 1116/98/2 1384/98/2 1350/139/2
f 1138/32/2 1075/32/2 1359/32/2 1394/32/2
f 1075/32/2 1102/32/2 1376/32/2 1359/32/2
f 1199/79/2 1170/82/2 1402/82/2 1410/79/2
f 1283/125/2 1282/126/2 1435/126/2 1436/125/2
f 1092/78/2 1199/79/2 1410/79/2 1367/78/2
f 1224/272/2 1178/207/2 1404/207/2 1429/272/2
f 1282/126/2 1284/6/2 1437/6/2 1435/126/2
f 1184/124/2 1180/127/2 1405/127/2 1406/124/2
f 1148/141/2 1224/272/2 1429/272/2 1401/141/2
f 1184/124/2 1119/159/2 1385/159/2 1406/124/2
f 1111/210/2 1065/139/2 1350/139/2 1383/210/2
f 1133/32/2 1074/32/2 1358/32/2 1393/32/2
f 1074/32/2 1099/32/2 1374/32/2 1358/32/2
f 1132/32/2 1073/32/2 1357/32/2 1392/32/2
f 1051/32/2 1145/32/2 1399/32/2 1337/32/2
f 1170/82/2 1198/81/2 1409/81/2 1402/82/2
f 1109/32/2 1063/32/2 1349/32/2 1382/32/2
f 1073/32/2 1098/32/2 1373/32/2 1357/32/2
f 1131/32/2 1072/32/2 1356/32/2 1391/32/2
f 1144/32/2 1049/32/2 1335/32/2 1398/32/2
f 1198/81/2 1107/80/2 1380/80/2 1409/81/2
f 1108/32/2 1062/32/2 1348/32/2 1381/32/2
f 1072/32/2 1097/32/2 1372/32/2 1356/32/2
f 1130/32/2 1071/32/2 1355/32/2 1390/32/2
f 1071/32/2 1096/32/2 1371/32/2 1355/32/2
f 1118/56/3 1221/268/3 1241/268/3 1239/56/3
f 1107/32/2 1061/32/2 1347/32/2 1380/32/2
f 1129/32/2 1070/32/2 1354/32/2 1389/32/2
f 1050/32/2 1142/32/2 1397/32/2 1336/32/2
f 1070/32/2 1095/32/2 1370/32/2 1354/32/2
f 1106/32/2 1060/32/2 1346/32/2 1379/32/2
f 1128/32/2 1069/32/2 1353/32/2 1388/32/2
f 1223/32/4 1113/32/4 815/32/4 816/32/4
f 1105/125/6 1059/160/6 1035/160/6 1036/125/6
f 1069/32/2 1094/32/2 1369/32/2 1353/32/2
f 1100/8/2 1228/5/2 1433/5/2 1375/8/2
f 1127/32/2 1068/32/2 1352/32/2 1387/32/2
f 1306/97/2 1304/100/2 1439/100/2 1441/97/2
f 1054/32/2 1140/32/2 1396/32/2 1340/32/2
f 1176/104/2 1193/101/2 1408/101/2 1403/104/2
f 1093/32/2 1068/32/2 1352/32/2 1368/32/2
f 1104/32/2 1058/32/2 1344/32/2 1378/32/2
f 1228/5/2 1180/127/2 1405/127/2 1433/5/2
f 1126/32/2 1067/32/2 1351/32/2 1386/32/2
f 1148/141/6 1085/99/6 996/99/6 997/141/6
f 1305/102/2 1306/97/2 1441/97/2 1440/102/2
f 1085/99/2 1148/141/2 1401/141/2 1366/99/2
f 1053/32/2 1139/32/2 1395/32/2 1339/32/2
f 1193/101/2 1146/67/2 1400/67/2 1408/101/2
f 1067/32/2 1092/32/2 1367/32/2 1351/32/2
f 1238/284/2 1235/286/2 1232/285/2 1237/211/2
f 1236/118/2 1238/284/2 1237/211/2 1233/109/2
f 1231/119/2 1234/287/2 1238/284/2 1236/118/2
f 1234/287/2 1230/288/2 1235/286/2 1238/284/2
f 1081/285/3 1174/211/3 1237/211/3 1232/285/3
f 1173/118/5 1068/119/5 1231/119/5 1236/118/5
f 1049/32/4 1144/32/4 1235/32/4 1230/32/4
f 1068/32/6 1093/32/6 1234/32/6 1231/32/6
f 1240/83/6 1195/55/6 1242/55/6 1244/83/6
f 1221/268/5 1171/83/5 1240/83/5 1241/268/5
f 1086/55/4 1118/56/4 1239/56/4 1195/55/4
f 1171/83/6 1086/55/6 1195/55/6 1240/83/6
f 1244/83/2 1242/55/2 1243/56/2 1245/268/2
f 1241/268/5 1240/83/5 1244/83/5 1245/268/5
f 1242/55/6 1195/55/6 1315/55/6 1317/55/6
f 1243/56/4 1239/56/4 1246/56/4 1248/56/4
f 1246/56/3 1247/268/3 1249/268/3 1248/56/3
f 1245/268/2 1243/56/2 1248/56/2 1249/268/2
f 1239/56/1 1241/268/1 1247/268/1 1246/56/1
f 1241/268/5 1245/268/5 1249/268/5 1247/268/5
f 1252/289/1 1253/33/1 1259/33/1 1258/289/1
f 1123/34/4 1066/198/4 1250/198/4 1251/34/4
f 1066/198/3 1151/289/3 1252/289/3 1250/198/3
f 1151/289/5 1216/33/5 1253/33/5 1252/289/5
f 1256/289/5 1257/33/5 1323/33/5 1322/289/5
f 1251/34/4 1250/198/4 1254/198/4 1255/34/4
f 1253/33/6 1251/34/6 1255/34/6 1257/33/6
f 1250/198/3 1252/289/3 1256/289/3 1254/198/3
f 1261/33/4 1260/289/4 1266/289/4 1267/33/4
f 1256/289/3 1252/289/3 1258/289/3 1260/289/3
f 1253/33/6 1257/33/6 1261/33/6 1259/33/6
f 1257/33/2 1256/289/2 1260/289/2 1261/33/2
f 1259/33/2 1261/33/2 1286/33/2 1285/33/2
f 1261/33/2 1265/33/2 1290/33/2 1286/33/2
f 1258/289/1 1259/33/1 1263/33/1 1262/289/1
f 1260/289/3 1258/289/3 1262/289/3 1264/289/3
f 1267/33/2 1266/289/2 1268/289/2 1269/33/2
f 1264/289/5 1265/33/5 1269/33/5 1268/289/5
f 1260/289/3 1264/289/3 1268/289/3 1266/289/3
f 1265/33/6 1261/33/6 1267/33/6 1269/33/6
f 1272/112/5 1273/113/5 1277/113/5 1276/112/5
f 1147/142/4 1084/147/4 1270/147/4 1271/142/4
f 1190/113/6 1147/142/6 1271/142/6 1273/113/6
f 1084/147/3 1179/112/3 1272/112/3 1270/147/3
f 1277/113/2 1275/142/2 1274/147/2 1276/112/2
f 1271/142/4 1270/147/4 1274/147/4 1275/142/4
f 1273/113/6 1271/142/6 1275/142/6 1277/113/6
f 1272/112/5 1276/112/5 1257/112/5 1253/112/5
f 1278/20/2 1279/47/2 1281/48/2 1280/42/2
f 1276/112/2 1274/147/2 1255/147/2 1257/112/2
f 1274/147/4 1270/147/4 1251/147/4 1255/147/4
f 1270/147/1 1272/112/1 1253/112/1 1251/147/1
f 1205/42/5 1120/20/5 1278/20/5 1280/42/5
f 1120/20/6 1087/47/6 1279/47/6 1278/20/6
f 1087/47/4 1167/48/4 1281/48/4 1279/47/4
f 1287/289/5 1288/33/5 1290/33/5 1289/289/5
f 1286/33/2 1290/33/2 1294/33/2 1292/33/2
f 1264/289/2 1262/289/2 1287/289/2 1289/289/2
f 1265/33/2 1264/289/2 1289/289/2 1290/33/2
f 1078/126/2 1141/6/2 1284/6/2 1282/126/2
f 1263/33/2 1259/33/2 1285/33/2 1288/33/2
f 1105/125/2 1078/126/2 1282/126/2 1283/125/2
f 1262/289/2 1263/33/2 1288/33/2 1287/289/2
f 1291/33/6 1292/33/6 1294/33/6 1293/33/6
f 1290/33/5 1288/33/5 1293/33/5 1294/33/5
f 1288/33/1 1285/33/1 1291/33/1 1293/33/1
f 1285/33/4 1286/33/4 1292/33/4 1291/33/4
f 1296/100/2 1298/97/2 1302/97/2 1300/100/2
f 1175/100/2 1194/97/2 1298/97/2 1296/100/2
f 1194/97/2 1177/102/2 1297/102/2 1298/97/2
f 1177/102/2 1089/103/2 1295/103/2 1297/102/2
f 1302/97/2 1301/102/2 1305/102/2 1306/97/2
f 1297/102/2 1295/103/2 1299/103/2 1301/102/2
f 1298/97/2 1297/102/2 1301/102/2 1302/97/2
f 1295/103/2 1296/100/2 1300/100/2 1299/103/2
f 1303/103/4 1304/100/4 1308/100/4 1307/103/4
f 1299/103/2 1300/100/2 1304/100/2 1303/103/2
f 1300/100/2 1302/97/2 1306/97/2 1304/100/2
f 1301/102/2 1299/103/2 1303/103/2 1305/102/2
f 1308/100/3 1310/97/3 1314/97/3 1312/100/3
f 1304/100/3 1306/97/3 1310/97/3 1308/100/3
f 1305/102/6 1303/103/6 1307/103/6 1309/102/6
f 1306/97/5 1305/102/5 1309/102/5 1310/97/5
f 1313/102/2 1311/103/2 1312/100/2 1314/97/2
f 1309/102/6 1307/103/6 1311/103/6 1313/102/6
f 1310/97/5 1309/102/5 1313/102/5 1314/97/5
f 1307/103/4 1308/100/4 1312/100/4 1311/103/4
f 1315/55/4 1316/56/4 1318/56/4 1317/55/4
f 1243/56/2 1242/55/2 1317/55/2 1318/56/2
f 1239/56/3 1243/56/3 1318/56/3 1316/56/3
f 1195/55/1 1239/56/1 1316/56/1 1315/55/1
f 1323/33/6 1321/34/6 1325/34/6 1327/33/6
f 1255/34/4 1254/198/4 1320/198/4 1321/34/4
f 1257/33/6 1255/34/6 1321/34/6 1323/33/6
f 1254/198/3 1256/289/3 1322/289/3 1320/198/3
f 1327/33/2 1325/34/2 1324/198/2 1326/289/2
f 1320/198/3 1322/289/3 1326/289/3 1324/198/3
f 1323/33/6 1327/33/6 1330/33/6 1328/33/6
f 1321/34/4 1320/198/4 1324/198/4 1325/34/4
f 1319/289/5 1328/33/5 1330/33/5 1329/289/5
f 1326/289/3 1322/289/3 1319/289/3 1329/289/3
f 1322/289/1 1323/33/1 1328/33/1 1319/289/1
f 1327/33/2 1326/289/2 1329/289/2 1330/33/2
f 1333/165/2 1331/166/2 1332/127/2 1334/124/2
f 1091/166/4 1180/127/4 1332/127/4 1331/166/4
f 1180/127/3 1184/124/3 1334/124/3 1332/127/3
f 1184/124/5 1181/165/5 1333/165/5 1334/124/5
f 1103/32/2 1057/32/2 1343/32/2 1377/32/2
f 1116/98/2 1085/99/2 1366/99/2 1384/98/2
f 1303/103/2 1305/102/2 1440/102/2 1438/103/2
f 1052/32/2 1138/32/2 1394/32/2 1338/32/2
f 1102/32/2 1056/32/2 1342/32/2 1376/32/2
f 1304/100/2 1303/103/2 1438/103/2 1439/100/2
f 1192/129/2 1176/104/2 1403/104/2 1407/129/2
f 1427/49/2 1428/218/2 1416/218/2 1417/49/2
f 1442/38/2 1452/37/2 1411/37/2 1412/38/2
f 1434/32/2 1431/32/2 1415/32/2 1413/32/2
f 1432/32/2 1434/32/2 1413/32/2 1414/32/2
f 1442/38/2 1172/49/2 1427/49/2 1421/38/2
f 1172/49/2 1064/218/2 1428/218/2 1427/49/2
f 1452/37/2 1442/38/2 1421/38/2 1420/37/2
f 1431/32/2 1434/32/2 1422/32/2 1424/32/2
f 1064/218/2 1452/37/2 1420/37/2 1428/218/2
f 1112/32/4 1225/32/4 818/32/4 817/32/4
f 1336/32/2 1370/32/2 1432/32/2 1434/32/2
f 1397/32/2 1336/32/2 1434/32/2 1431/32/2
f 1433/5/2 1405/127/2 1446/127/2 1454/5/2
f 1358/32/2 1374/32/2 1161/32/2 1196/32/2
f 1376/32/2 1342/32/2 1215/32/2 1159/32/2
f 1357/32/2 1373/32/2 1162/32/2 1197/32/2
f 1366/99/2 1401/141/2 1090/141/2 1182/99/2
f 1356/32/2 1372/32/2 1163/32/2 1200/32/2
f 1355/32/2 1371/32/2 1164/32/2 1201/32/2
f 1080/215/2 1143/216/2 1226/216/2 1227/215/2
f 1354/32/2 1370/32/2 1165/32/2 1202/32/2
f 1341/7/2 1375/8/2 1160/8/2 1217/7/2
f 1337/32/2 1399/32/2 1110/32/2 1222/32/2
f 1353/32/2 1369/32/2 1166/32/2 1203/32/2
f 1374/32/2 1341/32/2 1217/32/2 1161/32/2
f 1406/124/2 1405/127/2 1446/127/2 1447/124/2
f 1398/32/2 1335/32/2 1225/32/2 1112/32/2
f 1368/32/2 1352/32/2 1204/32/2 1168/32/2
f 1373/32/2 1340/32/2 1218/32/2 1162/32/2
f 1406/124/2 1385/159/2 1149/159/2 1447/124/2
f 1400/67/2 1365/209/2 1183/209/2 1101/67/2
f 1336/32/2 1397/32/2 1113/32/2 1223/32/2
f 1351/32/2 1367/32/2 1169/32/2 1206/32/2
f 1372/32/2 1339/32/2 1219/32/2 1163/32/2
f 1385/159/2 1345/160/2 1212/160/2 1149/159/2
f 1340/32/2 1396/32/2 1114/32/2 1218/32/2
f 1371/32/2 1338/32/2 1220/32/2 1164/32/2
f 1399/32/2 1364/32/2 1185/32/2 1110/32/2
f 1339/32/2 1395/32/2 1115/32/2 1219/32/2
f 1370/32/2 1336/32/2 1223/32/2 1165/32/2
f 1384/98/2 1366/99/2 1182/99/2 1150/98/2
f 1363/32/2 1398/32/2 1112/32/2 1186/32/2
f 1338/32/2 1394/32/2 1117/32/2 1220/32/2
f 1369/32/2 1337/32/2 1222/32/2 1166/32/2
f 1397/32/2 1362/32/2 1187/32/2 1113/32/2
f 1335/32/2 1368/32/2 1168/32/2 1225/32/2
f 1396/32/2 1361/32/2 1188/32/2 1114/32/2
f 1395/32/2 1360/32/2 1189/32/2 1115/32/2
f 1350/139/2 1384/98/2 1150/98/2 1207/139/2
f 1394/32/2 1359/32/2 1191/32/2 1117/32/2
f 1410/79/2 1402/82/2 1443/82/2 1451/79/2
f 1365/209/2 1383/210/2 1152/210/2 1183/209/2
f 1349/32/2 1393/32/2 1121/32/2 1208/32/2
f 1403/104/2 1408/101/2 1449/101/2 1444/104/2
f 1367/78/2 1410/79/2 1451/79/2 1169/78/2
f 1429/272/2 1404/207/2 1445/207/2 1453/272/2
f 1441/97/2 1439/100/2 1459/100/2 1461/97/2
f 1348/32/2 1392/32/2 1122/32/2 1209/32/2
f 1408/101/2 1400/67/2 1101/67/2 1449/101/2
f 1401/141/2 1429/272/2 1453/272/2 1090/141/2
f 1440/102/2 1441/97/2 1461/97/2 1460/102/2
f 1364/32/2 1382/32/2 1153/32/2 1185/32/2
f 1347/32/2 1391/32/2 1124/32/2 1210/32/2
f 1143/216/2 1048/32/2 1229/32/2 1226/216/2
f 1438/103/2 1440/102/2 1460/102/2 1458/103/2
f 1363/32/2 1381/32/2 1154/32/2 1186/32/2
f 1346/32/2 1390/32/2 1125/32/2 1211/32/2
f 1402/82/2 1409/81/2 1450/81/2 1443/82/2
f 1439/100/2 1438/103/2 1458/103/2 1459/100/2
f 1362/32/2 1379/32/2 1156/32/2 1187/32/2
f 1383/210/2 1350/139/2 1207/139/2 1152/210/2
f 1393/32/2 1358/32/2 1196/32/2 1121/32/2
f 1345/32/2 1389/32/2 1134/32/2 1212/32/2
f 1407/129/2 1403/104/2 1444/104/2 1448/129/2
f 1409/81/2 1380/80/2 1155/80/2 1450/81/2
f 1436/125/2 1435/126/2 1455/126/2 1456/125/2
f 1361/32/2 1378/32/2 1157/32/2 1188/32/2
f 1392/32/2 1357/32/2 1197/32/2 1122/32/2
f 1344/32/2 1388/32/2 1135/32/2 1213/32/2
f 1435/126/2 1437/6/2 1457/6/2 1455/126/2
f 1360/32/2 1377/32/2 1158/32/2 1189/32/2
f 1382/32/2 1349/32/2 1208/32/2 1153/32/2
f 1391/32/2 1356/32/2 1200/32/2 1124/32/2
f 1343/32/2 1387/32/2 1136/32/2 1214/32/2
f 1404/207/2 1407/129/2 1448/129/2 1445/207/2
f 1359/32/2 1376/32/2 1159/32/2 1191/32/2
f 1381/32/2 1348/32/2 1209/32/2 1154/32/2
f 1390/32/2 1355/32/2 1201/32/2 1125/32/2
f 1342/32/2 1386/32/2 1137/32/2 1215/32/2
f 1380/32/2 1347/32/2 1210/32/2 1155/32/2
f 1389/32/2 1354/32/2 1202/32/2 1134/32/2
f 1379/32/2 1346/32/2 1211/32/2 1156/32/2
f 1388/32/2 1353/32/2 1203/32/2 1135/32/2
f 1378/32/2 1344/32/2 1213/32/2 1157/32/2
f 1387/32/2 1352/32/2 1204/32/2 1136/32/2
f 1375/8/2 1433/5/2 1454/5/2 1160/8/2
f 1377/32/2 1343/32/2 1214/32/2 1158/32/2
f 1386/32/2 1351/32/2 1206/32/2 1137/32/2
f 1222/32/6 1110/32/6 819/32/6 820/32/6
f 1191/32/4 1159/32/4 779/32/4 782/32/4
f 1461/97/3 1459/100/3 692/100/3 690/97/3
f 1189/32/3 1158/32/3 783/32/3 949/32/3
f 1460/102/5 1461/97/5 690/97/5 691/102/5
f 1188/32/5 1157/32/5 784/32/5 854/32/5
f 1451/79/3 1443/82/3 761/82/3 738/79/3
f 1207/139/3 1150/98/3 1037/98/3 836/139/3
f 1111/210/4 1083/209/4 1002/209/4 1033/210/4
f 1458/103/6 1460/102/6 691/102/6 693/103/6
f 1187/32/4 1156/32/4 785/32/4 786/32/4
f 1169/78/3 1451/79/3 738/79/3 763/78/3
f 1459/100/4 1458/103/4 693/103/4 692/100/4
f 1083/209/4 1146/67/4 1003/67/4 1002/209/4
f 1089/103/6 1177/102/6 942/102/6 943/103/6
f 1186/32/5 1154/32/5 787/32/5 947/32/5
f 1100/8/5 1055/7/5 1044/7/5 1045/8/5
f 1175/100/4 1089/103/4 943/103/4 945/100/4
f 1178/207/5 1224/272/5 753/272/5 941/207/5
f 1443/82/3 1450/81/3 739/81/3 761/82/3
f 1080/215/3 1107/80/3 876/80/3 1005/215/3
f 1224/272/5 1148/141/5 997/141/5 753/272/5
f 1450/81/4 1155/80/4 755/80/4 739/81/4
f 1143/216/3 1080/215/3 1005/215/3 1006/216/3
f 1185/32/6 1153/32/6 976/32/6 788/32/6
f 1078/126/6 1105/125/6 1036/125/6 1007/126/6
f 1149/159/5 1212/160/5 803/160/5 990/159/5
f 1141/6/6 1078/126/6 1007/126/6 1008/6/6
f 1160/8/6 1454/5/6 696/5/6 775/8/6
f 1184/124/3 1180/127/3 897/127/3 762/124/3
f 1183/209/5 1152/210/5 790/210/5 901/209/5
f 1454/5/6 1446/127/6 992/127/6 696/5/6
f 1119/159/3 1184/124/3 762/124/3 1019/159/3
f 1092/78/4 1048/32/4 1046/32/4 1047/78/4
f 1194/97/3 1175/100/3 945/100/3 758/97/3
f 1177/102/5 1194/97/5 758/97/5 942/102/5
f 1048/32/3 1143/216/3 1006/216/3 1046/32/3
f 1193/101/3 1176/104/3 944/104/3 759/101/3
f 1150/98/3 1182/99/3 953/99/3 1037/98/3
f 1137/32/4 1206/32/4 764/32/4 799/32/4
f 1146/67/3 1193/101/3 759/101/3 1003/67/3
f 1136/32/3 1204/32/3 937/32/3 801/32/3
f 1055/7/6 1141/6/6 1008/6/6 1044/7/6
f 1135/32/5 1203/32/5 967/32/5 971/32/5
f 1134/32/6 1202/32/6 768/32/6 802/32/6
f 1125/32/4 1201/32/4 770/32/4 804/32/4
f 1176/104/3 1192/129/3 760/129/3 944/104/3
f 1124/32/3 1200/32/3 896/32/3 806/32/3
f 1122/32/5 1197/32/5 958/32/5 1017/32/5
f 1192/129/5 1178/207/5 941/207/5 760/129/5
f 1121/32/6 1196/32/6 774/32/6 807/32/6
f 1064/218/4 1172/49/4 890/49/4 886/218/4
f 1452/37/3 1064/218/3 886/218/3 731/37/3
f 1453/272/4 1445/207/4 950/207/4 700/272/4
f 1172/49/6 1442/38/6 889/38/6 890/49/6
f 1090/141/4 1453/272/4 700/272/4 1029/141/4
f 1442/38/5 1452/37/5 731/37/5 889/38/5
f 1444/104/6 1449/101/6 745/101/6 948/104/6
f 1225/32/6 1168/32/6 765/32/6 818/32/6
f 1449/101/6 1101/67/6 822/67/6 745/101/6
f 1117/32/4 1191/32/4 782/32/4 811/32/4
f 1166/32/5 1222/32/5 820/32/5 766/32/5
f 1115/32/3 1189/32/3 949/32/3 813/32/3
f 1165/32/6 1223/32/6 816/32/6 767/32/6
f 1114/32/5 1188/32/5 854/32/5 814/32/5
f 1059/160/4 1119/159/4 1019/159/4 1035/160/4
f 1164/32/4 1220/32/4 812/32/4 769/32/4
f 1215/32/4 1137/32/4 799/32/4 800/32/4
f 1448/129/6 1444/104/6 948/104/6 746/129/6
f 1170/82/6 1199/79/6 756/79/6 792/82/6
f 1163/32/3 1219/32/3 823/32/3 771/32/3
f 1214/32/3 1136/32/3 801/32/3 829/32/3
f 1199/79/6 1092/78/6 1047/78/6 756/79/6
f 1162/32/5 1218/32/5 827/32/5 772/32/5
f 1213/32/5 1135/32/5 971/32/5 846/32/5
f 1445/207/4 1448/129/4 746/129/4 950/207/4
f 1161/32/6 1217/32/6 754/32/6 773/32/6
f 1212/32/6 1134/32/6 802/32/6 803/32/6
f 1113/32/4 1187/32/4 786/32/4 815/32/4
f 1206/32/4 1169/32/4 763/32/4 764/32/4
f 1217/7/4 1160/8/4 775/8/4 754/7/4
f 1211/32/4 1125/32/4 804/32/4 805/32/4
f 1186/32/4 1112/32/4 817/32/4 947/32/4
f 1168/32/6 1204/32/6 937/32/6 765/32/6
